timestamp,actual_demand,pred_demand,pred_low,pred_high,supply,DSR,is_event
2023-10-20 15:00:00,79,78.02417728396624,78.02417728396624,83.27154779621685,100,0.7821782178217822,0
2023-10-20 16:00:00,161,161.94897280802883,141.87216673923442,165.3365148534599,90,1.7692307692307692,0
2023-10-20 17:00:00,251,246.86087929555322,223.16979868136536,246.86087929555322,92,2.6989247311827955,0
2023-10-20 18:00:00,327,323.0442035844892,306.5271408401962,354.76213526754054,76,4.246753246753247,0
2023-10-20 19:00:00,291,295.56997265783565,287.8376121674312,302.81569429200584,75,3.8289473684210527,0
2023-10-20 20:00:00,221,223.1017508406539,220.915792868753,241.9590138841412,62,3.507936507936508,0
2023-10-20 21:00:00,150,147.7639918706445,142.30317695043234,153.7532942390557,60,2.459016393442623,0
2023-10-20 22:00:00,70,76.00100819230741,70.84383581712248,83.89264051683332,57,1.206896551724138,0
2023-10-20 23:00:00,45,46.99520530988431,43.088558090365346,50.21495086434633,60,0.7377049180327869,0
2023-10-21 00:00:00,40,40.78483421489551,39.05317877789098,40.78483421489551,52,0.7547169811320755,0
2023-10-21 01:00:00,35,36.11255335608671,35.41856900526563,37.388141969786204,49,0.7,0
2023-10-21 02:00:00,43,42.78158510378862,40.43460169336858,43.897809983103826,52,0.8113207547169812,0
2023-10-21 03:00:00,42,41.58049550296763,39.50068597377961,43.052952403459095,50,0.8235294117647058,0
2023-10-21 04:00:00,34,34.31659146995782,34.31659146995782,35.772130752787426,55,0.6071428571428571,0
2023-10-21 05:00:00,36,36.1258080711554,35.21969602850263,36.31769432129428,57,0.6206896551724138,0
2023-10-21 06:00:00,42,44.956700489810686,44.79201979489628,45.32160404692393,49,0.84,0
2023-10-21 07:00:00,100,100.47946909604862,92.71424275653028,110.12035252430778,67,1.4705882352941178,0
2023-10-21 08:00:00,248,245.9701326109959,226.6182841039547,252.36387915855863,68,3.5942028985507246,0
2023-10-21 09:00:00,303,302.41638020485146,302.41638020485146,328.7570839240621,70,4.267605633802817,0
2023-10-21 10:00:00,242,243.16039153375667,225.41499237483578,243.97630523967703,84,2.847058823529412,0
2023-10-21 11:00:00,109,113.70317111092047,106.84598385875913,124.10281029957068,82,1.313253012048193,0
2023-10-21 12:00:00,135,136.45331236989213,128.07134839030263,140.60007707371264,87,1.5340909090909092,0
2023-10-21 13:00:00,113,113.64482312279009,105.59814136262622,119.44979093293719,86,1.2988505747126438,0
2023-10-21 14:00:00,69,69.94014058152325,63.43199005664338,74.67655786639544,83,0.8214285714285714,0
2023-10-21 15:00:00,89,87.58251499386897,79.97016886575021,91.63591538535783,88,1.0,0
2023-10-21 16:00:00,150,155.4784023160226,149.08499724452903,170.85699117641593,79,1.875,0
2023-10-21 17:00:00,252,252.2236662188433,252.2236662188433,271.71130411945944,69,3.6,0
2023-10-21 18:00:00,391,379.27787274211295,341.4829260544818,382.88186364490895,70,5.507042253521127,0
2023-10-21 19:00:00,374,386.1281875798171,336.54861482497125,454.345564377174,56,6.56140350877193,0
2023-10-21 20:00:00,300,298.4136754023393,271.1890640180824,401.8119808676136,49,6.0,0
2023-10-21 21:00:00,171,175.26904308257824,156.60335208348084,175.26904308257824,57,2.9482758620689653,0
2023-10-21 22:00:00,90,85.98183628390811,78.50726073525108,91.84694541148612,49,1.8,0
2023-10-21 23:00:00,46,50.30041531503104,47.48255163103181,52.955768960405685,46,0.9787234042553192,0
2023-10-22 00:00:00,34,33.42814877263593,32.97701087636148,34.24481112801788,55,0.6071428571428571,0
2023-10-22 01:00:00,35,35.45571877208416,34.8262526554752,36.26600219077173,52,0.660377358490566,0
2023-10-22 02:00:00,41,40.79298252662987,38.74928223976226,41.57122276441874,52,0.7735849056603774,0
2023-10-22 03:00:00,37,37.69049777592669,36.378259725915925,41.60736755406737,52,0.6981132075471698,0
2023-10-22 04:00:00,40,39.08376789670815,38.444272670658115,40.119910155909,54,0.7272727272727273,0
2023-10-22 05:00:00,38,37.8992456216189,37.364312438383635,39.240827871844544,50,0.7450980392156863,0
2023-10-22 06:00:00,44,44.58904643375033,41.25148365771089,46.095207880468244,58,0.7457627118644068,0
2023-10-22 07:00:00,99,100.39008697160266,94.4025892174456,100.50849251969848,55,1.7678571428571428,0
2023-10-22 08:00:00,218,213.86032992573047,195.32051936405136,226.50855644778315,70,3.0704225352112675,0
2023-10-22 09:00:00,268,268.71035265045595,255.71608706637124,280.84707676855396,78,3.392405063291139,0
2023-10-22 10:00:00,208,211.77786953526436,205.51696538986198,227.29958437051064,77,2.6666666666666665,0
2023-10-22 11:00:00,111,109.01845596931705,99.27452215616694,117.38032136006791,79,1.3875,0
2023-10-22 12:00:00,132,130.7641584553738,117.26188985970641,132.34887615900703,93,1.4042553191489362,0
2023-10-22 13:00:00,92,96.26771518225691,94.8867550080512,107.52246190099821,83,1.0952380952380951,0
2023-10-22 14:00:00,70,69.08511967921417,62.65585093189846,75.25273940707726,84,0.8235294117647058,0
2023-10-22 15:00:00,77,76.68785488006515,75.05002390796646,81.2642333284097,89,0.8555555555555555,0
2023-10-22 16:00:00,137,139.60766787344988,130.20169476940154,158.95515119359737,80,1.691358024691358,0
2023-10-22 17:00:00,279,275.7260155954651,263.48532154900096,284.87022744632606,67,4.102941176470588,0
2023-10-22 18:00:00,353,346.04211728742496,321.6785506856072,371.26210562957857,76,4.584415584415584,0
2023-10-22 19:00:00,368,366.40373837430036,344.9421740651106,392.03214057447946,59,6.133333333333334,0
2023-10-22 20:00:00,271,266.85054222161307,264.3765761964978,266.85054222161307,52,5.113207547169812,0
2023-10-22 21:00:00,181,182.8320428203698,155.56876386259123,182.8320428203698,54,3.290909090909091,0
2023-10-22 22:00:00,86,81.8522439100801,73.73224747670939,88.72828867990813,55,1.5357142857142858,0
2023-10-22 23:00:00,48,49.53670836379511,47.147293389339325,53.5272930712112,59,0.8,0
2023-10-23 00:00:00,27,26.56061715952681,26.56061715952681,28.239280353750022,54,0.4909090909090909,0
2023-10-23 01:00:00,29,28.940139120503854,28.090236716654257,29.94159232016818,63,0.453125,0
2023-10-23 02:00:00,24,24.718558555199035,24.304998305640044,25.719173576485378,63,0.375,0
2023-10-23 03:00:00,25,25.102888599194262,24.931289530940592,25.904109810543233,60,0.4098360655737705,0
2023-10-23 04:00:00,25,24.797932479826557,24.797932479826557,26.183529925006887,63,0.390625,0
2023-10-23 05:00:00,23,23.71500144834986,22.123194504511673,25.882953087491998,63,0.359375,0
2023-10-23 06:00:00,35,35.79047612025528,33.29511828410593,36.56764706808169,55,0.625,0
2023-10-23 07:00:00,63,65.26406849314178,59.405475497073176,73.99297898296984,77,0.8076923076923077,0
2023-10-23 08:00:00,159,162.9668426407436,152.18152094917056,181.82956074756135,70,2.23943661971831,0
2023-10-23 09:00:00,229,225.00252613233332,215.13510562503427,228.50432593791902,79,2.8625,0
2023-10-23 10:00:00,153,156.85768432207638,149.3210927075394,172.0413045659093,90,1.6813186813186811,0
2023-10-23 11:00:00,95,90.7055984095175,84.07437069800427,90.7055984095175,108,0.8715596330275229,0
2023-10-23 12:00:00,76,76.95728073225179,73.09737786829841,85.93319886587685,97,0.7755102040816326,0
2023-10-23 13:00:00,88,85.33208884385817,78.48778344278573,85.55530395863244,100,0.8712871287128713,0
2023-10-23 14:00:00,49,46.95477121478641,45.47357435724701,53.36206794565695,108,0.4495412844036697,0
2023-10-23 15:00:00,53,54.97291470886432,51.44820422236156,59.36871178763287,94,0.5578947368421052,0
2023-10-23 16:00:00,141,136.0094379539925,116.83317951814796,138.3880372950181,85,1.6395348837209305,0
2023-10-23 17:00:00,187,186.28242705061254,172.98219666782018,203.52587605152476,83,2.2261904761904763,0
2023-10-23 18:00:00,230,231.14464892566795,223.72320533909428,240.9363831887303,84,2.7058823529411766,0
2023-10-23 19:00:00,220,226.19699856460952,220.49462390927275,248.6286600529868,69,3.142857142857143,0
2023-10-23 20:00:00,184,190.87736411451513,166.54969384455646,203.13736315791093,67,2.7058823529411766,0
2023-10-23 21:00:00,112,116.66247945766193,106.75807170196127,126.82553441054067,63,1.75,0
2023-10-23 22:00:00,61,62.01117772244604,59.900809075051235,70.92659421422462,58,1.0338983050847457,0
2023-10-23 23:00:00,35,35.55746092608566,35.13091853245354,36.17962233180417,60,0.5737704918032787,0
2023-10-24 00:00:00,58,56.586745503693216,52.36894113899388,63.525386113326746,40,1.4146341463414631,1
2023-10-24 01:00:00,53,52.09560984539453,47.80395161840177,59.08298874596458,40,1.2926829268292683,1
2023-10-24 02:00:00,47,44.18479751429832,41.76234890074997,52.94692918148502,55,0.8392857142857143,1
2023-10-24 03:00:00,54,49.37103144893024,47.17089636585792,51.704084295642836,45,1.173913043478261,1
2023-10-24 04:00:00,46,47.576361956815695,43.22287294790534,53.87358363954322,44,1.022222222222222,1
2023-10-24 05:00:00,58,56.08091235580646,51.720291425965655,63.677208736797084,40,1.4146341463414631,1
2023-10-24 06:00:00,67,59.34692160406537,54.43971134556435,68.74650629043595,46,1.425531914893617,1
2023-10-24 07:00:00,156,131.86538934286057,125.71697590676074,147.17910957522764,52,2.943396226415094,1
2023-10-24 08:00:00,372,293.15447185572526,249.1056503932811,411.74965448843363,61,6.0,1
2023-10-24 09:00:00,419,475.5477585714743,317.0653269088242,556.9296128529681,66,6.253731343283582,1
2023-10-24 10:00:00,359,295.70264375283944,256.03665602797946,463.4206928425691,59,5.983333333333333,1
2023-10-24 11:00:00,164,154.37294899796782,129.36114369675607,176.52394888800222,65,2.484848484848485,1
2023-10-24 12:00:00,197,159.17743763405144,137.48514560469093,178.47993619266927,69,2.8142857142857145,1
2023-10-24 13:00:00,152,141.88707190842214,119.76826921877937,150.98366552836578,71,2.111111111111111,1
2023-10-24 14:00:00,84,78.61130878594415,61.30343612769371,86.3694630120616,77,1.0769230769230769,1
2023-10-24 15:00:00,120,103.78635951844221,82.10958564534319,111.7696653662436,72,1.643835616438356,1
2023-10-24 16:00:00,199,175.53750663605862,151.73159570139407,182.40664217567016,81,2.426829268292683,1
2023-10-24 17:00:00,312,313.38449446401654,252.25900603032716,313.38449446401654,76,4.051948051948052,1
2023-10-24 18:00:00,251,253.12276469434698,239.41381820569296,266.1277991056245,77,3.217948717948718,0
2023-10-24 19:00:00,260,258.63453572173046,234.04139525556914,258.63453572173046,77,3.333333333333333,0
2023-10-24 20:00:00,221,216.48711039971448,194.4301917007849,218.44447247094365,66,3.298507462686567,0
2023-10-24 21:00:00,103,110.76261808879254,109.09277237962627,122.88026728204602,58,1.7457627118644068,0
2023-10-24 22:00:00,64,74.67810533104205,64.93797793135434,74.67810533104205,53,1.1851851851851851,0
2023-10-24 23:00:00,40,40.441279503554675,38.9724346893616,41.42524818653006,59,0.6666666666666666,0
2023-10-25 00:00:00,46,62.504576351872764,52.084401508532096,67.87236359562887,29,1.5333333333333334,1
2023-10-25 01:00:00,50,64.06209167255781,51.63161430663583,82.50954893110989,30,1.6129032258064515,1
2023-10-25 02:00:00,45,55.97907926748377,48.19989010029107,62.812581250283124,30,1.4516129032258065,1
2023-10-25 03:00:00,44,55.2553154712546,49.825170751992644,65.22573711890749,30,1.4193548387096775,1
2023-10-25 04:00:00,47,56.59335480215957,49.097833988543215,62.462404413698884,31,1.46875,1
2023-10-25 05:00:00,47,66.55537077807709,51.506821526235555,70.78182866252989,28,1.6206896551724137,1
2023-10-25 06:00:00,57,68.33150553510633,58.29833402576735,79.32226861364906,31,1.78125,1
2023-10-25 07:00:00,131,139.13566650548543,132.73539672427896,199.07708553683622,34,3.742857142857143,1
2023-10-25 08:00:00,260,375.17128108435134,233.65885160803333,487.1329879915871,39,6.5,1
2023-10-25 09:00:00,352,513.3215829885614,276.2100687456574,615.0145825368336,45,7.6521739130434785,1
2023-10-25 10:00:00,264,394.71213980493786,247.0916346522637,494.11837895375544,42,6.1395348837209305,1
2023-10-25 11:00:00,161,152.58743208652325,144.69654911857484,200.9195505918401,47,3.3541666666666665,1
2023-10-25 12:00:00,115,134.60147852825855,125.12201850902953,170.68482155986536,49,2.3,1
2023-10-25 13:00:00,142,128.31254325328806,128.31254325328806,167.26267800658664,50,2.784313725490196,1
2023-10-25 14:00:00,79,90.03111220518232,70.2846831286329,99.55253479056773,55,1.4107142857142858,1
2023-10-25 15:00:00,89,95.77025146747481,83.71036755134563,101.67464922886865,50,1.7450980392156863,1
2023-10-25 16:00:00,192,191.86887331989976,163.12671692861082,233.75476429965215,50,3.764705882352941,1
2023-10-25 17:00:00,318,360.796350861377,261.19242738374777,479.71326722409236,47,6.625,1
2023-10-25 18:00:00,416,513.2905204266897,296.25076955745504,606.7142347796695,49,8.32,1
2023-10-25 19:00:00,317,516.7676562413346,275.12169531848514,607.7412109088583,41,7.547619047619047,1
2023-10-25 20:00:00,329,449.1237964661653,229.67103418151393,489.82003947956366,38,8.435897435897436,1
2023-10-25 21:00:00,166,213.88918826989516,154.7876679456273,244.9479522384078,43,3.772727272727273,1
2023-10-25 22:00:00,98,124.14665114900588,80.74230541150966,147.67425540612703,39,2.45,1
2023-10-25 23:00:00,58,63.20531124372021,47.844573942256126,90.2062123740849,43,1.318181818181818,1
2023-10-26 00:00:00,27,27.559120409322944,26.660375732967555,35.97560037223561,66,0.4029850746268656,0
2023-10-26 01:00:00,31,31.605230759706725,30.310139584276463,32.36348084407577,64,0.4769230769230769,0
2023-10-26 02:00:00,28,27.34036428303205,27.34036428303205,28.360367935707984,60,0.4590163934426229,0
2023-10-26 03:00:00,25,26.040837372868737,25.896234470464414,27.23009705884018,62,0.3968253968253968,0
2023-10-26 04:00:00,32,31.845902184621455,30.48866003121854,32.685730777065174,56,0.5614035087719298,0
2023-10-26 05:00:00,28,28.280393477588234,28.126083421537853,29.665515779848214,57,0.4827586206896552,0
2023-10-26 06:00:00,36,36.67993596883098,36.456514811824405,39.85884041065352,58,0.6101694915254238,0
2023-10-26 07:00:00,79,79.83762007291676,74.00034338663326,92.12074059727338,79,0.9875,0
2023-10-26 08:00:00,181,179.66347220285226,166.44363299771976,197.97807632093503,74,2.4133333333333336,0
2023-10-26 09:00:00,237,236.92168089287952,230.2588852766535,248.09930830820937,81,2.8902439024390243,0
2023-10-26 10:00:00,185,179.03493436850852,175.39451543667877,197.77034089389358,86,2.126436781609196,0
2023-10-26 11:00:00,84,88.29776980371211,82.43378454743407,102.17054684244837,99,0.84,0
2023-10-26 12:00:00,90,91.65385383200959,90.0508138498467,97.15249585445392,100,0.8910891089108911,0
2023-10-26 13:00:00,89,90.65428216747551,82.98318708017273,97.52757812557286,107,0.8240740740740741,0
2023-10-26 14:00:00,61,59.98836383212193,53.72045507650538,62.192957679641744,103,0.5865384615384616,0
2023-10-26 15:00:00,68,68.61598526587191,66.37111235927036,76.29569433924031,88,0.7640449438202247,0
2023-10-26 16:00:00,138,140.50365682830466,131.2158970421288,158.2459946811832,87,1.568181818181818,0
2023-10-26 17:00:00,210,204.04071185322414,185.67775247028968,214.33326014848674,92,2.2580645161290325,0
2023-10-26 18:00:00,265,267.9668474703542,257.6995243682561,279.03557271719274,76,3.441558441558441,0
2023-10-26 19:00:00,270,266.1428638050827,261.1456031490925,275.11028344846784,74,3.6,0
2023-10-26 20:00:00,207,201.64214509222114,201.57710014082758,228.67600219461477,59,3.45,0
2023-10-26 21:00:00,133,137.18693127801683,133.11733234133817,147.06493752326202,57,2.293103448275862,0
2023-10-26 22:00:00,76,75.570667684964,69.63847579686882,88.074088508198,59,1.2666666666666666,0
2023-10-26 23:00:00,41,41.66145821596191,40.77966478825319,46.64762781843357,57,0.7068965517241379,0
2023-10-27 00:00:00,37,36.91901478506178,36.12222053364648,38.20489189098954,58,0.6271186440677966,0
2023-10-27 01:00:00,31,31.71246327102921,30.82669961367053,32.899714422310474,61,0.5,0
2023-10-27 02:00:00,33,33.42616357376987,32.17538581043659,33.47263062068004,62,0.5238095238095238,0
2023-10-27 03:00:00,32,32.45461741188266,31.938462112902673,33.02992035307633,55,0.5714285714285714,0
2023-10-27 04:00:00,35,34.99022797990356,34.77128076256507,35.661731060278896,60,0.5737704918032787,0
2023-10-27 05:00:00,34,34.41145450893944,33.97986874294346,35.34706493954922,58,0.576271186440678,0
2023-10-27 06:00:00,47,46.27651613010456,42.91678140661655,48.78771374469396,58,0.7966101694915254,0
2023-10-27 07:00:00,87,92.77692834027093,85.80575155337925,97.16875812709179,69,1.2428571428571429,0
2023-10-27 08:00:00,206,207.25355522081932,188.88591821144487,209.34760484365825,75,2.710526315789474,0
2023-10-27 09:00:00,292,290.4673766192387,252.68178383771686,290.4673766192387,92,3.139784946236559,0
2023-10-27 10:00:00,174,176.54489151040798,171.5759633875841,212.49311273211126,98,1.7575757575757576,0
2023-10-27 11:00:00,128,122.29802377806081,107.39719311903491,122.29802377806081,103,1.2307692307692308,0
2023-10-27 12:00:00,109,109.53339915579298,108.22279375138002,121.61057575191236,96,1.1237113402061856,0
2023-10-27 13:00:00,88,91.74648286072382,86.27017808137239,93.0597382204646,94,0.9263157894736842,0
2023-10-27 14:00:00,61,59.98099914485667,58.9539505491672,62.185863407370206,99,0.61,0
2023-10-27 15:00:00,79,78.96283185835783,72.77214151258242,81.43844296766514,95,0.8229166666666666,0
2023-10-27 16:00:00,146,145.95513802142804,139.41622121012918,158.9260137745147,88,1.6404494382022472,0
2023-10-27 17:00:00,263,262.49503291546296,241.53858315276082,265.9364607475535,79,3.2875,0
2023-10-27 18:00:00,338,338.21809369964535,314.7378630816112,345.6975083504056,77,4.333333333333333,0
2023-10-27 19:00:00,326,322.4945375767843,303.7911612100874,341.3199583322776,67,4.794117647058823,0
2023-10-27 20:00:00,252,253.56732024260668,236.02768855484038,264.5167509145438,63,3.9375,0
2023-10-27 21:00:00,145,145.92758734237168,135.73931120957005,154.2989624061088,62,2.3015873015873014,0
2023-10-27 22:00:00,90,88.112141990976,74.10533545930315,91.40020129211649,64,1.3846153846153846,0
2023-10-27 23:00:00,41,42.27217590979494,41.16954950416582,43.85584685871246,56,0.7192982456140351,0
2023-10-28 00:00:00,39,39.05702484340053,38.10640622382861,39.43348505896474,54,0.7090909090909091,0
2023-10-28 01:00:00,38,38.47129315796122,37.73056456491504,39.40233133036388,51,0.7307692307692307,0
2023-10-28 02:00:00,41,41.25781496583612,38.94872476214138,42.630316917382665,49,0.82,0
2023-10-28 03:00:00,36,36.71168761478487,35.723689154256945,38.57617619079369,51,0.6923076923076923,0
2023-10-28 04:00:00,33,32.9421457628238,32.9421457628238,34.04420560110163,56,0.5789473684210527,0
2023-10-28 05:00:00,40,40.44641825474473,38.35065503652352,40.653195301604796,52,0.7547169811320755,0
2023-10-28 06:00:00,51,48.97252993102325,44.07045909365069,52.01611079013647,58,0.864406779661017,0
2023-10-28 07:00:00,120,116.03778999464595,104.36866292479226,119.51837931092997,63,1.875,0
2023-10-28 08:00:00,210,217.5071901508376,213.56200949087997,231.48821730135745,66,3.1343283582089554,0
2023-10-28 09:00:00,344,342.4618251813136,306.2127306013095,349.6861807209003,80,4.246913580246914,0
2023-10-28 10:00:00,282,278.02421174012534,241.71776525855046,288.46044271972073,82,3.397590361445783,0
2023-10-28 11:00:00,119,118.73800014905024,113.78838419489941,131.59137196731126,80,1.469135802469136,0
2023-10-28 12:00:00,114,115.99048764109169,112.59055200233787,129.45613471961224,97,1.163265306122449,0
2023-10-28 13:00:00,114,112.4931850973273,103.35604572718663,120.57621403765368,89,1.2666666666666666,0
2023-10-28 14:00:00,69,69.951501839009,65.04137672299697,75.46612885262084,87,0.7840909090909091,0
2023-10-28 15:00:00,94,95.88326100864332,85.79859737774808,97.19822738569313,80,1.160493827160494,0
2023-10-28 16:00:00,159,157.47869818416257,145.48890302991748,163.9402239765926,86,1.827586206896552,0
2023-10-28 17:00:00,313,303.6653110450138,280.5033565916832,313.2001655961353,77,4.012820512820513,0
2023-10-28 18:00:00,331,330.30898215940056,326.17506453182517,344.35480519145364,71,4.597222222222222,0
2023-10-28 19:00:00,315,321.4101761019093,320.5878957362988,357.4366719620634,59,5.25,0
2023-10-28 20:00:00,302,300.4305275052345,267.22326708062826,300.4305275052345,56,5.298245614035087,0
2023-10-28 21:00:00,139,141.15655214472625,139.8437168124529,150.90260483905283,56,2.43859649122807,0
2023-10-28 22:00:00,88,88.41847581482637,86.06884413898553,94.76088744814344,51,1.6923076923076923,0
2023-10-28 23:00:00,68,53.673508225883275,48.38979025764246,66.68097325285298,48,1.3877551020408163,0
2023-10-29 00:00:00,35,35.246242325882235,34.05500408578437,36.52971921461836,55,0.625,0
2023-10-29 01:00:00,32,32.54265102576315,32.54265102576315,33.99820871994513,48,0.6530612244897959,0
2023-10-29 02:00:00,35,35.71435974263245,33.93738020570948,36.57068634885415,53,0.6481481481481481,0
2023-10-29 03:00:00,35,35.75416183108874,35.329368518278606,37.01458631523896,51,0.6730769230769231,0
2023-10-29 04:00:00,36,36.07252353347027,34.970065876032805,36.882636413722054,57,0.6206896551724138,0
2023-10-29 05:00:00,38,37.87241528369787,36.60234008893676,38.49608381651319,52,0.7169811320754716,0
2023-10-29 06:00:00,43,43.64560757514132,41.47588838452491,45.32679990911847,56,0.7543859649122807,0
2023-10-29 07:00:00,113,111.27359783764365,105.5293149727626,114.72495939785654,59,1.8833333333333333,0
2023-10-29 08:00:00,218,222.04226016367596,209.4024770767811,230.84576663155138,72,2.9863013698630136,0
2023-10-29 09:00:00,306,309.99813108201056,275.04519382643707,314.6992257259769,85,3.558139534883721,0
2023-10-29 10:00:00,204,209.37623520728934,202.2953975205726,224.72191312697672,75,2.6842105263157894,0
2023-10-29 11:00:00,125,122.67259322768818,106.84085770455157,130.06156767622355,86,1.4367816091954022,0
2023-10-29 12:00:00,114,114.67327309771937,112.33967117549132,125.17162095274557,103,1.0961538461538465,0
2023-10-29 13:00:00,111,107.21275188369462,93.7625548181456,112.80347203209416,88,1.247191011235955,0
2023-10-29 14:00:00,59,62.45917626394738,60.05273317663698,68.85500258830588,87,0.6704545454545454,0
2023-10-29 15:00:00,76,76.51909520092734,73.58754367984001,82.72306732961292,89,0.8444444444444444,0
2023-10-29 16:00:00,162,158.27900547361142,148.5685340357711,168.4546910356747,81,1.975609756097561,0
2023-10-29 17:00:00,245,243.23042538016722,243.23042538016722,270.3086509562047,67,3.602941176470588,0
2023-10-29 18:00:00,311,314.01389515653545,306.4968738148516,325.0545943508764,73,4.202702702702703,0
2023-10-29 19:00:00,316,314.4500477950486,314.4500477950486,370.75051094478505,54,5.745454545454545,0
2023-10-29 20:00:00,269,274.49053133132736,260.4564084314862,274.49053133132736,51,5.173076923076923,0
2023-10-29 21:00:00,146,142.74395753892378,141.00136007950584,158.6617110810293,57,2.5172413793103448,0
2023-10-29 22:00:00,81,81.47163494655595,78.03053838760948,86.54236747066501,52,1.528301886792453,0
2023-10-29 23:00:00,49,48.85775181120314,46.180316379321496,54.02818251560209,51,0.9423076923076924,0
2023-10-30 00:00:00,22,23.443931206004628,22.50706272459279,25.700077147174735,63,0.34375,0
2023-10-30 01:00:00,23,24.337673025182614,22.838020371622672,25.081915806026977,57,0.396551724137931,0
2023-10-30 02:00:00,27,26.66802959073691,26.599706094721522,27.518977019398754,56,0.4736842105263157,0
2023-10-30 03:00:00,25,25.21129536764368,24.44332531186052,26.374108094445027,61,0.4032258064516129,0
2023-10-30 04:00:00,28,27.818406298390364,27.57326855786311,28.642696839399118,59,0.4666666666666667,0
2023-10-30 05:00:00,29,28.187017219541392,27.71970379888624,29.9582018329983,56,0.5087719298245614,0
2023-10-30 06:00:00,36,35.78658401404808,34.94701930558855,36.64644719177919,62,0.5714285714285714,0
2023-10-30 07:00:00,84,76.20534758623725,66.0697292431128,86.89121519961262,71,1.1666666666666667,0
2023-10-30 08:00:00,157,160.3259392259204,153.7827796741622,172.95627292379183,76,2.038961038961039,0
2023-10-30 09:00:00,225,224.61317829889023,221.4629491002495,237.18500149828537,83,2.6785714285714284,0
2023-10-30 10:00:00,152,150.88140705025754,140.38387834896017,164.24873649412402,94,1.6,0
2023-10-30 11:00:00,102,99.86694019329214,96.05768010054506,101.786669332167,103,0.9807692307692308,0
2023-10-30 12:00:00,101,98.53674131846414,91.51280572829097,100.45220359606567,97,1.030612244897959,0
2023-10-30 13:00:00,80,79.79166140516683,78.05894189208999,87.09542846352728,104,0.7619047619047619,0
2023-10-30 14:00:00,48,48.376399460536256,46.19292412176286,51.14077813162114,102,0.4660194174757281,0
2023-10-30 15:00:00,68,62.225469645338485,57.54860213128282,64.69923014783528,101,0.6666666666666666,0
2023-10-30 16:00:00,112,111.91957329255652,111.91957329255652,131.93511125523025,91,1.2173913043478262,0
2023-10-30 17:00:00,178,183.56842165937968,177.73851383166675,199.4055368007523,80,2.197530864197531,0
2023-10-30 18:00:00,264,263.74342995987286,251.39870725319145,264.8550053541449,75,3.473684210526316,0
2023-10-30 19:00:00,248,242.32797424879865,235.79215216668612,251.67278077010127,70,3.492957746478873,0
2023-10-30 20:00:00,191,193.71517446611563,175.62426939224986,204.3928162475527,67,2.8088235294117645,0
2023-10-30 21:00:00,106,109.87694796671987,107.7180588498682,118.43064681830796,58,1.7966101694915255,0
2023-10-30 22:00:00,53,55.87635164213741,50.88485954996928,62.44658622347072,63,0.828125,0
2023-10-30 23:00:00,37,37.34858510924892,36.629548579773505,37.34858510924892,59,0.6166666666666667,0
2023-10-31 00:00:00,30,29.805136659677217,28.913168607919125,40.84363475619625,60,0.4918032786885246,0
2023-10-31 01:00:00,27,28.586593563735082,25.976055079252262,37.933480824559226,66,0.4029850746268656,0
2023-10-31 02:00:00,31,31.154289658276348,29.793926148764672,37.57132667338556,63,0.484375,0
2023-10-31 03:00:00,26,27.139965730520696,25.363272400683265,35.70725569038994,56,0.4561403508771929,0
2023-10-31 04:00:00,25,25.607831564347425,24.718496096127623,29.28464778523269,58,0.423728813559322,0
2023-10-31 05:00:00,28,28.753410226634056,27.4940252985615,39.144867645569626,65,0.4242424242424242,0
2023-10-31 06:00:00,36,36.16113122557737,36.16113122557737,52.88057889780916,61,0.5806451612903226,0
2023-10-31 07:00:00,82,89.57334011895152,88.08802162320761,111.17142322577702,64,1.2615384615384615,0
2023-10-31 08:00:00,158,163.90157269758652,156.6312200687837,239.5969767183763,74,2.1066666666666665,0
2023-10-31 09:00:00,252,241.7479576123777,231.77200619213832,293.4615650883821,89,2.8,0
2023-10-31 10:00:00,197,199.40567645771617,186.15982576862353,277.76535412584326,97,2.010204081632653,0
2023-10-31 11:00:00,88,109.26214380039224,100.68612126754206,122.48449689023145,96,0.9072164948453608,0
2023-10-31 12:00:00,101,124.0644236351717,112.2114637217186,142.43885625546022,115,0.8706896551724138,0
2023-10-31 13:00:00,78,88.43431089417278,81.70013857894902,107.69368996663056,105,0.7358490566037735,0
2023-10-31 14:00:00,54,55.326542361869016,51.29893095314966,69.06772128871877,98,0.5454545454545454,0
2023-10-31 15:00:00,70,69.5065585398945,67.97450737315663,88.13940795941419,91,0.7608695652173914,0
2023-10-31 16:00:00,128,130.47522743132262,118.14130995809482,165.13877953255974,86,1.471264367816092,0
2023-10-31 17:00:00,199,201.77412797026713,196.02672230879728,245.42675498891163,87,2.261363636363636,0
2023-10-31 18:00:00,206,211.82934055273836,208.71490924311857,226.74006171069954,75,2.710526315789474,0
2023-10-31 19:00:00,248,250.9849247313839,237.31707863733612,255.73966729129125,76,3.220779220779221,0
2023-10-31 20:00:00,189,196.73698915463913,179.9449164411561,210.52020039411445,66,2.82089552238806,0
2023-10-31 21:00:00,111,111.20172830561735,99.9489969183499,114.12424751656066,62,1.761904761904762,0
2023-10-31 22:00:00,65,64.16030691973464,57.24294580848519,70.1970753158015,56,1.1403508771929824,0
2023-10-31 23:00:00,37,38.4063218185634,37.23954644461186,38.99392176830209,58,0.6271186440677966,0
2023-11-01 00:00:00,28,28.366574369847584,27.56159972054996,31.635349596455793,65,0.4242424242424242,0
2023-11-01 01:00:00,27,28.32736356116358,27.279690713183637,33.87988962303679,58,0.4576271186440678,0
2023-11-01 02:00:00,28,28.31020576257061,27.52630577035962,30.653808913279136,64,0.4307692307692308,0
2023-11-01 03:00:00,33,33.16099479777203,30.96512659701369,34.87434203754687,62,0.5238095238095238,0
2023-11-01 04:00:00,28,27.978103456577397,27.336403375195314,34.75100613020545,60,0.4590163934426229,0
2023-11-01 05:00:00,29,28.72959404396362,28.72959404396362,35.04029194609492,58,0.4915254237288136,0
2023-11-01 06:00:00,38,38.26599056986092,37.15639657485464,47.74100244820277,60,0.6229508196721312,0
2023-11-01 07:00:00,86,83.84679066005853,82.46519934365435,104.3902367782126,70,1.2112676056338028,0
2023-11-01 08:00:00,188,183.6004867524725,177.30513555355364,217.65794917668342,82,2.265060240963856,0
2023-11-01 09:00:00,192,197.18956905344422,197.18956905344422,263.5815257619417,81,2.341463414634146,0
2023-11-01 10:00:00,198,203.68164073515393,196.00541195015154,222.10544367710062,90,2.175824175824176,0
2023-11-01 11:00:00,107,119.24950249926736,108.10793451655277,130.6638393391681,96,1.1030927835051547,0
2023-11-01 12:00:00,91,90.95610939860647,89.59530114534621,98.48683954730156,103,0.875,0
2023-11-01 13:00:00,85,81.79727885149256,81.79727885149256,106.863356456436,95,0.8854166666666666,0
2023-11-01 14:00:00,52,56.047583528711854,53.09506878460778,69.44729315544046,91,0.5652173913043478,0
2023-11-01 15:00:00,66,65.90309596948937,63.74834467621239,76.58008402224891,100,0.6534653465346535,0
2023-11-01 16:00:00,132,133.17000056119662,128.16484259237365,168.39616460816274,83,1.5714285714285714,0
2023-11-01 17:00:00,184,185.73668633148,180.4300456706505,231.02195069022235,92,1.978494623655914,0
2023-11-01 18:00:00,258,254.20277330971126,240.38383821485513,287.7776612011093,77,3.3076923076923075,0
2023-11-01 19:00:00,319,315.81886001555927,303.42374222747407,325.1848844325911,63,4.984375,0
2023-11-01 20:00:00,200,199.4938215828045,199.4938215828045,258.29304081530074,58,3.389830508474576,0
2023-11-01 21:00:00,143,140.73073639852535,129.1988436492666,155.8683725212934,61,2.306451612903226,0
2023-11-01 22:00:00,71,74.65997032423468,68.44722098136131,82.82450336815585,58,1.2033898305084745,0
2023-11-01 23:00:00,36,38.72424023046071,38.72424023046071,47.42792296819769,60,0.5901639344262295,0
2023-11-02 00:00:00,32,31.560652043592807,31.05457598741354,31.860138862017475,63,0.5,0
2023-11-02 01:00:00,30,29.827056378784732,29.462103486627722,30.746740105059448,59,0.5,0
2023-11-02 02:00:00,30,29.735709468977213,29.6290576762786,30.78225348951865,57,0.5172413793103449,0
2023-11-02 03:00:00,31,30.130934437992757,30.130934437992757,31.520299677363585,59,0.5166666666666667,0
2023-11-02 04:00:00,32,31.85043703909464,31.20608266022675,32.65190794703166,65,0.4848484848484848,0
2023-11-02 05:00:00,33,32.52817395794212,31.544298192601712,33.601194825103846,66,0.4925373134328358,0
2023-11-02 06:00:00,45,43.25844672218951,42.17850274739836,45.45251780158758,53,0.8333333333333334,0
2023-11-02 07:00:00,89,85.81343738682845,81.35947945049739,86.9309489548136,74,1.1866666666666668,0
2023-11-02 08:00:00,168,170.6219983985317,162.38684372010565,179.49442368434217,79,2.1,0
2023-11-02 09:00:00,243,240.0604797145182,221.92136128315317,245.37169465394598,90,2.67032967032967,0
2023-11-02 10:00:00,238,230.90080233576097,197.635950462615,238.94307828401315,88,2.6741573033707864,0
2023-11-02 11:00:00,105,103.09765698671711,90.99234553767441,112.91565849574549,86,1.206896551724138,0
2023-11-02 12:00:00,123,118.41210700952598,101.06683106765875,118.41210700952598,103,1.1826923076923077,0
2023-11-02 13:00:00,106,103.05461269758683,97.01301593117257,103.11172374831439,95,1.1041666666666667,0
2023-11-02 14:00:00,57,58.40053416098486,54.36668798802006,60.77794591624805,91,0.6195652173913043,0
2023-11-02 15:00:00,74,72.71501654369526,65.46256106880938,76.46618837226632,89,0.8222222222222222,0
2023-11-02 16:00:00,134,135.3220634273776,125.94925167151781,143.08693346810867,95,1.3958333333333333,0
2023-11-02 17:00:00,193,197.12638340679175,183.83881565957807,208.3748765811799,86,2.218390804597701,0
2023-11-02 18:00:00,292,298.53428916003503,266.33534483299604,298.53428916003503,81,3.5609756097560976,0
2023-11-02 19:00:00,321,320.1546090233573,287.2245922979663,320.1546090233573,72,4.397260273972603,0
2023-11-02 20:00:00,212,212.44480817404,203.65434731416323,226.72611644943586,59,3.533333333333333,0
2023-11-02 21:00:00,139,140.0647005271514,134.91517709618964,141.82652925219696,60,2.278688524590164,0
2023-11-02 22:00:00,77,75.71940814846353,73.71912882339429,85.76907587067981,58,1.305084745762712,0
2023-11-02 23:00:00,40,41.737451120104645,38.93939217297071,41.83068033898263,59,0.6666666666666666,0
2023-11-03 00:00:00,34,34.54939526723326,33.585364160909606,35.28807073496717,57,0.5862068965517241,0
2023-11-03 01:00:00,33,33.33659092806738,32.48865783444786,33.614730746088256,61,0.532258064516129,0
2023-11-03 02:00:00,33,33.31064095983817,32.16555584451994,33.31064095983817,64,0.5076923076923077,0
2023-11-03 03:00:00,32,32.25547470831884,32.20283152990262,32.722644288613566,57,0.5517241379310345,0
2023-11-03 04:00:00,33,33.12968071278902,32.4983582131578,33.46605618192442,65,0.5,0
2023-11-03 05:00:00,41,39.84023432527439,39.05858075240487,39.84023432527439,60,0.6721311475409836,0
2023-11-03 06:00:00,44,44.00381334995436,40.960080760319414,49.42954455437085,61,0.7096774193548387,0
2023-11-03 07:00:00,101,98.87333945237042,89.71095590016795,102.80906370855635,62,1.6031746031746033,0
2023-11-03 08:00:00,208,209.93190922143597,199.03594114909333,228.69792172744954,69,2.9714285714285715,0
2023-11-03 09:00:00,321,319.7358980215214,277.8627204082402,319.7358980215214,86,3.689655172413793,0
2023-11-03 10:00:00,242,231.88036088690492,201.3289772242749,232.20890559386157,96,2.4948453608247423,0
2023-11-03 11:00:00,123,124.05362999672127,115.18996104007007,137.62623837375793,92,1.3225806451612905,0
2023-11-03 12:00:00,121,120.41337359940738,111.28363652868107,126.94062271943548,109,1.1,0
2023-11-03 13:00:00,108,106.45647548111879,96.35661129561015,107.17020210359246,105,1.018867924528302,0
2023-11-03 14:00:00,58,60.19934691139097,58.22095059685598,62.17986668523448,94,0.6105263157894737,0
2023-11-03 15:00:00,98,96.44291702166566,87.913982838778,98.2430865812335,96,1.0103092783505154,0
2023-11-03 16:00:00,146,144.72991192377856,130.42711878450294,153.00646530343943,106,1.3644859813084111,0
2023-11-03 17:00:00,271,271.3059296163363,241.80203086718703,274.6035096636341,79,3.3875,0
2023-11-03 18:00:00,367,366.12926920768564,326.2836225737386,372.79809936355207,80,4.530864197530864,0
2023-11-03 19:00:00,323,326.99470984835574,314.43499157611063,335.08722113545207,68,4.681159420289855,0
2023-11-03 20:00:00,280,270.4355107960162,250.68515534127891,283.0286918324893,63,4.375,0
2023-11-03 21:00:00,165,157.40479282758812,139.72848738580808,170.3170075120806,65,2.5,0
2023-11-03 22:00:00,95,89.25015192691674,81.47119741288493,97.44053457565559,59,1.5833333333333333,0
2023-11-03 23:00:00,48,47.57422148946696,43.5415438720431,48.77792284469063,64,0.7384615384615385,0
2023-11-04 00:00:00,37,36.2740551161576,35.38019525467705,37.70291902640838,60,0.6065573770491803,0
2023-11-04 01:00:00,39,39.673660889149275,38.952878461843035,39.755027031450695,53,0.7222222222222222,0
2023-11-04 02:00:00,41,40.43773648631684,39.32636247827703,41.30640839097528,55,0.7321428571428571,0
2023-11-04 03:00:00,41,40.75194637726715,40.41005910463757,43.36661140746158,51,0.7884615384615384,0
2023-11-04 04:00:00,39,39.0470209833775,38.32589263533155,39.16251689598345,53,0.7222222222222222,0
2023-11-04 05:00:00,36,36.941361958116794,36.47345385806209,38.172948117631755,52,0.6792452830188679,0
2023-11-04 06:00:00,55,52.52979529321948,48.57223086137726,54.524097755564455,55,0.9821428571428572,0
2023-11-04 07:00:00,133,132.8369977201121,120.13795474736725,134.4543004391643,65,2.015151515151515,0
2023-11-04 08:00:00,256,257.370964715869,234.13125183083417,257.370964715869,68,3.710144927536232,0
2023-11-04 09:00:00,349,344.7092945661639,317.2941117306798,363.7959958343597,82,4.204819277108434,0
2023-11-04 10:00:00,259,257.86974619829795,245.5356934796997,272.4789307849057,88,2.9101123595505616,0
2023-11-04 11:00:00,134,133.31680064813776,118.74920154305882,137.08369278286378,89,1.488888888888889,0
2023-11-04 12:00:00,144,139.17118955528503,123.59373973537346,145.56570974842148,84,1.6941176470588235,0
2023-11-04 13:00:00,129,127.36685071820109,113.78877671885077,129.00065763807186,85,1.5,0
2023-11-04 14:00:00,71,72.3589731201957,66.07867695518703,76.07639339364947,83,0.8452380952380952,0
2023-11-04 15:00:00,89,90.78747649104902,87.70390897293039,93.60980080015752,89,0.9888888888888888,0
2023-11-04 16:00:00,173,172.9006734111732,158.6461156322607,176.33984283550404,75,2.276315789473684,0
2023-11-04 17:00:00,300,297.4260396830374,286.59389006795186,301.15065270794395,78,3.79746835443038,0
2023-11-04 18:00:00,374,379.8861588373494,351.15426732302876,407.7729382194543,64,5.753846153846154,0
2023-11-04 19:00:00,393,385.16528281285423,353.1355176294509,412.1634629321766,64,6.046153846153846,0
2023-11-04 20:00:00,303,284.67858101583374,284.67858101583374,304.19537133271245,53,5.611111111111111,0
2023-11-04 21:00:00,189,191.22554144862497,157.67572766755654,191.22554144862497,57,3.2586206896551726,0
2023-11-04 22:00:00,105,108.50769268366717,88.3019377239197,108.50769268366717,57,1.8103448275862069,0
2023-11-04 23:00:00,57,58.96062833143612,53.45489289511039,66.36825967274896,58,0.9661016949152542,0
2023-11-05 00:00:00,74,76.0185057789996,52.96529234774879,78.261435241549,52,1.3962264150943395,1
2023-11-05 01:00:00,80,84.79122731318301,54.16841951577403,84.79122731318301,48,1.6326530612244898,1
2023-11-05 02:00:00,82,81.33916446248377,64.19548339766212,84.58467858982459,44,1.8222222222222224,1
2023-11-05 03:00:00,71,79.58436055580484,53.340902951457736,82.07183032347852,45,1.5434782608695652,1
2023-11-05 04:00:00,87,106.70515725390574,69.24149680239364,106.70515725390574,42,2.0232558139534884,1
2023-11-05 05:00:00,76,95.82302091619233,57.09832026012296,95.82302091619233,46,1.6170212765957446,1
2023-11-05 06:00:00,51,59.08541549488533,45.9622499917107,59.08541549488533,53,0.9444444444444444,0
2023-11-05 07:00:00,116,122.06813091463239,115.94377330617206,132.07468624174285,59,1.9333333333333331,0
2023-11-05 08:00:00,216,222.5526663667373,210.0554097641567,240.2871964454847,67,3.176470588235294,0
2023-11-05 09:00:00,320,333.5104592983718,301.26166742002215,346.0395791641565,77,4.102564102564102,0
2023-11-05 10:00:00,226,220.3041568963558,216.46437501629998,227.76505080041755,79,2.825,0
2023-11-05 11:00:00,118,118.59888826314419,112.48988827399037,123.18669057864574,79,1.475,0
2023-11-05 12:00:00,116,116.53181668558099,111.34371450445802,123.1817174975543,87,1.318181818181818,0
2023-11-05 13:00:00,131,124.97576733436361,115.45536157274657,135.51619734850146,83,1.5595238095238095,0
2023-11-05 14:00:00,65,62.51773852353353,57.3825673097827,69.30397590049658,86,0.7471264367816092,0
2023-11-05 15:00:00,92,87.82671053125733,84.75835989744095,91.12646243552315,92,0.989247311827957,0
2023-11-05 16:00:00,140,136.83155574132968,136.83155574132968,158.12585659501082,79,1.75,0
2023-11-05 17:00:00,296,296.8368334267419,258.8829095805713,296.8368334267419,83,3.523809523809524,0
2023-11-05 18:00:00,384,377.9783014872557,331.0141642647881,403.78945682433204,74,5.12,0
2023-11-05 19:00:00,355,390.5910194398489,351.09638798159165,422.78544039133953,59,5.916666666666667,0
2023-11-05 20:00:00,264,283.10701817944,272.19355640491705,292.3747356105173,49,5.28,0
2023-11-05 21:00:00,168,174.93006909385593,156.0511413528328,174.93006909385593,53,3.111111111111111,0
2023-11-05 22:00:00,104,98.69277865425146,86.88954820553273,100.8430430904866,57,1.793103448275862,0
2023-11-05 23:00:00,45,49.943518870696785,43.67232503053161,57.33355470076899,51,0.8653846153846154,0
2023-11-06 00:00:00,29,29.285090380963776,27.231258990307154,34.83123508559664,63,0.453125,0
2023-11-06 01:00:00,26,28.33051489165736,25.495536191308926,33.233190326629014,65,0.3939393939393939,0
2023-11-06 02:00:00,27,28.007296117643122,27.438851551453645,34.256848191933166,57,0.4655172413793103,0
2023-11-06 03:00:00,27,26.2664876221874,26.2664876221874,33.30781871099849,58,0.4576271186440678,0
2023-11-06 04:00:00,27,29.05305679425181,26.970579696247963,34.522897595540954,63,0.421875,0
2023-11-06 05:00:00,28,28.973703749092135,28.644598051792205,34.62039559134977,61,0.4516129032258064,0
2023-11-06 06:00:00,33,33.212479068709165,32.997242883120826,35.50878261307873,58,0.559322033898305,0
2023-11-06 07:00:00,84,82.85940877047335,71.20938309761354,88.94746242116159,67,1.2352941176470589,0
2023-11-06 08:00:00,145,149.01155719845124,141.55632843368713,163.05460282026652,77,1.858974358974359,0
2023-11-06 09:00:00,236,238.0603587719796,222.56303222111111,250.24324681935974,77,3.025641025641025,0
2023-11-06 10:00:00,164,161.3347135864572,147.0189326691543,174.41412699479898,96,1.690721649484536,0
2023-11-06 11:00:00,81,82.23602350851996,79.75589671023663,88.56192566013225,93,0.8617021276595744,0
2023-11-06 12:00:00,92,96.31773549422556,92.24991318522683,101.61789825310663,84,1.0823529411764703,0
2023-11-06 13:00:00,75,76.64933282436374,74.75486030346464,84.90503716501642,100,0.7425742574257426,0
2023-11-06 14:00:00,50,50.41426446065667,47.11245056215094,52.22835553726094,95,0.5208333333333334,0
2023-11-06 15:00:00,58,61.53400542725716,61.04024605104581,70.36709538617049,106,0.5420560747663551,0
2023-11-06 16:00:00,124,124.58705634141003,110.4959611382039,128.3636302263727,88,1.3932584269662922,0
2023-11-06 17:00:00,185,185.18315558364725,176.2553219196254,202.21519990809793,80,2.2839506172839505,0
2023-11-06 18:00:00,251,251.33706180080586,237.2897249951532,258.738848384603,80,3.098765432098765,0
2023-11-06 19:00:00,267,267.6816603498797,253.8869681618323,271.42208250731414,66,3.985074626865672,0
2023-11-06 20:00:00,187,194.80836118063374,190.86872689235423,206.99833788927037,57,3.2241379310344827,0
2023-11-06 21:00:00,119,117.23177428796426,106.21282101785661,125.28886057403517,62,1.8888888888888888,0
2023-11-06 22:00:00,57,55.38239304751839,54.52203182703741,66.56890656627243,56,1.0,0
2023-11-06 23:00:00,40,38.658237808724536,37.895421375897655,40.411359289648146,55,0.7142857142857143,0
2023-11-07 00:00:00,34,32.88025563665613,31.946237643559513,34.18682738437017,67,0.5,0
2023-11-07 01:00:00,36,35.060533787151115,34.51085230618186,35.80369987942056,62,0.5714285714285714,0
2023-11-07 02:00:00,29,28.855605269127736,28.786770781911137,29.851665338582592,59,0.4833333333333333,0
2023-11-07 03:00:00,31,30.187976155301506,30.187976155301506,31.12012062222358,60,0.5081967213114754,0
2023-11-07 04:00:00,25,25.49383262880395,25.197442953344407,26.37370934309687,62,0.3968253968253968,0
2023-11-07 05:00:00,34,33.56755590875108,31.990034783858746,33.78336513668849,64,0.5230769230769231,0
2023-11-07 06:00:00,41,40.15634073784102,38.82821581297023,42.40735668260249,57,0.7068965517241379,0
2023-11-07 07:00:00,78,80.68846603079123,77.19467186552347,84.34899011470579,70,1.0985915492957747,0
2023-11-07 08:00:00,196,195.38462180751966,170.21758486713404,195.38462180751966,75,2.5789473684210527,0
2023-11-07 09:00:00,234,236.5804163332471,230.45873592434623,249.17711308117927,84,2.752941176470588,0
2023-11-07 10:00:00,172,177.32540492512484,167.48354697538153,194.75269196103503,92,1.8494623655913975,0
2023-11-07 11:00:00,97,95.7677933458609,87.59280821741055,99.87883688073845,96,1.0,0
2023-11-07 12:00:00,88,88.79587200911358,86.23721025422108,92.1912216345601,103,0.8461538461538461,0
2023-11-07 13:00:00,98,95.95301409491563,85.12451835252953,95.95301409491563,103,0.9423076923076924,0
2023-11-07 14:00:00,48,50.53521106634027,47.45244008477545,54.86972425691884,90,0.5274725274725275,0
2023-11-07 15:00:00,63,64.48013312731891,61.365593203617664,69.45379217622028,89,0.7,0
2023-11-07 16:00:00,118,119.61904569064414,115.36634612014308,129.65403919166803,89,1.3111111111111111,0
2023-11-07 17:00:00,224,215.08803314252302,194.45569892175791,215.08803314252302,95,2.333333333333333,0
2023-11-07 18:00:00,263,257.5704421492052,244.90702188391649,263.3853927113685,74,3.506666666666667,0
2023-11-07 19:00:00,248,244.8666312551619,241.66114001344144,264.500171039701,68,3.5942028985507246,0
2023-11-07 20:00:00,201,198.92415781535524,188.24839882223304,212.4434330643905,58,3.406779661016949,0
2023-11-07 21:00:00,127,124.77655431321499,115.84859208990414,132.10739594070392,58,2.152542372881356,0
2023-11-07 22:00:00,62,63.4623620833139,57.542128388251115,71.06991743042508,61,1.0,0
2023-11-07 23:00:00,37,36.88794824245954,35.39478669385609,39.572939335472824,65,0.5606060606060606,0
2023-11-08 00:00:00,35,34.020791559673064,33.57645887409989,34.69356096757534,62,0.5555555555555556,0
2023-11-08 01:00:00,28,28.15499401845809,28.15499401845809,29.07971923801757,57,0.4827586206896552,0
2023-11-08 02:00:00,29,30.353322688797462,27.55654484273886,30.353322688797462,71,0.4027777777777778,0
2023-11-08 03:00:00,29,29.099343557156764,28.960322788222943,29.551167278072835,60,0.4754098360655737,0
2023-11-08 04:00:00,29,29.057438830941635,28.83698434853499,29.53128802006201,58,0.4915254237288136,0
2023-11-08 05:00:00,32,31.787569997100775,31.081662390192662,32.39958960975976,65,0.4848484848484848,0
2023-11-08 06:00:00,42,41.396056978673656,39.56266623704465,43.53639853671974,58,0.711864406779661,0
2023-11-08 07:00:00,81,82.0761706936902,77.0512264451498,85.99035760678534,76,1.051948051948052,0
2023-11-08 08:00:00,164,165.52857332997212,159.54850644018637,191.8245788895104,73,2.216216216216216,0
2023-11-08 09:00:00,271,258.85228927959537,222.67531084780592,258.85228927959537,93,2.882978723404255,0
2023-11-08 10:00:00,181,181.71607536648992,175.39280050349714,196.43005076475617,92,1.946236559139785,0
2023-11-08 11:00:00,110,109.97238206773919,100.89262402136292,110.83746807247046,104,1.0476190476190477,0
2023-11-08 12:00:00,82,80.50434271569605,78.36580983310466,89.98159116989625,111,0.7321428571428571,0
2023-11-08 13:00:00,93,92.9688329929703,86.72351520989919,97.1207987649193,93,0.9893617021276596,0
2023-11-08 14:00:00,63,58.979104675546886,54.27158351782415,59.47254410621224,107,0.5833333333333334,0
2023-11-08 15:00:00,68,69.30585787940667,61.828659072425005,74.67717945453025,88,0.7640449438202247,0
2023-11-08 16:00:00,127,131.54493656828421,117.3139507487529,133.77228429491427,86,1.4597701149425288,0
2023-11-08 17:00:00,220,217.6705103098361,193.45522046922514,223.70674316304698,81,2.682926829268293,0
2023-11-08 18:00:00,270,267.8392743516267,250.2226589920351,270.93689868082515,80,3.333333333333333,0
2023-11-08 19:00:00,275,274.1524921835526,274.1524921835526,289.3144581061227,69,3.928571428571429,0
2023-11-08 20:00:00,209,211.07924685608523,201.33782169689945,215.61460961314552,59,3.4833333333333334,0
2023-11-08 21:00:00,123,124.91259038506455,119.07945697255862,141.13596338364033,61,1.9838709677419355,0
2023-11-08 22:00:00,77,73.35817721320913,64.40058974819794,77.63008403116919,62,1.2222222222222223,0
2023-11-08 23:00:00,43,42.094539685182745,40.01644444048226,44.292512442848555,62,0.6825396825396826,0
2023-11-09 00:00:00,31,31.095457369485974,30.54207032190677,31.5840554010078,64,0.4769230769230769,0
2023-11-09 01:00:00,33,32.51144681790845,31.1711259389542,33.27216855167567,67,0.4852941176470588,0
2023-11-09 02:00:00,30,29.789555182252197,29.739409350166728,30.775563358148574,60,0.4918032786885246,0
2023-11-09 03:00:00,29,29.126664864567683,28.838136373588064,29.599217278037944,58,0.4915254237288136,0
2023-11-09 04:00:00,29,29.121325586327064,28.818634402067445,29.62268495442133,62,0.4603174603174603,0
2023-11-09 05:00:00,32,31.976735487112645,31.658951433602738,32.792172945764364,56,0.5614035087719298,0
2023-11-09 06:00:00,37,38.735848988024756,37.63956732950002,39.825458442038205,58,0.6271186440677966,0
2023-11-09 07:00:00,83,83.48206336785381,76.74326730933059,87.38428338037897,73,1.1216216216216215,0
2023-11-09 08:00:00,180,181.50677854092126,162.99312138786206,188.85130906749913,77,2.3076923076923075,0
2023-11-09 09:00:00,299,296.0068510983446,265.52968309773246,301.95315908204964,79,3.7375,0
2023-11-09 10:00:00,151,150.0481796174091,150.0481796174091,206.22742011447224,83,1.7976190476190477,0
2023-11-09 11:00:00,97,97.28920841905305,93.1145217684521,101.41696444733394,96,1.0,0
2023-11-09 12:00:00,117,111.61642444407165,105.77220734448015,118.71916542342407,106,1.0934579439252337,0
2023-11-09 13:00:00,96,95.4039107268024,91.66137474717453,100.50168251150215,107,0.8888888888888888,0
2023-11-09 14:00:00,59,57.71604031672397,57.1395059739592,60.60658162294524,100,0.5841584158415841,0
2023-11-09 15:00:00,73,71.65712780227459,66.46679223243952,74.0637787579163,108,0.6697247706422018,0
2023-11-09 16:00:00,127,129.56500484330047,119.3055230244308,143.00684390117647,91,1.3804347826086956,0
2023-11-09 17:00:00,186,188.49388159138326,181.7436733799194,202.83804583679813,84,2.1882352941176477,0
2023-11-09 18:00:00,296,296.4576612885349,277.1126070433168,297.45631881231867,66,4.417910447761194,0
2023-11-09 19:00:00,274,274.7996199082085,274.7996199082085,285.3747568362965,67,4.029411764705882,0
2023-11-09 20:00:00,208,209.54462632079193,203.45123812477811,220.57138055797705,63,3.25,0
2023-11-09 21:00:00,129,126.47238585745755,119.10015241463307,137.9121661382174,66,1.9253731343283584,0
2023-11-09 22:00:00,82,80.59585606262307,75.6926449787673,89.79863676174583,57,1.4137931034482758,0
2023-11-09 23:00:00,52,49.083564282061,44.44122965539227,50.9849226447315,62,0.8253968253968254,0
2023-11-10 00:00:00,36,35.348439582029066,34.86184635006992,36.73541916057711,64,0.5538461538461539,0
2023-11-10 01:00:00,34,33.843241475676365,33.34285997786145,34.1991796758382,60,0.5573770491803278,0
2023-11-10 02:00:00,32,32.818567556630626,31.916484696703733,32.85271119639829,52,0.6037735849056604,0
2023-11-10 03:00:00,37,36.41182804990374,35.82195518688611,37.04292252519972,61,0.5967741935483871,0
2023-11-10 04:00:00,41,39.655172691631726,38.209909404374095,39.84395384453651,63,0.640625,0
2023-11-10 05:00:00,36,36.649796930747456,35.73221514594612,36.84263998216838,57,0.6206896551724138,0
2023-11-10 06:00:00,39,40.50440774475617,39.272237896393506,41.72258259068989,59,0.65,0
2023-11-10 07:00:00,105,105.59779729402474,91.06680160352155,108.23432447852691,64,1.6153846153846154,0
2023-11-10 08:00:00,235,236.7165650954652,217.93215989136948,243.1983350039766,66,3.5074626865671643,0
2023-11-10 09:00:00,257,268.7698076900197,252.3808007926509,288.7212434453124,90,2.8241758241758244,0
2023-11-10 10:00:00,221,212.99837200698948,203.07603841705128,229.73215612841008,91,2.402173913043478,0
2023-11-10 11:00:00,119,117.50271716943149,109.04219226955534,123.94802048661745,106,1.1121495327102804,0
2023-11-10 12:00:00,117,118.73177166920374,110.86843576911427,120.87714175853847,104,1.1142857142857143,0
2023-11-10 13:00:00,103,102.63121135181419,100.50238930911566,108.76927759007108,98,1.0404040404040404,0
2023-11-10 14:00:00,70,65.49015680574138,63.971322555175,66.39267352052525,99,0.7,0
2023-11-10 15:00:00,81,83.79912363810371,80.62175277804737,88.60296080605197,99,0.81,0
2023-11-10 16:00:00,138,139.03838063804247,126.71515727631754,151.6248023087748,97,1.4081632653061225,0
2023-11-10 17:00:00,218,218.82337539244043,208.3378454849615,230.13831542993844,87,2.477272727272727,0
2023-11-10 18:00:00,373,367.43830636565855,315.64952335196267,367.43830636565855,83,4.440476190476191,0
2023-11-10 19:00:00,354,334.72617576197405,331.01435031662123,387.03061005395676,68,5.130434782608695,0
2023-11-10 20:00:00,259,262.15485665035914,251.96873971019826,275.454588449485,57,4.465517241379311,0
2023-11-10 21:00:00,150,148.398028964916,139.26299102057774,152.53962272393642,60,2.459016393442623,0
2023-11-10 22:00:00,80,83.61597997136123,77.30573268295183,92.37218557337926,61,1.2903225806451613,0
2023-11-10 23:00:00,45,48.00088801560449,45.91367940554549,49.95957358985864,56,0.7894736842105263,0
2023-11-11 00:00:00,39,39.03659944090854,38.17433987596583,40.42720061764277,49,0.78,0
2023-11-11 01:00:00,34,35.3002667648254,33.86537674504868,36.04927465982836,54,0.6181818181818182,0
2023-11-11 02:00:00,38,38.18211044302594,35.93403857014641,38.779698201087584,52,0.7169811320754716,0
2023-11-11 03:00:00,40,40.82371993198767,38.65418215737913,40.82371993198767,52,0.7547169811320755,0
2023-11-11 04:00:00,43,43.19807285529057,40.93671735334147,44.06685951365154,52,0.8113207547169812,0
2023-11-11 05:00:00,41,39.86262438566848,38.96875947253768,41.86741269378979,58,0.6949152542372882,0
2023-11-11 06:00:00,57,52.023759202223744,49.71493071583399,59.60935003028074,57,0.9827586206896552,0
2023-11-11 07:00:00,126,125.19436812223609,125.19436812223609,130.54639901990402,56,2.210526315789474,0
2023-11-11 08:00:00,268,264.6551059493085,253.33150394952847,272.9213737129518,66,4.0,0
2023-11-11 09:00:00,345,351.0339641673591,316.3164841459237,356.54054249891306,79,4.3125,0
2023-11-11 10:00:00,248,252.97950142523243,232.20642081254817,264.2695223796224,83,2.952380952380953,0
2023-11-11 11:00:00,120,125.767492928433,117.86546047657352,139.1749670242359,84,1.411764705882353,0
2023-11-11 12:00:00,142,142.55827018997758,130.85833954359018,156.09912028282875,81,1.7317073170731707,0
2023-11-11 13:00:00,143,140.529571815336,125.86345144475793,149.1007277312996,84,1.6823529411764706,0
2023-11-11 14:00:00,75,72.09360418055851,67.73738965439172,77.4497984324642,84,0.8823529411764706,0
2023-11-11 15:00:00,111,106.3988733062779,90.08732259108832,107.56462246253217,86,1.2758620689655171,0
2023-11-11 16:00:00,156,156.6723228829082,145.71841995047228,165.57793521437682,89,1.7333333333333334,0
2023-11-11 17:00:00,267,266.7939669882135,258.05786698150393,282.58713701112214,72,3.6575342465753424,0
2023-11-11 18:00:00,411,430.690008950857,347.9113410239928,446.6157619314068,64,6.323076923076923,0
2023-11-11 19:00:00,392,478.65224436548743,358.3880152321944,478.65224436548743,60,6.426229508196721,0
2023-11-11 20:00:00,325,316.68562337269503,301.5540166113079,384.34469018382373,56,5.701754385964913,0
2023-11-11 21:00:00,176,179.92708871046284,178.56642544876615,213.15790652385013,48,3.591836734693877,0
2023-11-11 22:00:00,88,85.3911705611256,82.90825472096107,95.63517087882363,58,1.4915254237288136,0
2023-11-11 23:00:00,55,55.3430658663861,50.84143225621471,59.3586861424477,52,1.0377358490566038,0
2023-11-12 00:00:00,33,38.6381673494874,35.63797304635425,50.166006603681744,51,0.6346153846153846,0
2023-11-12 01:00:00,34,34.15205295032503,33.1374622691523,51.97266256546115,48,0.6938775510204082,0
2023-11-12 02:00:00,40,39.184474262248685,38.97221772052043,57.415117060626756,55,0.7142857142857143,0
2023-11-12 03:00:00,40,47.52247529205304,40.04746451399896,53.492718825212286,52,0.7547169811320755,0
2023-11-12 04:00:00,38,37.42382162006874,37.34413273467808,57.79085063784925,53,0.7037037037037037,0
2023-11-12 05:00:00,33,35.66722743119254,35.66722743119254,50.865682608328505,50,0.6470588235294118,0
2023-11-12 06:00:00,48,49.9112024189295,47.75994013122414,50.99246642329719,52,0.9056603773584906,0
2023-11-12 07:00:00,94,98.67576870891088,92.30650223220583,103.72212035886142,59,1.5666666666666669,0
2023-11-12 08:00:00,249,243.30850319073494,228.98247436961753,252.01981744771825,68,3.608695652173913,0
2023-11-12 09:00:00,292,292.43358797327204,292.43358797327204,309.64897456042917,72,4.0,0
2023-11-12 10:00:00,209,214.08158155462525,214.08158155462525,243.47284165644328,73,2.824324324324324,0
2023-11-12 11:00:00,120,116.50364039379235,105.58673549219739,119.92444134776332,100,1.188118811881188,0
2023-11-12 12:00:00,117,119.03879456976529,111.65405164194279,128.8229762787772,80,1.4444444444444444,0
2023-11-12 13:00:00,129,131.48314389070032,120.86737810528291,136.89090766972382,89,1.4333333333333331,0
2023-11-12 14:00:00,63,67.05932831097712,61.320439813364196,76.1880445000585,78,0.7974683544303798,0
2023-11-12 15:00:00,78,83.99825091385414,79.67676979600344,92.04644340278378,75,1.0263157894736843,0
2023-11-12 16:00:00,137,141.1590044342678,133.1924304677069,151.23853977624432,81,1.670731707317073,0
2023-11-12 17:00:00,268,266.0344735309932,264.046066765352,276.1375955090686,76,3.4805194805194803,0
2023-11-12 18:00:00,337,338.93136582625294,328.5966041137554,346.13087424427033,73,4.554054054054054,0
2023-11-12 19:00:00,315,307.7008539838609,307.7008539838609,340.69047271479974,62,5.0,0
2023-11-12 20:00:00,296,295.626172060043,279.84903191656355,331.51287520579336,52,5.584905660377358,0
2023-11-12 21:00:00,171,164.92639055784556,158.54936030656788,179.76507402279066,50,3.3529411764705883,0
2023-11-12 22:00:00,87,85.62324560537063,81.56624444658448,93.61569033796978,58,1.4745762711864407,0
2023-11-12 23:00:00,58,51.965756734588496,49.03448030386271,57.36996749738848,56,1.0175438596491229,0
2023-11-13 00:00:00,29,28.522999778736242,28.522999778736242,29.29341825294702,56,0.5087719298245614,0
2023-11-13 01:00:00,26,25.98244852011089,25.810333605151133,27.302304288824814,60,0.4262295081967213,0
2023-11-13 02:00:00,25,25.67977001994373,24.59238621718221,26.187808244808316,61,0.4032258064516129,0
2023-11-13 03:00:00,29,28.72120290530209,28.322948442846446,29.28667261741216,59,0.4833333333333333,0
2023-11-13 04:00:00,28,27.95444845700526,27.145754813085198,28.2965002547793,63,0.4375,0
2023-11-13 05:00:00,29,28.937507585702715,27.886479861372894,29.853243481502183,63,0.453125,0
2023-11-13 06:00:00,34,34.198588522817694,34.18731742264207,34.832687882904,59,0.5666666666666667,0
2023-11-13 07:00:00,81,80.88412034163338,69.97437181924545,84.93397364524137,68,1.173913043478261,0
2023-11-13 08:00:00,158,152.29665772110735,142.61993512530327,177.43450004232093,85,1.837209302325581,0
2023-11-13 09:00:00,224,224.5668299334162,215.98114802626324,234.57051759202804,90,2.4615384615384617,0
2023-11-13 10:00:00,189,184.8783960183353,171.1600978686805,194.13259563307489,92,2.032258064516129,0
2023-11-13 11:00:00,84,83.26858210193431,77.67985160569592,93.2302713751649,87,0.9545454545454546,0
2023-11-13 12:00:00,80,81.43300593102262,80.78367725559117,86.90685009062074,101,0.7843137254901961,0
2023-11-13 13:00:00,78,79.24437426420641,76.32062312350939,85.29454551518761,104,0.7428571428571429,0
2023-11-13 14:00:00,54,52.454606360437964,49.48753119874572,55.847021336434985,84,0.6352941176470588,0
2023-11-13 15:00:00,66,61.1349949722269,58.227159396948096,65.91585307895929,98,0.6666666666666666,0
2023-11-13 16:00:00,119,121.27324477125931,110.67284785530546,124.29384202833342,89,1.3222222222222222,0
2023-11-13 17:00:00,191,190.63104473692772,177.73519811456666,207.91884040803868,84,2.247058823529412,0
2023-11-13 18:00:00,271,266.4995912468309,253.1885724313587,276.6599178626699,73,3.6621621621621614,0
2023-11-13 19:00:00,244,241.15643719203038,241.15643719203038,264.18199851777894,68,3.536231884057971,0
2023-11-13 20:00:00,204,200.7838578694428,191.5424577716666,216.88921662364672,65,3.090909090909091,0
2023-11-13 21:00:00,113,116.35872329268638,111.25978157577647,124.6472208906121,58,1.915254237288136,0
2023-11-13 22:00:00,60,58.05156171210594,56.36511693342494,65.12473512775881,64,0.9230769230769232,0
2023-11-13 23:00:00,36,37.69060382872415,36.91192366133198,39.59270891255333,57,0.6206896551724138,0
2023-11-14 00:00:00,28,28.330392777551545,27.295896775710517,29.069295332908926,63,0.4375,0
2023-11-14 01:00:00,29,29.299185343666682,28.44880685015323,30.351135102934215,60,0.4754098360655737,0
2023-11-14 02:00:00,30,29.77417729013628,29.476778899291652,30.279108146152925,61,0.4838709677419355,0
2023-11-14 03:00:00,22,23.26259844693323,22.6553382287946,25.17693520232218,60,0.360655737704918,0
2023-11-14 04:00:00,27,26.969008241166662,26.95982935970476,27.895791151917354,62,0.4285714285714285,0
2023-11-14 05:00:00,29,29.578011350247543,29.578011350247543,31.119564446247775,51,0.5576923076923077,0
2023-11-14 06:00:00,43,42.68277686493164,40.37104955338754,44.005418941704356,55,0.7678571428571429,0
2023-11-14 07:00:00,75,79.13703121046339,73.63848024921822,83.78091687075376,71,1.0416666666666667,0
2023-11-14 08:00:00,180,190.65464810767708,163.59596190660903,204.63813768804823,68,2.608695652173913,0
2023-11-14 09:00:00,269,267.86394565255296,243.36014310209487,268.43378403752064,82,3.240963855421686,0
2023-11-14 10:00:00,160,163.32280028910475,153.5840048629575,168.85954702600608,91,1.7391304347826086,0
2023-11-14 11:00:00,97,97.55805236200472,91.47234699660864,100.14698129542508,91,1.0543478260869563,0
2023-11-14 12:00:00,90,91.04572128694277,84.13168613919983,93.5148649930831,95,0.9375,0
2023-11-14 13:00:00,86,86.43129793725612,81.92947586186024,88.95125698647722,102,0.8349514563106796,0
2023-11-14 14:00:00,49,48.78762041405304,45.44717197247814,52.74996398844042,105,0.4622641509433962,0
2023-11-14 15:00:00,65,66.41947205944899,60.25221042193086,72.35872370111846,91,0.7065217391304348,0
2023-11-14 16:00:00,158,149.17633665474094,124.20129950656043,149.8975077048131,88,1.7752808988764044,0
2023-11-14 17:00:00,225,223.4227406433781,206.98225947239408,234.6105302937497,81,2.7439024390243905,0
2023-11-14 18:00:00,301,297.09953477737906,277.24325355849413,307.49283374779145,67,4.426470588235294,0
2023-11-14 19:00:00,287,284.15666034913994,266.3286450718494,284.15666034913994,69,4.1,0
2023-11-14 20:00:00,185,190.7947335872271,188.37050599356834,203.79629756941648,63,2.890625,0
2023-11-14 21:00:00,131,128.50992082917824,117.50301118553635,136.02016558703937,64,2.0153846153846158,0
2023-11-14 22:00:00,74,72.50123017569916,59.83545064800633,79.16073857170124,57,1.2758620689655171,0
2023-11-14 23:00:00,38,39.712556710185225,37.49205400701236,41.10335754434217,56,0.6666666666666666,0
2023-11-15 00:00:00,32,32.108272944883474,30.977880817163165,32.41269977197312,60,0.5245901639344263,0
2023-11-15 01:00:00,32,31.65092771558371,30.86260167938337,31.879541214059547,63,0.5,0
2023-11-15 02:00:00,35,34.34514144431806,33.512650162789015,35.31783390166104,61,0.5645161290322581,0
2023-11-15 03:00:00,29,29.136303007552506,28.322018297689123,29.480174890479635,61,0.4677419354838709,0
2023-11-15 04:00:00,27,27.385036598825167,26.73508300819711,27.666286406241326,64,0.4153846153846154,0
2023-11-15 05:00:00,30,29.734711274261986,29.734711274261986,30.387034806880553,57,0.5172413793103449,0
2023-11-15 06:00:00,44,43.31487600429077,40.52294080734628,44.723400786828854,59,0.7333333333333333,0
2023-11-15 07:00:00,72,75.91569844729126,70.04283880668413,79.50275611196722,76,0.935064935064935,0
2023-11-15 08:00:00,154,156.17765750384348,150.4842332748998,168.2949697378765,76,2.0,0
2023-11-15 09:00:00,246,244.59944161686772,240.82257759818745,256.9949475861946,79,3.075,0
2023-11-15 10:00:00,176,174.4706676572549,163.56788840887884,178.74828820224906,88,1.9775280898876404,0
2023-11-15 11:00:00,96,97.98599109546682,95.05745517267358,106.08895006511065,91,1.0434782608695652,0
2023-11-15 12:00:00,106,102.39339058215943,93.83214285958444,102.39339058215943,101,1.03921568627451,0
2023-11-15 13:00:00,88,88.92817754070391,88.92817754070391,92.22378908922511,95,0.9166666666666666,0
2023-11-15 14:00:00,46,49.979809228997404,47.822463902815976,59.22980915111086,101,0.4509803921568627,0
2023-11-15 15:00:00,82,78.33863252485703,68.28073365243083,81.22657754760817,92,0.8817204301075269,0
2023-11-15 16:00:00,120,125.39289605612034,120.80705421092252,135.28325315832757,80,1.4814814814814814,0
2023-11-15 17:00:00,198,198.24460242565235,191.29590387300917,215.36716409151714,87,2.25,0
2023-11-15 18:00:00,308,304.65327851387514,282.4723415210202,306.9750720617709,78,3.8987341772151898,0
2023-11-15 19:00:00,274,282.3249714007437,267.79026453065416,290.49757224639984,71,3.8055555555555554,0
2023-11-15 20:00:00,214,212.71062229296825,202.7391347038775,229.09121161368904,58,3.6271186440677967,0
2023-11-15 21:00:00,135,135.3944092309876,122.3648253367866,138.89623371537425,57,2.327586206896552,0
2023-11-15 22:00:00,76,77.1288765538929,69.28457786483796,83.66836102051353,61,1.2258064516129032,0
2023-11-15 23:00:00,40,40.509313451945246,37.932426888629486,41.20082837422352,66,0.5970149253731343,0
2023-11-16 00:00:00,35,34.2211300118024,34.091869022867236,34.96882794754473,60,0.5737704918032787,0
2023-11-16 01:00:00,26,26.743877581113193,26.373701461233317,27.37115829376533,62,0.4126984126984127,0
2023-11-16 02:00:00,33,32.89145110490622,31.779613530515924,33.17772655026452,59,0.55,0
2023-11-16 03:00:00,29,28.713749973876713,28.540330967979198,29.786730873555932,55,0.5178571428571429,0
2023-11-16 04:00:00,34,33.805750126452224,32.231256491251834,34.17026984809977,64,0.5230769230769231,0
2023-11-16 05:00:00,32,31.736106359097725,31.33466180230507,32.13557030067359,63,0.5,0
2023-11-16 06:00:00,38,37.45356519866471,35.618915335491856,39.25528992651834,63,0.59375,0
2023-11-16 07:00:00,91,88.67480060496393,79.60730241774694,93.21424879059187,68,1.318840579710145,0
2023-11-16 08:00:00,201,198.96003792222243,178.60922340145325,198.96003792222243,80,2.4814814814814814,0
2023-11-16 09:00:00,266,267.1356392234752,254.12469253677114,288.132263039054,90,2.923076923076923,0
2023-11-16 10:00:00,173,168.6200949338534,149.83160959155288,168.6200949338534,101,1.696078431372549,0
2023-11-16 11:00:00,95,97.93658751050957,93.1110959219818,98.84448679103939,102,0.9223300970873788,0
2023-11-16 12:00:00,102,103.72696701792215,101.56686568531708,108.922233588372,99,1.02,0
2023-11-16 13:00:00,95,94.97438698172256,92.7701253494912,100.37422958349812,92,1.021505376344086,0
2023-11-16 14:00:00,59,56.122059260977885,53.37188085241625,58.4349492284409,100,0.5841584158415841,0
2023-11-16 15:00:00,61,63.642586719460176,63.27453231836451,70.23801591795761,98,0.6161616161616161,0
2023-11-16 16:00:00,138,136.17344598891302,123.46418945564876,137.42605142274473,95,1.4375,0
2023-11-16 17:00:00,217,210.66542043715648,183.0132985566846,214.24958716298735,92,2.333333333333333,0
2023-11-16 18:00:00,272,269.5547610806971,269.5547610806971,285.6974787172136,77,3.4871794871794872,0
2023-11-16 19:00:00,275,274.90720681602795,259.26833362035734,278.32442088151714,78,3.481012658227848,0
2023-11-16 20:00:00,218,220.28570398797117,217.26661251464682,242.98801861014917,54,3.963636363636364,0
2023-11-16 21:00:00,100,107.2525787955454,105.25071801484718,116.21589632601292,62,1.5873015873015872,0
2023-11-16 22:00:00,68,71.05352647533276,67.31216385825654,78.7884555007969,57,1.1724137931034482,0
2023-11-16 23:00:00,40,44.280758313793726,43.21571121621935,45.192126678634025,54,0.7272727272727273,0
2023-11-17 00:00:00,37,37.08460605661004,36.24514574636902,37.78569363056938,59,0.6166666666666667,0
2023-11-17 01:00:00,33,33.40773291552277,32.19221688867416,34.09310257249875,55,0.5892857142857143,0
2023-11-17 02:00:00,35,35.059394068625856,33.93777560195445,35.25627948595214,59,0.5833333333333334,0
2023-11-17 03:00:00,40,38.97905936489786,37.72252039530539,39.65580586145672,60,0.6557377049180327,0
2023-11-17 04:00:00,39,38.09951992970232,36.93315043994567,38.39494397120135,64,0.6,0
2023-11-17 05:00:00,39,38.67553354374675,38.51183883380246,39.051110712316216,55,0.6964285714285714,0
2023-11-17 06:00:00,45,43.744787949661436,40.83741763149252,45.91054260682689,63,0.703125,0
2023-11-17 07:00:00,104,102.67391123910633,93.03565009421705,106.4077905200928,69,1.4857142857142858,0
2023-11-17 08:00:00,213,214.1232455970564,206.1611604948403,224.96226856193425,82,2.566265060240964,0
2023-11-17 09:00:00,288,289.79553606206963,258.0738893887363,291.7159275683865,83,3.4285714285714284,0
2023-11-17 10:00:00,225,225.1241237270516,210.68070488265482,237.63709690199317,84,2.647058823529412,0
2023-11-17 11:00:00,109,110.18486428722937,101.16446067283465,116.42376793853096,89,1.211111111111111,0
2023-11-17 12:00:00,133,131.27965868092218,116.27893209318493,132.51214972286417,92,1.4301075268817205,0
2023-11-17 13:00:00,109,107.53621000934292,101.31235038067281,107.62135560158309,103,1.0480769230769231,0
2023-11-17 14:00:00,67,64.97639732758329,64.97639732758329,71.50443051062041,108,0.6146788990825688,0
2023-11-17 15:00:00,94,91.9969887909811,82.44691429156113,95.42769017934907,93,1.0,0
2023-11-17 16:00:00,169,164.49225253165025,145.9485646403861,165.0675636575325,95,1.7604166666666667,0
2023-11-17 17:00:00,230,230.24482196361632,218.0421656995997,237.54908486197897,78,2.911392405063291,0
2023-11-17 18:00:00,350,351.9644457044545,314.39518389179955,351.9644457044545,78,4.430379746835443,0
2023-11-17 19:00:00,361,354.2010074916074,324.1598337536653,362.961104275535,72,4.945205479452055,0
2023-11-17 20:00:00,276,266.60291087541526,253.6579383946369,279.7316652651608,55,4.928571428571429,0
2023-11-17 21:00:00,142,139.44973067966717,123.24962696558201,148.29249340506706,59,2.3666666666666667,0
2023-11-17 22:00:00,79,80.22537407237064,68.83840164254532,86.05540125014657,63,1.234375,0
2023-11-17 23:00:00,54,51.00192755249482,45.4996194866958,55.69282223521228,50,1.0588235294117647,0
2023-11-18 00:00:00,38,37.606572141576464,37.2025081128116,38.74336259805594,57,0.6551724137931034,0
2023-11-18 01:00:00,40,39.574984417355296,38.641049991907465,40.23940133936865,54,0.7272727272727273,0
2023-11-18 02:00:00,46,44.557634848303074,42.025515558559036,46.753393201794864,55,0.8214285714285714,0
2023-11-18 03:00:00,40,41.05814993070561,38.79426713582334,41.05814993070561,52,0.7547169811320755,0
2023-11-18 04:00:00,38,38.81608907233527,38.11393327988628,40.250934247295284,48,0.7755102040816326,0
2023-11-18 05:00:00,39,39.08690933450547,37.711613105609004,39.81927666442881,55,0.6964285714285714,0
2023-11-18 06:00:00,55,54.52236305414271,50.88807082338803,56.927206525150254,53,1.0185185185185186,0
2023-11-18 07:00:00,102,102.53414173872682,100.0431865476374,109.90332567752868,61,1.6451612903225807,0
2023-11-18 08:00:00,242,240.32468924410458,233.49599785459606,250.6587397353797,73,3.27027027027027,0
2023-11-18 09:00:00,341,342.6392680776542,316.7020450098479,348.2547565977813,78,4.316455696202532,0
2023-11-18 10:00:00,274,272.06204410736404,238.18191828395265,292.5492517238101,90,3.010989010989011,0
2023-11-18 11:00:00,137,134.1032952014367,119.20532555639146,138.79817859024095,85,1.5930232558139534,0
2023-11-18 12:00:00,126,131.97369552811787,129.19828305779572,138.5994758990187,84,1.4823529411764709,0
2023-11-18 13:00:00,137,134.80083894967137,121.91334085846283,151.20045229616474,87,1.556818181818182,0
2023-11-18 14:00:00,71,71.74360364866773,66.20693773254708,78.32232699307042,89,0.7888888888888889,0
2023-11-18 15:00:00,86,87.67829507287354,85.5100394991181,97.61702506426782,90,0.945054945054945,0
2023-11-18 16:00:00,174,176.25937745166894,157.55883110286052,180.05923248917304,74,2.32,0
2023-11-18 17:00:00,328,330.22998069557167,290.74719106404586,334.3051723854545,75,4.315789473684211,0
2023-11-18 18:00:00,389,367.1661455904754,342.24027970562395,396.24134695788075,75,5.118421052631579,0
2023-11-18 19:00:00,384,421.02092539841607,356.9526946214861,421.02092539841607,60,6.295081967213115,0
2023-11-18 20:00:00,333,292.4491999826776,291.9400581262191,331.62937832025807,56,5.842105263157895,0
2023-11-18 21:00:00,157,149.90192055332867,149.90192055332867,169.50637638121825,54,2.8545454545454545,0
2023-11-18 22:00:00,85,93.8673781512651,79.13944877027211,94.40382174425294,56,1.4912280701754386,0
2023-11-18 23:00:00,49,51.448487618451814,49.2637600123701,58.20509085366831,50,0.9607843137254902,0
2023-11-19 00:00:00,38,37.10553066715067,36.383049232419715,39.04566795816363,50,0.7450980392156863,0
2023-11-19 01:00:00,38,37.47178625757367,36.08403955091356,38.43623386391181,53,0.7037037037037037,0
2023-11-19 02:00:00,42,42.30179166469973,39.61747736342676,42.81308445153637,48,0.8571428571428571,0
2023-11-19 03:00:00,38,38.14931673769238,36.287890045713645,38.60091807732352,52,0.7169811320754716,0
2023-11-19 04:00:00,36,36.4109038278358,35.34616631605105,37.10296304359595,54,0.6545454545454545,0
2023-11-19 05:00:00,38,36.81901791290407,36.31841455366713,37.60979150549738,59,0.6333333333333333,0
2023-11-19 06:00:00,50,50.858987603003094,47.53100300916232,51.994784005802295,54,0.9090909090909092,0
2023-11-19 07:00:00,91,95.57696010191329,89.05339503696034,101.6983406646914,63,1.421875,0
2023-11-19 08:00:00,282,274.6071361598689,251.1844884841418,276.1667496593285,73,3.810810810810811,0
2023-11-19 09:00:00,319,321.17761100715165,296.8800050241507,347.219189253857,71,4.430555555555555,0
2023-11-19 10:00:00,231,229.7950023789205,219.81602811905015,237.39204329281796,80,2.851851851851852,0
2023-11-19 11:00:00,126,126.45724729242491,114.29854615553397,132.12333533808555,98,1.2727272727272727,0
2023-11-19 12:00:00,130,127.81497725422341,113.19004923007653,131.2159155292027,87,1.4772727272727273,0
2023-11-19 13:00:00,114,116.38030020885158,114.01369865817348,125.04326298522967,94,1.2,0
2023-11-19 14:00:00,64,63.47314329689907,61.15645272761615,72.09325096484065,92,0.6881720430107527,0
2023-11-19 15:00:00,92,91.75175064453386,85.10251252420079,92.37998717676042,77,1.1794871794871795,0
2023-11-19 16:00:00,167,161.43544685606628,152.91456465223854,176.30371649827413,82,2.0120481927710845,0
2023-11-19 17:00:00,252,252.04280971456075,250.67538450150835,260.6643833587661,75,3.3157894736842106,0
2023-11-19 18:00:00,395,386.5372470669487,344.24477564309456,391.6364829630893,69,5.642857142857143,0
2023-11-19 19:00:00,361,350.0076316267861,340.43812439299063,376.1356621636179,58,6.11864406779661,0
2023-11-19 20:00:00,285,276.3840042483404,276.3840042483404,377.1998767206234,49,5.7,0
2023-11-19 21:00:00,181,170.2452144324558,164.104135666216,186.34400455016154,51,3.480769230769231,0
2023-11-19 22:00:00,87,84.62067579289238,80.84926431249141,92.36389663063105,52,1.6415094339622642,0
2023-11-19 23:00:00,53,54.10429469718322,52.0140242323052,56.70095191292198,57,0.913793103448276,0
2023-11-20 00:00:00,29,28.473600757003368,27.636509126864087,29.74846929659678,67,0.4264705882352941,0
2023-11-20 01:00:00,26,25.85121446419433,25.85121446419433,26.649602696341795,65,0.3939393939393939,0
2023-11-20 02:00:00,28,27.546683325851067,27.185411978468014,28.180286073676285,63,0.4375,0
2023-11-20 03:00:00,28,27.906989362627275,27.791148370608084,29.611582151295874,56,0.4912280701754385,0
2023-11-20 04:00:00,26,26.078539624201913,25.887261001223457,27.20224386696067,59,0.4333333333333333,0
2023-11-20 05:00:00,34,33.49454691300397,32.14103134260505,33.824230838598574,61,0.5483870967741935,0
2023-11-20 06:00:00,32,32.56293695238349,32.547319878767446,34.788693910844465,58,0.5423728813559322,0
2023-11-20 07:00:00,69,70.27109494962289,65.95777267943737,79.35786224181207,71,0.9583333333333334,0
2023-11-20 08:00:00,186,180.943740172276,162.49450270292058,192.1383677500822,81,2.268292682926829,0
2023-11-20 09:00:00,239,233.9254132818443,220.97354683595458,247.93094233686108,88,2.6853932584269664,0
2023-11-20 10:00:00,155,159.943145997196,156.9075154428812,184.1509249336992,97,1.5816326530612246,0
2023-11-20 11:00:00,93,91.99344783526423,87.5601743255191,97.84254887335214,91,1.0108695652173914,0
2023-11-20 12:00:00,102,100.55201103860605,89.74237885502079,100.55201103860605,105,0.9622641509433962,0
2023-11-20 13:00:00,85,82.82751790212163,80.13713092867663,87.97361183551497,96,0.8762886597938144,0
2023-11-20 14:00:00,61,57.81268611098523,55.60221932628204,60.000289348408046,94,0.6421052631578947,0
2023-11-20 15:00:00,56,59.65256726564182,59.24962886892694,70.88777698478218,99,0.56,0
2023-11-20 16:00:00,127,126.61208506340877,113.44153952230678,133.7779690583266,98,1.2828282828282829,0
2023-11-20 17:00:00,218,214.95040138142846,197.31200572889344,220.64592660293178,87,2.477272727272727,0
2023-11-20 18:00:00,280,279.0705869912479,269.45638794115115,285.38281005281186,77,3.58974358974359,0
2023-11-20 19:00:00,256,251.58733926685582,246.05834074398186,264.42215840432914,70,3.6056338028169015,0
2023-11-20 20:00:00,194,196.48067974987757,191.26465889188634,209.43589135919262,60,3.180327868852459,0
2023-11-20 21:00:00,124,120.91850981058482,120.91850981058482,130.98211089478616,56,2.175438596491228,0
2023-11-20 22:00:00,68,64.20248608855042,59.73488840357972,68.82709482738855,56,1.1929824561403508,0
2023-11-20 23:00:00,40,39.152552334547025,38.68427178634833,42.754207296504475,60,0.6557377049180327,0
2023-11-21 00:00:00,32,31.866352734316013,31.187979127141446,32.25576236003248,60,0.5245901639344263,0
2023-11-21 01:00:00,27,27.190298818322354,26.65165991475785,27.94808369670095,60,0.4426229508196721,0
2023-11-21 02:00:00,29,29.08150299838972,28.40886391447211,29.463373381630767,62,0.4603174603174603,0
2023-11-21 03:00:00,27,26.80873734169065,26.324603570139033,27.565156719521283,59,0.45,0
2023-11-21 04:00:00,28,28.181526443311384,27.420409044394546,28.91431848058311,62,0.4444444444444444,0
2023-11-21 05:00:00,33,32.85162851696887,32.10425175390516,33.1114821098577,59,0.55,0
2023-11-21 06:00:00,39,38.721728657786336,36.263725838991355,40.05403884122726,67,0.5735294117647058,0
2023-11-21 07:00:00,100,91.96717983195194,81.16118451682232,98.31426921795315,69,1.4285714285714286,0
2023-11-21 08:00:00,180,177.6905403965698,161.90142131349225,183.11118493425417,89,2.0,0
2023-11-21 09:00:00,240,240.97396624333587,233.17398048598935,257.0829964055891,87,2.727272727272727,0
2023-11-21 10:00:00,180,178.91930572178347,162.51670065294215,178.91930572178347,90,1.978021978021978,0
2023-11-21 11:00:00,89,91.16070564706324,87.75733558754256,96.49843367851467,91,0.967391304347826,0
2023-11-21 12:00:00,96,97.56404815268327,89.49466588734822,100.40633381361522,91,1.0434782608695652,0
2023-11-21 13:00:00,98,95.6272888620998,90.13906295317425,97.96965065861788,94,1.0315789473684212,0
2023-11-21 14:00:00,53,53.341846574983045,49.03476938277538,56.035975561867176,94,0.5578947368421052,0
2023-11-21 15:00:00,64,64.27041736931795,60.33080687420948,67.90425944216385,98,0.6464646464646465,0
2023-11-21 16:00:00,118,118.4504881747257,118.4504881747257,138.30498942135085,88,1.3258426966292134,0
2023-11-21 17:00:00,203,199.20426727515442,193.32956053798353,221.1468448636771,86,2.333333333333333,0
2023-11-21 18:00:00,278,278.19255766465966,261.74587910467744,297.4196954780477,84,3.2705882352941176,0
2023-11-21 19:00:00,304,311.0700753529444,283.5326802196346,311.0700753529444,69,4.342857142857143,0
2023-11-21 20:00:00,189,193.05729279190012,167.46411766138482,211.03530377253313,68,2.739130434782609,0
2023-11-21 21:00:00,124,129.43717392526764,123.91522794209133,134.3963787998577,56,2.175438596491228,0
2023-11-21 22:00:00,69,67.87652509123451,65.5052270493865,76.6230000167493,59,1.15,0
2023-11-21 23:00:00,35,36.62228722349491,34.73113018529347,37.562233359650364,58,0.5932203389830508,0
2023-11-22 00:00:00,28,28.14131604890811,27.401917771937487,28.85730703206521,63,0.4375,0
2023-11-22 01:00:00,28,28.80277231140549,27.84122941066764,30.317204083210488,52,0.5283018867924528,0
2023-11-22 02:00:00,28,28.593692094141673,27.847652844324855,29.1947014335472,55,0.5,0
2023-11-22 03:00:00,30,29.754443068081564,29.491497792581242,30.376435554753332,60,0.4918032786885246,0
2023-11-22 04:00:00,29,28.549964258515793,27.862299034998763,29.153472001228096,66,0.4328358208955223,0
2023-11-22 05:00:00,29,29.136303007552506,28.735411802173854,29.619419064771414,61,0.4677419354838709,0
2023-11-22 06:00:00,41,41.03863016919082,40.548990898178936,41.756873930298376,55,0.7321428571428571,0
2023-11-22 07:00:00,96,94.2865357669776,80.96422548083287,96.08569041207195,64,1.476923076923077,0
2023-11-22 08:00:00,207,192.48403736821203,172.16364373839846,192.74665754084552,86,2.3793103448275863,0
2023-11-22 09:00:00,210,211.04007296557,211.04007296557,230.7284049765753,82,2.5301204819277108,0
2023-11-22 10:00:00,191,188.52371619258443,171.0751781070225,191.04849298057158,86,2.1954022988505746,0
2023-11-22 11:00:00,94,95.21524466943269,89.3567046904862,95.21524466943269,105,0.8867924528301887,0
2023-11-22 12:00:00,100,100.08991888911618,95.10323628114253,103.23555479906277,105,0.9433962264150944,0
2023-11-22 13:00:00,89,88.59770037612942,82.23764727620258,91.83763865248048,108,0.8165137614678899,0
2023-11-22 14:00:00,54,49.75275491627971,47.67489954667439,54.725457301669024,94,0.5684210526315789,0
2023-11-22 15:00:00,71,72.96464193462467,67.33192946084877,79.99962273360433,88,0.797752808988764,0
2023-11-22 16:00:00,124,125.40376690836247,112.54285867522914,125.40376690836247,92,1.3333333333333333,0
2023-11-22 17:00:00,200,199.65243162774448,189.75775952958136,207.61321167802495,87,2.272727272727273,0
2023-11-22 18:00:00,272,275.9536273283385,265.9000000030596,288.9924084682757,79,3.4,0
2023-11-22 19:00:00,288,289.90896715119476,271.91356157017344,289.9414990708355,75,3.789473684210526,0
2023-11-22 20:00:00,226,226.10261895204076,218.32334122983744,242.36328885126926,54,4.109090909090909,0
2023-11-22 21:00:00,139,135.3142315732965,126.90898124190387,146.40143641824415,63,2.171875,0
2023-11-22 22:00:00,67,69.73395806843052,63.856012390167514,75.51725658618608,56,1.1754385964912282,0
2023-11-22 23:00:00,42,41.58187217688772,39.64368336961293,43.02893294646572,63,0.65625,0
2023-11-23 00:00:00,33,32.696652353247856,32.31380798885333,33.49897789445264,58,0.559322033898305,0
2023-11-23 01:00:00,34,33.196138771536134,32.87096429594386,34.74768030960355,57,0.5862068965517241,0
2023-11-23 02:00:00,31,31.40822968437344,30.183350741521316,31.46872732624871,58,0.5254237288135594,0
2023-11-23 03:00:00,30,29.962348729163914,29.87148856733857,30.4121380531825,55,0.5357142857142857,0
2023-11-23 04:00:00,31,30.826819284605673,30.786892515909962,31.657426225673245,60,0.5081967213114754,0
2023-11-23 05:00:00,29,29.15584857380379,29.12522109684578,29.594850625069814,57,0.5,0
2023-11-23 06:00:00,40,39.197779964331104,37.94362387215836,41.195263437266085,63,0.625,0
2023-11-23 07:00:00,91,89.52169667533938,82.26899586551917,95.052304303464,72,1.2465753424657535,0
2023-11-23 08:00:00,197,191.8487208695953,186.76771502803592,204.59246784196617,86,2.264367816091954,0
2023-11-23 09:00:00,247,251.2009997949893,230.87226834737012,258.92407821219297,87,2.8068181818181817,0
2023-11-23 10:00:00,191,191.30890930420333,170.7058171640846,199.02065393833158,94,2.0105263157894737,0
2023-11-23 11:00:00,93,94.4054225225776,89.53553825538802,94.4054225225776,104,0.8857142857142857,0
2023-11-23 12:00:00,108,104.25463402836732,101.88228806370327,109.95777582947647,95,1.125,0
2023-11-23 13:00:00,94,96.22233183667983,92.31467329024514,97.99083487245595,91,1.0217391304347827,0
2023-11-23 14:00:00,54,53.76753254020443,52.78056756166655,56.77761397619566,100,0.5346534653465347,0
2023-11-23 15:00:00,70,67.52529915350713,61.80987039508273,69.88858157308682,88,0.7865168539325843,0
2023-11-23 16:00:00,133,131.57393763556612,119.22874016465337,142.54560500754374,106,1.2429906542056075,0
2023-11-23 17:00:00,214,211.8574201759716,194.6280367924697,218.58236653580664,93,2.276595744680851,0
2023-11-23 18:00:00,307,301.8691648423737,266.90788098959564,301.8691648423737,88,3.449438202247191,0
2023-11-23 19:00:00,282,284.91694218065436,274.4085441474461,290.0110850556652,69,4.0285714285714285,0
2023-11-23 20:00:00,252,246.09030062079412,234.25133816991428,254.07827843817557,62,4.0,0
2023-11-23 21:00:00,151,137.7243798300262,117.22737294488779,145.7314733106354,58,2.559322033898305,0
2023-11-23 22:00:00,67,67.62372227383182,61.3601307452217,77.8151649834964,63,1.046875,0
2023-11-23 23:00:00,43,43.07974091695819,41.126085744811995,43.73445875512322,56,0.7543859649122807,0
2023-11-24 00:00:00,34,35.17716366859967,34.02792307971274,36.37065496191431,52,0.6415094339622641,0
2023-11-24 01:00:00,35,34.68559679013091,34.20132907055845,35.118433417710264,57,0.603448275862069,0
2023-11-24 02:00:00,42,41.658569733500414,39.130736114212844,41.665534546951044,55,0.75,0
2023-11-24 03:00:00,35,35.49823339899861,33.304281316343676,36.56456897878389,66,0.5223880597014925,0
2023-11-24 04:00:00,37,36.61799349325457,34.693818645168186,37.604659093512204,67,0.5441176470588235,0
2023-11-24 05:00:00,38,38.23774232839071,38.14642005480029,38.913936701845856,55,0.6785714285714286,0
2023-11-24 06:00:00,43,42.60839849279742,40.6911217110005,43.72945106968955,65,0.6515151515151515,0
2023-11-24 07:00:00,93,95.44016500982475,87.9360426865597,101.43697184754875,73,1.2567567567567568,0
2023-11-24 08:00:00,197,202.82532395220204,193.35398350112808,218.35404914525242,70,2.7746478873239435,0
2023-11-24 09:00:00,272,273.01169935032226,259.127358405802,279.9439537472735,83,3.238095238095238,0
2023-11-24 10:00:00,173,172.83629417649476,172.57152642103725,214.71822225417105,88,1.9438202247191008,0
2023-11-24 11:00:00,120,118.18377199665298,107.43727933743176,119.41564307437015,100,1.188118811881188,0
2023-11-24 12:00:00,139,135.03956209174626,122.23245279894026,137.99754449927389,92,1.4946236559139785,0
2023-11-24 13:00:00,111,111.58592387023921,106.05244168067011,115.54543080264928,99,1.11,0
2023-11-24 14:00:00,57,59.56435061299721,56.09549313425448,68.78120008478852,95,0.59375,0
2023-11-24 15:00:00,79,78.58339507010808,78.58339507010808,83.48409934998294,99,0.79,0
2023-11-24 16:00:00,150,147.63347569865206,142.42981865137992,161.05363308528894,90,1.6483516483516485,0
2023-11-24 17:00:00,237,238.38567580328288,226.73225479116098,244.77293114027492,82,2.855421686746988,0
2023-11-24 18:00:00,361,368.70790972983616,322.8350492382209,369.11068029515263,76,4.688311688311688,0
2023-11-24 19:00:00,360,353.1589951212199,322.8027658514465,353.1589951212199,78,4.556962025316456,0
2023-11-24 20:00:00,235,242.98397926239164,242.98397926239164,263.35124743551773,59,3.9166666666666665,0
2023-11-24 21:00:00,164,176.02843529858745,155.15977406125285,176.02843529858745,56,2.8771929824561404,0
2023-11-24 22:00:00,94,87.10498377076686,76.84900841479667,93.66031705885055,62,1.492063492063492,0
2023-11-24 23:00:00,58,53.28246071972772,50.05874897101723,58.325581972398304,59,0.9666666666666668,0
2023-11-25 00:00:00,51,46.49666478003304,43.957745255484824,49.22294236024305,49,1.02,0
2023-11-25 01:00:00,38,37.621533233729146,35.80267602786514,38.558192403031576,60,0.6229508196721312,0
2023-11-25 02:00:00,51,48.47980974841706,44.225818278887786,49.9448466036286,52,0.9622641509433962,0
2023-11-25 03:00:00,39,39.34358458527667,38.31108150760661,39.8349313332634,52,0.7358490566037735,0
2023-11-25 04:00:00,39,39.90408131738379,38.97791060101228,40.17529877058749,53,0.7222222222222222,0
2023-11-25 05:00:00,43,41.3098200665663,39.35060871453766,42.73738543389393,59,0.7166666666666667,0
2023-11-25 06:00:00,51,49.95021492130501,48.8264929702072,54.314066173744955,48,1.0408163265306123,0
2023-11-25 07:00:00,117,115.54476810488435,101.25068767158946,115.54476810488435,62,1.8571428571428568,0
2023-11-25 08:00:00,222,224.5401316814099,209.78389753879853,228.082796470294,77,2.8461538461538463,0
2023-11-25 09:00:00,326,324.0865597716827,311.0759050239802,327.0365812609813,75,4.289473684210527,0
2023-11-25 10:00:00,274,269.32481868953056,255.67132574478697,309.0611653664527,75,3.6052631578947367,0
2023-11-25 11:00:00,129,131.82052853251832,124.49044792807535,143.94396050792037,81,1.5731707317073171,0
2023-11-25 12:00:00,135,134.7413195066524,121.72437168129738,137.5624075255372,88,1.5168539325842696,0
2023-11-25 13:00:00,130,128.8043428733177,120.34762857764265,139.09262580482076,95,1.3541666666666667,0
2023-11-25 14:00:00,80,77.3674108403069,70.29868138291984,80.99249120438458,85,0.9302325581395348,0
2023-11-25 15:00:00,83,84.71173139647178,78.00152650267941,89.35074984623009,89,0.9222222222222224,0
2023-11-25 16:00:00,185,182.61416337946804,165.81442963965048,189.0092751480509,74,2.466666666666667,0
2023-11-25 17:00:00,286,286.445327635479,286.445327635479,298.2106848904417,69,4.085714285714285,0
2023-11-25 18:00:00,389,401.97430105545897,353.1921499027193,401.97430105545897,66,5.8059701492537314,0
2023-11-25 19:00:00,417,413.1951112210998,359.84648852091595,417.87332543366404,66,6.223880597014926,0
2023-11-25 20:00:00,266,241.08826869365353,241.08826869365353,342.7964646716501,53,4.925925925925926,0
2023-11-25 21:00:00,163,151.28654048407847,151.28654048407847,161.2594705654596,54,2.963636363636364,0
2023-11-25 22:00:00,81,85.66037555414992,78.84525827165722,91.74179331418803,54,1.4727272727272729,0
2023-11-25 23:00:00,54,52.14629942492715,48.34259273416336,56.40461963873875,56,0.9473684210526316,0
2023-11-26 00:00:00,41,40.24694688609004,40.23162138624528,43.50755585715986,51,0.7884615384615384,0
2023-11-26 01:00:00,37,37.24245610922775,36.9685317825664,37.858129720736954,55,0.6607142857142857,0
2023-11-26 02:00:00,33,33.928364528934495,33.928364528934495,36.09191427276078,50,0.6470588235294118,0
2023-11-26 03:00:00,36,35.682679201848046,34.39749809959909,36.74883571345922,59,0.6,0
2023-11-26 04:00:00,33,34.05106657700345,33.0012990029486,34.66485256149981,50,0.6470588235294118,0
2023-11-26 05:00:00,35,35.509883371531544,35.17090654067111,36.26706662241236,50,0.6862745098039216,0
2023-11-26 06:00:00,51,51.770471641206,47.757696456378284,51.89237693447261,55,0.9107142857142856,0
2023-11-26 07:00:00,95,92.26108513944969,86.50720506477683,97.68903651167766,61,1.532258064516129,0
2023-11-26 08:00:00,248,247.95196950672613,240.20232499365483,265.6087658116405,69,3.5428571428571427,0
2023-11-26 09:00:00,304,299.5447933825516,299.5447933825516,301.79506700561404,76,3.948051948051948,0
2023-11-26 10:00:00,229,232.044317339451,229.49989243796,257.0157358026213,75,3.013157894736842,0
2023-11-26 11:00:00,117,116.34712395061028,106.81765027283919,126.7865008947366,93,1.24468085106383,0
2023-11-26 12:00:00,131,130.71467035475155,122.60306705239668,136.32841974297332,92,1.4086021505376345,0
2023-11-26 13:00:00,122,118.58913897346082,110.70912415711996,127.67574879867993,95,1.2708333333333333,0
2023-11-26 14:00:00,69,69.28043097683177,62.74499134641112,78.0550306140898,84,0.8117647058823529,0
2023-11-26 15:00:00,91,88.7797401043646,84.6845100126658,95.02695948634222,87,1.0340909090909092,0
2023-11-26 16:00:00,160,160.04914977123127,156.3174882542845,170.65311927110005,81,1.951219512195122,0
2023-11-26 17:00:00,281,277.22136592606074,258.38259952441985,280.59152438711794,80,3.469135802469136,0
2023-11-26 18:00:00,343,338.6608285531799,325.9407968516941,355.77471651742866,73,4.635135135135135,0
2023-11-26 19:00:00,353,355.74140675422666,350.45112542964,366.3034644731542,61,5.693548387096774,0
2023-11-26 20:00:00,263,273.19825269448205,266.46262612200496,280.50629098203314,48,5.36734693877551,0
2023-11-26 21:00:00,156,153.39026577291295,142.33060702836266,164.26227680043664,59,2.6,0
2023-11-26 22:00:00,82,80.35821477428003,79.32002608510666,86.24054462580119,55,1.4642857142857142,0
2023-11-26 23:00:00,54,53.44562419596596,50.24874951652121,57.56141809975326,51,1.0384615384615383,0
2023-11-27 00:00:00,43,44.80194294074443,39.27560780551891,50.31313260463248,55,0.7678571428571429,1
2023-11-27 01:00:00,42,42.21283136757775,38.5290870005834,48.12602097175985,49,0.84,1
2023-11-27 02:00:00,35,36.2825755920019,33.41165556377081,39.22268310692618,58,0.5932203389830508,1
2023-11-27 03:00:00,43,43.99353964046158,39.27317312006277,47.516455069210686,49,0.86,1
2023-11-27 04:00:00,38,37.95179749417177,35.23997444675057,41.27978933762946,53,0.7037037037037037,1
2023-11-27 05:00:00,41,40.911499841793535,38.98424894623983,44.42043306520074,55,0.7321428571428571,1
2023-11-27 06:00:00,45,44.59535517039333,40.828349155748505,51.36906840961295,58,0.7627118644067796,1
2023-11-27 07:00:00,102,105.17128802157129,82.73084029700158,105.17128802157129,64,1.5692307692307692,1
2023-11-27 08:00:00,172,172.866743557723,166.71756806355273,192.57282789237019,80,2.123456790123457,0
2023-11-27 09:00:00,201,200.88146221299652,200.88146221299652,218.0754655306109,85,2.3372093023255816,0
2023-11-27 10:00:00,177,174.40567647697134,162.32047500373082,182.4058764564246,91,1.923913043478261,0
2023-11-27 11:00:00,98,98.39923038658333,93.88522815353879,104.60324016114716,97,1.0,0
2023-11-27 12:00:00,90,91.14368376529171,89.54389988258026,99.71594532972544,98,0.9090909090909092,0
2023-11-27 13:00:00,95,95.7213415727997,88.4951699709176,102.60171880556867,90,1.043956043956044,0
2023-11-27 14:00:00,49,52.85826290674913,50.636289592074135,58.31215986201105,95,0.5104166666666666,0
2023-11-27 15:00:00,69,63.21372079517197,59.50508567688848,71.37433694911489,97,0.7040816326530612,0
2023-11-27 16:00:00,100,105.25797773803379,105.25797773803379,115.72427326972576,90,1.098901098901099,0
2023-11-27 17:00:00,241,240.02577288467165,219.03355437398162,243.24914136866144,84,2.835294117647059,0
2023-11-27 18:00:00,294,292.00172668171734,280.2079221156329,298.32278822708025,76,3.8181818181818175,0
2023-11-27 19:00:00,255,261.711624302916,250.06528158346669,277.8517972589767,65,3.863636363636364,0
2023-11-27 20:00:00,170,177.26107007754905,177.26107007754905,192.83075073949217,58,2.8813559322033897,0
2023-11-27 21:00:00,123,123.81067926039213,118.87116500217994,135.41199092991545,59,2.05,0
2023-11-27 22:00:00,57,59.66214614378809,58.55600250432666,73.20887725094101,60,0.9344262295081968,0
2023-11-27 23:00:00,40,39.44585754846379,38.903016044373906,43.7138276444387,61,0.6451612903225806,0
2023-11-28 00:00:00,30,29.77985736644885,29.44252106341125,30.744622989008867,59,0.5,0
2023-11-28 01:00:00,27,27.25954328772328,26.901090079274,27.856001934196716,56,0.4736842105263157,0
2023-11-28 02:00:00,32,31.817455780679726,31.67649684086916,32.32600739676578,55,0.5714285714285714,0
2023-11-28 03:00:00,31,29.481689150443938,28.856331975602977,30.78114886138741,70,0.4366197183098591,0
2023-11-28 04:00:00,32,31.71579225172461,31.234407305896458,32.77784835865159,56,0.5614035087719298,0
2023-11-28 05:00:00,30,30.141783280341066,30.088203485682506,30.668666170730713,58,0.5084745762711864,0
2023-11-28 06:00:00,34,34.58376918141583,34.31838570497794,36.456235506694654,62,0.5396825396825397,0
2023-11-28 07:00:00,88,92.35679010805349,77.05576351734994,98.54570822283014,70,1.2394366197183098,0
2023-11-28 08:00:00,174,177.04376204195248,164.20121791581388,184.97073302761137,80,2.1481481481481484,0
2023-11-28 09:00:00,214,214.84596567752723,206.37927854319793,228.10636470027654,83,2.5476190476190474,0
2023-11-28 10:00:00,198,193.32876005168222,174.020339043653,194.12966249639055,93,2.106382978723404,0
2023-11-28 11:00:00,111,108.83626617803036,97.78069298467001,108.83626617803036,96,1.1443298969072164,0
2023-11-28 12:00:00,96,97.76954576466963,94.40195058052015,101.53387116593191,97,0.979591836734694,0
2023-11-28 13:00:00,107,106.0750839301047,99.24237814741431,106.0750839301047,101,1.0490196078431373,0
2023-11-28 14:00:00,53,52.10595882941266,48.532017547848945,57.929085422816065,105,0.5,0
2023-11-28 15:00:00,66,66.9635075360566,61.866350178921344,71.40598740808286,96,0.6804123711340206,0
2023-11-28 16:00:00,121,121.79451941936107,109.74567830418222,125.13444964157686,91,1.315217391304348,0
2023-11-28 17:00:00,240,236.05978728258935,212.48208676137367,236.05978728258935,91,2.608695652173913,0
2023-11-28 18:00:00,259,257.19764801526287,248.75072164741923,280.2082013695564,82,3.1204819277108435,0
2023-11-28 19:00:00,293,289.3682654139251,280.2335545021129,293.1172430858336,76,3.805194805194805,0
2023-11-28 20:00:00,201,198.84211186445486,198.01673743287236,221.788621122462,54,3.654545454545455,0
2023-11-28 21:00:00,122,121.87070617324116,111.6714067939071,131.53158771335958,63,1.90625,0
2023-11-28 22:00:00,74,69.75555525843714,64.57645685883693,75.73747984660864,62,1.1746031746031746,0
2023-11-28 23:00:00,39,39.96402370017852,38.54144527675371,42.053499187900485,57,0.6724137931034483,0
2023-11-29 00:00:00,29,29.034761528727447,28.39775356509878,29.378953084135688,61,0.4677419354838709,0
2023-11-29 01:00:00,33,32.424459841112544,31.82088158211615,33.032551178108754,64,0.5076923076923077,0
2023-11-29 02:00:00,34,33.813193863075156,33.007667591990376,34.55073632518007,57,0.5862068965517241,0
2023-11-29 03:00:00,31,31.10462460236869,30.774150072483685,31.759391509542372,62,0.492063492063492,0
2023-11-29 04:00:00,28,28.185361919727544,27.12308764502865,28.711334638577984,63,0.4375,0
2023-11-29 05:00:00,29,28.922710968760974,28.675585842786074,29.712010531060997,56,0.5087719298245614,0
2023-11-29 06:00:00,39,39.97031242260757,37.413995704329665,39.97031242260757,59,0.65,0
2023-11-29 07:00:00,85,86.97580817278553,82.24074622435194,95.9709486005191,70,1.1971830985915493,0
2023-11-29 08:00:00,168,167.0187455775627,165.71671183924312,193.84791768592558,74,2.24,0
2023-11-29 09:00:00,259,262.13406634004514,229.53117959957183,262.13406634004514,81,3.158536585365854,0
2023-11-29 10:00:00,183,184.92433012831418,172.93594206957926,199.84330349286788,91,1.9891304347826089,0
2023-11-29 11:00:00,83,85.48949815643792,82.77037696456897,89.79327665937495,101,0.8137254901960784,0
2023-11-29 12:00:00,91,91.18506027268603,89.51692877291332,94.64790102025216,103,0.875,0
2023-11-29 13:00:00,88,91.15266246102584,85.55579411748225,94.43058044823712,95,0.9166666666666666,0
2023-11-29 14:00:00,53,52.15498617958839,48.503064692512716,54.16252357655112,103,0.5096153846153846,0
2023-11-29 15:00:00,81,78.20123414769495,69.54191611191733,80.53083504564665,91,0.8804347826086957,0
2023-11-29 16:00:00,132,133.09057114872806,117.0122824032024,139.90240994199922,83,1.5714285714285714,0
2023-11-29 17:00:00,201,203.61992696466197,196.75688050484786,211.8108933876853,83,2.392857142857143,0
2023-11-29 18:00:00,287,287.8963383108992,260.5753177131821,288.96815106261107,83,3.4166666666666665,0
2023-11-29 19:00:00,274,281.5094118985438,258.79970997867935,283.2280279027497,72,3.7534246575342474,0
2023-11-29 20:00:00,221,220.53997105095632,214.36545073190595,240.1777345713104,60,3.622950819672131,0
2023-11-29 21:00:00,136,136.09734822371774,129.16677814148994,143.10833043824294,59,2.2666666666666666,0
2023-11-29 22:00:00,76,72.67212247550025,64.57360467471356,83.07667642725329,59,1.2666666666666666,0
2023-11-29 23:00:00,41,41.97657915440925,40.014694714777534,42.74606182848332,60,0.6721311475409836,0
2023-11-30 00:00:00,35,35.01555097524177,34.42967343197205,35.01555097524177,56,0.6140350877192983,0
2023-11-30 01:00:00,33,32.931756426744265,32.450015459377155,33.895979848971066,59,0.55,0
2023-11-30 02:00:00,29,28.89542785706508,28.58661573270359,30.01704880220232,59,0.4833333333333333,0
2023-11-30 03:00:00,37,36.29288963847332,35.951214709396176,36.47361030039091,55,0.6607142857142857,0
2023-11-30 04:00:00,32,31.826917237085937,31.826917237085937,32.65920965452588,57,0.5517241379310345,0
2023-11-30 05:00:00,30,29.813999878073624,29.522696182679248,30.717844737887287,61,0.4838709677419355,0
2023-11-30 06:00:00,46,44.939509153091635,41.41683115180493,45.07938087899388,60,0.7540983606557377,0
2023-11-30 07:00:00,102,95.36121032195705,90.6225099005515,99.43134078509961,68,1.4782608695652173,0
2023-11-30 08:00:00,187,192.22865937253394,183.18291242846752,204.05490358176715,73,2.527027027027027,0
2023-11-30 09:00:00,242,240.35715809193636,227.21334771179608,245.7155596741441,93,2.574468085106383,0
2023-11-30 10:00:00,185,183.64513250955528,176.86486678467048,200.83366845543503,87,2.102272727272727,0
2023-11-30 11:00:00,105,102.89570613930735,98.26281575932516,102.90646677142061,97,1.0714285714285714,0
2023-11-30 12:00:00,113,111.29972169396848,105.24691768909905,116.43182832645519,96,1.1649484536082475,0
2023-11-30 13:00:00,99,98.80288968556329,95.89193655077025,100.15444021720546,100,0.9801980198019802,0
2023-11-30 14:00:00,56,55.67013391256746,51.42627925004665,56.95297064193776,102,0.5436893203883495,0
2023-11-30 15:00:00,81,79.10389325317739,72.61793939283618,84.14148652562785,88,0.9101123595505618,0
2023-11-30 16:00:00,131,134.4627116966695,124.33853245743457,137.5309783580585,91,1.423913043478261,0
2023-11-30 17:00:00,241,238.53133062578559,213.91456332222674,238.53133062578559,91,2.619565217391304,0
2023-11-30 18:00:00,285,284.9933275663298,263.8441241230807,302.11280544596383,86,3.2758620689655173,0
2023-11-30 19:00:00,302,298.9347308128332,281.7928722480717,306.1719095305773,68,4.376811594202898,0
2023-11-30 20:00:00,220,217.5829996678559,216.3428297949649,241.27085390216237,60,3.60655737704918,0
2023-11-30 21:00:00,133,129.79939426799623,122.47815074080096,149.03785047340952,69,1.9,0
2023-11-30 22:00:00,70,69.67808044700128,64.87089616564471,78.74744200402266,64,1.0769230769230769,0
2023-11-30 23:00:00,48,47.2716050754322,43.763220473696094,49.79118116468233,58,0.8135593220338984,0
2023-12-01 00:00:00,37,36.568253586397496,36.29173727038249,37.46662546189702,58,0.6271186440677966,0
2023-12-01 01:00:00,37,36.60794138688373,36.16980187156104,37.150549731384444,64,0.5692307692307692,0
2023-12-01 02:00:00,47,45.43296949755135,41.7594353127329,46.69509108893227,56,0.8245614035087719,0
2023-12-01 03:00:00,43,41.31881714736521,39.85093654464249,41.31881714736521,64,0.6615384615384615,0
2023-12-01 04:00:00,33,33.666762141270866,33.18576434214668,35.04793058827379,61,0.532258064516129,0
2023-12-01 05:00:00,39,38.478883166093944,37.09466713504357,39.96946737358114,62,0.6190476190476191,0
2023-12-01 06:00:00,45,45.29847242221655,41.415954981622384,46.61462470500165,59,0.75,0
2023-12-01 07:00:00,103,100.71992924494972,93.84756994117289,105.16837070907071,66,1.537313432835821,0
2023-12-01 08:00:00,188,189.23897362261818,177.35775393670937,198.82600973985552,84,2.211764705882353,0
2023-12-01 09:00:00,321,316.2046118233638,278.485618547435,319.46657517472863,84,3.776470588235294,0
2023-12-01 10:00:00,221,214.7443331333349,187.46005820071053,214.7443331333349,89,2.455555555555556,0
2023-12-01 11:00:00,128,127.12249731957739,116.96094224005527,130.11444443815003,96,1.3195876288659794,0
2023-12-01 12:00:00,115,115.02999878505491,115.02999878505491,130.86471546265926,100,1.1386138613861383,0
2023-12-01 13:00:00,123,120.19611589497552,111.53423108786545,125.81555206019034,94,1.2947368421052632,0
2023-12-01 14:00:00,69,65.7113975983494,62.786612867434336,67.74027063068156,96,0.711340206185567,0
2023-12-01 15:00:00,105,99.10036033389734,89.66676915887653,99.10036033389734,93,1.1170212765957446,0
2023-12-01 16:00:00,193,186.2750724073635,159.54138495723345,186.2750724073635,96,1.9896907216494848,0
2023-12-01 17:00:00,304,302.1954467119647,269.31414035377645,304.48295317280974,81,3.707317073170732,0
2023-12-01 18:00:00,365,365.46844227908707,337.7549262896944,376.6417394202097,70,5.140845070422535,0
2023-12-01 19:00:00,439,422.74562691740306,348.42965746459834,464.18415924359834,61,7.080645161290323,0
2023-12-01 20:00:00,252,216.35044068272828,216.35044068272828,320.2252861598743,55,4.5,0
2023-12-01 21:00:00,154,154.66898862274653,140.42388558102277,166.59227016413627,65,2.333333333333333,0
2023-12-01 22:00:00,92,113.36652936872434,83.00668561565853,113.36652936872434,60,1.5081967213114753,0
2023-12-01 23:00:00,66,61.81154971812276,54.263366777937684,64.15680510276358,62,1.0476190476190477,0
2023-12-02 00:00:00,44,41.16459173994864,41.16459173994864,47.40654279832055,55,0.7857142857142857,0
2023-12-02 01:00:00,44,43.74921473858141,41.95801621211866,44.84538308737304,53,0.8148148148148148,0
2023-12-02 02:00:00,40,43.716632810562025,40.54573166863756,43.7861904233444,53,0.7407407407407407,0
2023-12-02 03:00:00,49,47.27106243562765,43.375900118702475,48.30622040003079,56,0.8596491228070176,0
2023-12-02 04:00:00,49,47.11506471642233,43.886067265560165,48.31280285342865,53,0.9074074074074074,0
2023-12-02 05:00:00,49,45.86051951596078,43.31519541248144,47.960550632119876,57,0.8448275862068966,0
2023-12-02 06:00:00,56,54.89518873947076,49.20083586618965,55.348210800969085,55,1.0,0
2023-12-02 07:00:00,119,120.73989369765393,114.37665018415522,124.35900271360012,58,2.016949152542373,0
2023-12-02 08:00:00,247,248.71619900114757,226.076310524476,248.71619900114757,66,3.6865671641791047,0
2023-12-02 09:00:00,371,373.5034784711848,333.5633606267206,397.52857652281983,72,5.082191780821918,0
2023-12-02 10:00:00,252,245.8839425714347,238.34482263616297,270.1544071731575,86,2.896551724137931,0
2023-12-02 11:00:00,131,131.27551757589742,125.54651397324284,142.9858604511386,82,1.5783132530120485,0
2023-12-02 12:00:00,144,143.89665737482866,131.10612617038984,152.95197762942433,83,1.7142857142857142,0
2023-12-02 13:00:00,133,132.12367534631255,122.91734341417049,134.56236297954916,90,1.4615384615384617,0
2023-12-02 14:00:00,78,78.41845880843935,70.10065368111843,82.38390273487417,87,0.8863636363636364,0
2023-12-02 15:00:00,110,104.59740079454316,91.61705099459638,107.43092883787469,86,1.264367816091954,0
2023-12-02 16:00:00,197,198.205132793126,177.63249052417294,201.16561969179,90,2.1648351648351647,0
2023-12-02 17:00:00,317,316.26888855357834,289.05221366981317,343.3938272634295,79,3.9625,0
2023-12-02 18:00:00,432,469.9394121924408,356.9526789910583,469.9394121924408,68,6.260869565217392,0
2023-12-02 19:00:00,394,432.58811535494186,347.9074900598145,514.5457970289654,56,6.912280701754386,0
2023-12-02 20:00:00,328,346.58132966854544,280.0611725006654,437.7721282549418,51,6.307692307692308,0
2023-12-02 21:00:00,198,173.29198927101848,167.8551986260075,196.97593001660138,55,3.5357142857142856,0
2023-12-02 22:00:00,93,94.62590568516278,81.21796119586362,99.36850987233932,49,1.86,0
2023-12-02 23:00:00,68,65.07230155117371,55.02218992049466,71.0762171108693,60,1.1147540983606556,0
2023-12-03 00:00:00,39,39.923992810071354,38.6316709367005,40.97971784719874,53,0.7222222222222222,0
2023-12-03 01:00:00,42,41.87348255476402,39.428243037246446,42.54559691084158,53,0.7777777777777778,0
2023-12-03 02:00:00,45,43.90995815965184,39.79643597503863,44.591306473875726,51,0.8653846153846154,0
2023-12-03 03:00:00,45,43.76809167663698,41.67982146475101,44.736853926636414,54,0.8181818181818182,0
2023-12-03 04:00:00,42,41.213854551254556,39.572424254122616,41.923662050773395,49,0.84,0
2023-12-03 05:00:00,41,40.04121991954657,38.71228881192435,40.04121991954657,60,0.6721311475409836,0
2023-12-03 06:00:00,59,56.68339903277411,51.02745696110261,58.840476669823424,57,1.0172413793103448,0
2023-12-03 07:00:00,122,115.83013455537011,109.01581004103302,119.98570126990602,64,1.876923076923077,0
2023-12-03 08:00:00,240,247.85418293482743,238.04533695608885,267.9440764440667,63,3.75,0
2023-12-03 09:00:00,319,317.37536281929283,304.3685732405238,349.3871302305689,76,4.142857142857143,0
2023-12-03 10:00:00,214,212.1917069771655,212.1917069771655,234.20530114464714,86,2.4597701149425286,0
2023-12-03 11:00:00,135,132.09448480776425,114.5313854587659,134.34506651910584,88,1.5168539325842696,0
2023-12-03 12:00:00,136,139.15448582369467,129.03306422600537,142.55591557162603,82,1.6385542168674698,0
2023-12-03 13:00:00,140,137.09352236271764,120.636302401588,139.58635856893534,85,1.627906976744186,0
2023-12-03 14:00:00,77,71.83217840799281,68.9815229860249,80.85177255026159,85,0.8953488372093024,0
2023-12-03 15:00:00,108,105.30964203667183,96.11440341344502,107.9243542483522,82,1.3012048192771084,0
2023-12-03 16:00:00,170,171.21903500485075,158.58981503722055,175.73825610317957,88,1.9101123595505616,0
2023-12-03 17:00:00,327,313.9524558641949,298.82779172660173,365.10974019380296,67,4.8088235294117645,0
2023-12-03 18:00:00,376,371.1079471281207,348.39735534299246,377.481505572524,71,5.222222222222222,0
2023-12-03 19:00:00,417,472.76886992320965,345.6643070305731,472.76886992320965,56,7.315789473684211,0
2023-12-03 20:00:00,266,254.06777992031232,254.06777992031232,343.84004419848475,50,5.215686274509804,0
2023-12-03 21:00:00,184,195.15233370120728,167.7380638619594,211.19921931705272,47,3.8333333333333335,0
2023-12-03 22:00:00,82,86.08930927787965,77.09625808011927,98.79104758467808,51,1.5769230769230769,0
2023-12-03 23:00:00,56,53.802485589831726,50.46040830679651,63.14093599818656,58,0.9491525423728814,0
2023-12-04 00:00:00,32,31.785491324016323,30.930560169385206,34.12027674142558,61,0.5161290322580645,0
2023-12-04 01:00:00,29,29.3193023137364,29.3193023137364,30.951033786539785,56,0.5087719298245614,0
2023-12-04 02:00:00,28,28.628223026368396,28.15081355380709,29.576749981293215,64,0.4307692307692308,0
2023-12-04 03:00:00,33,32.98021329381822,32.15991840468485,34.283423564337845,65,0.5,0
2023-12-04 04:00:00,30,30.346050565624353,29.89104118272458,31.31067836525153,60,0.4918032786885246,0
2023-12-04 05:00:00,30,29.87979599160684,29.87979599160684,31.724274070253518,68,0.4347826086956521,0
2023-12-04 06:00:00,40,40.466087508477685,39.09777687887547,43.74944044465761,63,0.625,0
2023-12-04 07:00:00,106,101.50365018810157,89.76040579073157,108.84386536044255,72,1.452054794520548,0
2023-12-04 08:00:00,204,203.02816943103687,182.20525110496214,217.69489750469756,74,2.72,0
2023-12-04 09:00:00,275,263.4595392014606,231.67545954109954,265.38169366806187,88,3.0898876404494384,0
2023-12-04 10:00:00,193,188.59322254249653,174.85431603628558,200.8269627420775,92,2.075268817204301,0
2023-12-04 11:00:00,100,100.42788104149916,98.73394329073056,106.49937340746887,99,1.0,0
2023-12-04 12:00:00,83,85.80961960839161,82.62065130327083,92.8916008907629,95,0.8645833333333334,0
2023-12-04 13:00:00,89,90.6745359520719,87.91113799742251,94.44858488884162,101,0.8725490196078431,0
2023-12-04 14:00:00,53,53.89750860643415,48.73002567212975,57.80421526521521,94,0.5578947368421052,0
2023-12-04 15:00:00,62,65.75915262071622,63.676410979113435,73.9655895482513,84,0.7294117647058823,0
2023-12-04 16:00:00,121,118.56706557586784,106.43429782103915,126.24065883372197,97,1.2346938775510203,0
2023-12-04 17:00:00,189,189.48972159128533,189.48972159128533,211.86417416203872,78,2.392405063291139,0
2023-12-04 18:00:00,289,286.433125828666,270.3119436261313,292.18320518806394,78,3.6582278481012658,0
2023-12-04 19:00:00,309,297.136398026515,280.5291619827503,306.46155827495085,70,4.352112676056338,0
2023-12-04 20:00:00,241,237.83189862551896,212.42049579456582,239.79142770284318,61,3.887096774193549,0
2023-12-04 21:00:00,138,135.42618257064657,124.9581696338038,142.12023271551698,59,2.3,0
2023-12-04 22:00:00,66,65.28510646636624,58.21088032045009,70.8327102974729,61,1.064516129032258,0
2023-12-04 23:00:00,36,36.981516077087555,36.559957008804574,41.10379358835752,62,0.5714285714285714,0
2023-12-05 00:00:00,28,28.10196447330358,27.194611701919953,28.526319328201083,63,0.4375,0
2023-12-05 01:00:00,29,28.680622419255563,28.009719898894758,29.42941103620044,67,0.4264705882352941,0
2023-12-05 02:00:00,30,29.77417729013628,29.43984493263701,30.543035120996706,61,0.4838709677419355,0
2023-12-05 03:00:00,32,31.944512524590863,31.13072285760067,31.944512524590863,60,0.5245901639344263,0
2023-12-05 04:00:00,30,29.730000800495276,29.730000800495276,30.805351960797907,57,0.5172413793103449,0
2023-12-05 05:00:00,34,33.366593682178326,33.13433789039137,34.12273478033618,62,0.5396825396825397,0
2023-12-05 06:00:00,42,40.74672656230308,39.141688065640075,41.96112704984139,62,0.6666666666666666,0
2023-12-05 07:00:00,91,89.87336497964894,84.78883327367583,98.16998112835286,68,1.318840579710145,0
2023-12-05 08:00:00,216,212.28242574887608,185.37867742469516,219.78974870068444,80,2.6666666666666665,0
2023-12-05 09:00:00,242,241.18230214338055,232.2883496783095,247.704377857452,83,2.880952380952381,0
2023-12-05 10:00:00,205,208.36784475375322,189.84290790617635,212.64811040990602,95,2.1354166666666665,0
2023-12-05 11:00:00,104,103.38900567319665,100.80245631053482,107.92008622043346,101,1.0196078431372548,0
2023-12-05 12:00:00,104,104.3424192331302,95.82600036411466,106.81991627548733,104,0.9904761904761904,0
2023-12-05 13:00:00,107,108.2068417426572,100.09979732320546,111.08874716474067,101,1.0490196078431373,0
2023-12-05 14:00:00,63,60.40893034410546,55.484869727536896,64.03292367719702,93,0.6702127659574468,0
2023-12-05 15:00:00,70,71.03992449407698,63.716625188145954,75.00415123399212,93,0.7446808510638298,0
2023-12-05 16:00:00,139,136.25242540510416,118.26883025682359,137.92022222650382,95,1.4479166666666667,0
2023-12-05 17:00:00,239,231.8194171970743,211.53207580486568,231.8194171970743,98,2.414141414141414,0
2023-12-05 18:00:00,300,297.0507635202562,279.121153638388,303.17602101715045,76,3.896103896103896,0
2023-12-05 19:00:00,321,319.41209703181227,297.16423103428946,321.1528274625916,71,4.458333333333333,0
2023-12-05 20:00:00,239,232.26671701294617,225.45113057806978,249.2376511307759,58,4.050847457627119,0
2023-12-05 21:00:00,163,168.55329566262654,137.95629013531985,168.55329566262654,57,2.810344827586207,0
2023-12-05 22:00:00,67,68.70748540253668,64.31445888257049,78.58516277206499,58,1.1355932203389831,0
2023-12-05 23:00:00,44,44.463760086082914,42.42387141517374,44.65953394549165,53,0.8148148148148148,0
2023-12-06 00:00:00,31,30.771797184753993,30.205055965944233,31.666502791270347,65,0.4696969696969697,0
2023-12-06 01:00:00,35,35.08712253615446,34.67835219408389,35.44883984810794,52,0.660377358490566,0
2023-12-06 02:00:00,29,29.00759478351635,29.00759478351635,30.747256474170573,59,0.4833333333333333,0
2023-12-06 03:00:00,34,33.30731683224355,33.22692817927491,34.09186527570935,56,0.5964912280701754,0
2023-12-06 04:00:00,32,31.757691203459895,31.404163549368576,32.894468608898976,57,0.5517241379310345,0
2023-12-06 05:00:00,32,31.808002000728695,31.06680216490774,32.67775976199237,65,0.4848484848484848,0
2023-12-06 06:00:00,39,38.78858391806959,38.174734955379904,40.79300393394809,61,0.6290322580645161,0
2023-12-06 07:00:00,89,89.90551935633022,85.87140457937704,97.43029901032129,65,1.3484848484848484,0
2023-12-06 08:00:00,220,212.4122471357813,191.56145419195545,216.64686125815172,75,2.8947368421052637,0
2023-12-06 09:00:00,271,271.8965379077765,254.1111506897655,283.6676885243987,81,3.304878048780488,0
2023-12-06 10:00:00,213,208.79274705269697,186.7200835605738,208.79274705269697,91,2.315217391304348,0
2023-12-06 11:00:00,121,115.0284657575209,99.98793736777107,115.4410956360162,97,1.2346938775510203,0
2023-12-06 12:00:00,112,108.51730299707727,96.20632850599044,108.51730299707727,111,1.0,0
2023-12-06 13:00:00,98,96.68836935513986,90.39861718227729,102.46512710325385,89,1.0888888888888888,0
2023-12-06 14:00:00,62,58.7514914751307,56.60172763862024,62.60738241634605,99,0.62,0
2023-12-06 15:00:00,74,73.39229219011176,73.2984292783093,79.19003991946671,94,0.7789473684210526,0
2023-12-06 16:00:00,139,141.34494344495434,127.2665476130281,141.34494344495434,97,1.4183673469387754,0
2023-12-06 17:00:00,212,208.68808377326985,203.67463857642383,217.6946675313942,87,2.409090909090909,0
2023-12-06 18:00:00,338,332.9626501395498,296.3526893046381,334.6975922400829,80,4.172839506172839,0
2023-12-06 19:00:00,304,303.57975232654195,291.54736150679753,321.11853509719595,70,4.28169014084507,0
2023-12-06 20:00:00,243,240.08865158280005,234.34415931403376,256.5983671833581,57,4.189655172413793,0
2023-12-06 21:00:00,133,136.19044540705806,125.76169693689147,153.75657372751255,65,2.015151515151515,0
2023-12-06 22:00:00,80,78.32909234103512,68.72175481598778,88.59853517690136,63,1.25,0
2023-12-06 23:00:00,43,42.599672927454186,40.749264758990535,43.46201419678276,63,0.671875,0
2023-12-07 00:00:00,34,33.21041398437375,32.50930240694856,34.52027933112842,65,0.5151515151515151,0
2023-12-07 01:00:00,37,36.27459252617927,34.95631949574228,36.92342145755707,62,0.5873015873015873,0
2023-12-07 02:00:00,36,34.745230495094766,34.10524631639194,35.60244250517239,66,0.5373134328358209,0
2023-12-07 03:00:00,34,33.97879439230524,33.81705727704383,35.489309382710566,61,0.5483870967741935,0
2023-12-07 04:00:00,30,29.827056378784732,29.78082428087454,30.67016600013775,59,0.5,0
2023-12-07 05:00:00,45,41.631219624756454,39.7481003857122,42.59416542775997,60,0.7377049180327869,0
2023-12-07 06:00:00,52,48.53501161240861,45.04111628147979,51.25255752813829,60,0.8524590163934426,0
2023-12-07 07:00:00,101,101.42770012977378,93.18618573860498,105.42481239730559,67,1.4852941176470589,0
2023-12-07 08:00:00,196,196.40761128037994,183.06768534389312,206.63860573678448,85,2.2790697674418605,0
2023-12-07 09:00:00,278,276.76655273107394,248.0095918251538,280.55614751608647,86,3.1954022988505746,0
2023-12-07 10:00:00,200,197.75180255513547,179.69570308759776,211.3089281137267,92,2.150537634408602,0
2023-12-07 11:00:00,121,115.75606408488014,105.96043891595642,115.9279164205825,98,1.2222222222222223,0
2023-12-07 12:00:00,115,103.84705203197524,98.44555749200471,112.32128428008943,118,0.9663865546218487,0
2023-12-07 13:00:00,99,100.47441079173888,95.04399219557429,103.82783332793304,93,1.053191489361702,0
2023-12-07 14:00:00,59,58.3139908513387,56.651128397724925,63.31999178730302,94,0.6210526315789474,0
2023-12-07 15:00:00,88,87.37519478691875,80.90017958387045,91.20414839429097,88,0.9887640449438202,0
2023-12-07 16:00:00,169,163.60113723915856,143.46143438375597,163.60113723915856,90,1.8571428571428568,0
2023-12-07 17:00:00,279,278.85728267838925,244.71740614036398,278.85728267838925,86,3.206896551724138,0
2023-12-07 18:00:00,344,341.59148713583164,305.9150933553328,363.6361083733004,75,4.526315789473684,0
2023-12-07 19:00:00,317,319.0775110706268,302.08102238754634,330.43531787534954,67,4.661764705882353,0
2023-12-07 20:00:00,190,190.541264625669,190.541264625669,223.22684517749406,61,3.064516129032258,0
2023-12-07 21:00:00,152,149.72978621288013,137.7493427704521,149.72978621288013,58,2.5762711864406778,0
2023-12-07 22:00:00,80,76.34513364350684,67.48708023347167,87.5174696684722,61,1.2903225806451613,0
2023-12-07 23:00:00,48,46.78381787304435,43.682135375003696,51.28834629687834,64,0.7384615384615385,0
2023-12-08 00:00:00,40,38.39091527500856,37.84536785582016,40.512087188978725,62,0.6349206349206349,0
2023-12-08 01:00:00,36,35.85532528811966,34.29453892532632,37.871742828578554,63,0.5625,0
2023-12-08 02:00:00,41,39.10272773193787,37.921935729486954,44.97085981126686,64,0.6307692307692307,0
2023-12-08 03:00:00,42,41.27690622574963,39.45972253613834,42.19170286474096,61,0.6774193548387096,0
2023-12-08 04:00:00,42,40.4308134029906,38.92925280651948,40.614332434236175,59,0.7,0
2023-12-08 05:00:00,44,43.29858566649247,41.31134767030809,44.23497118065528,57,0.7586206896551724,0
2023-12-08 06:00:00,55,50.57537372962082,47.93158848681656,54.256198214798445,59,0.9166666666666666,0
2023-12-08 07:00:00,107,102.5965414375743,96.11393024958183,109.57501245610798,67,1.5735294117647058,0
2023-12-08 08:00:00,240,235.70767730418663,205.67381607792325,236.2912874349866,81,2.926829268292683,0
2023-12-08 09:00:00,327,327.69896983074034,294.12578101640554,331.63486054215866,87,3.715909090909091,0
2023-12-08 10:00:00,244,239.14995813530706,210.64962439443596,243.6978596293179,95,2.5416666666666665,0
2023-12-08 11:00:00,138,135.6176174956568,124.4447879873374,145.804202718153,90,1.5164835164835164,0
2023-12-08 12:00:00,138,133.59150152953478,117.47658084165978,135.50644486700767,108,1.2660550458715596,0
2023-12-08 13:00:00,144,138.04410426849915,122.35378923801068,138.04410426849915,97,1.469387755102041,0
2023-12-08 14:00:00,85,80.47204047385547,73.68754149412656,83.80477206459774,93,0.9042553191489362,0
2023-12-08 15:00:00,94,95.19304082574745,91.89665955389304,96.74038456409009,94,0.9894736842105264,0
2023-12-08 16:00:00,127,142.03500295026433,141.6054463638397,165.4070926747442,106,1.1869158878504673,0
2023-12-08 17:00:00,316,317.284789047979,270.5067766984469,322.93135088316086,83,3.761904761904762,0
2023-12-08 18:00:00,359,366.31500431054434,329.4983389695478,377.8712656156819,76,4.662337662337662,0
2023-12-08 19:00:00,352,357.62814787985224,333.94222011266214,395.00449674542415,68,5.101449275362318,0
2023-12-08 20:00:00,277,269.50686625110234,242.1683878681617,287.6636555830328,59,4.616666666666666,0
2023-12-08 21:00:00,166,168.4238666168763,154.59354190979033,169.65002692224272,57,2.862068965517241,0
2023-12-08 22:00:00,97,92.69410216602995,82.91996184868333,97.99324860402993,61,1.564516129032258,0
2023-12-08 23:00:00,48,54.546731101431845,48.719265936553974,62.16037965363694,64,0.7384615384615385,0
2023-12-09 00:00:00,41,41.465564478773125,40.04067746085378,41.79004921032803,54,0.7454545454545455,0
2023-12-09 01:00:00,46,44.78560098247389,41.87188478145591,46.07325508269006,49,0.92,0
2023-12-09 02:00:00,47,45.04862388382859,42.55981610518397,46.69019033994644,52,0.8867924528301887,0
2023-12-09 03:00:00,47,44.49692155427294,44.38806435252748,47.87448113030716,51,0.903846153846154,0
2023-12-09 04:00:00,42,41.1071791254104,41.1071791254104,45.460949577759514,53,0.7777777777777778,0
2023-12-09 05:00:00,43,42.381972712508606,41.1821906980371,47.66697294485958,57,0.7413793103448276,0
2023-12-09 06:00:00,57,54.322402564435045,53.64999597088672,60.75023782611603,52,1.0754716981132075,0
2023-12-09 07:00:00,128,127.56014732692026,120.55346033747759,127.88538398644643,60,2.098360655737705,0
2023-12-09 08:00:00,309,298.68737183419324,274.1634798908962,307.4909454932262,76,4.012987012987013,0
2023-12-09 09:00:00,313,318.72788994683884,304.94822286679624,331.5329910636465,79,3.9125,0
2023-12-09 10:00:00,270,270.81183079604614,251.5341262859188,284.3665083879339,83,3.2142857142857144,0
2023-12-09 11:00:00,130,133.53036265905394,125.29479061234717,138.81997934346782,95,1.3541666666666667,0
2023-12-09 12:00:00,130,132.06842483153267,127.06502182877348,144.61952586639634,90,1.4285714285714286,0
2023-12-09 13:00:00,150,151.37941960805313,145.23338036732616,155.1780540340794,78,1.8987341772151896,0
2023-12-09 14:00:00,85,82.61898477316495,81.08083174360368,86.53535751636394,92,0.913978494623656,0
2023-12-09 15:00:00,109,112.91016560195962,103.41793154282902,120.4570599151263,77,1.3974358974358974,0
2023-12-09 16:00:00,211,207.91530752329794,191.0452689506205,211.12294570477982,83,2.511904761904762,0
2023-12-09 17:00:00,313,318.0310435154139,309.2366113503938,339.2406282413242,67,4.602941176470588,0
2023-12-09 18:00:00,412,407.0162739427494,357.28831446189423,429.31697712556297,66,6.149253731343284,0
2023-12-09 19:00:00,507,410.14130463668835,344.8039437258847,507.56649606077366,59,8.45,0
2023-12-09 20:00:00,318,355.86263932287653,298.3366465539654,449.78263011648534,50,6.235294117647059,0
2023-12-09 21:00:00,208,203.4961235910954,190.17898771594554,248.0845412749444,52,3.924528301886793,0
2023-12-09 22:00:00,105,116.55227607643705,91.44769536559632,121.5799156146036,56,1.8421052631578947,0
2023-12-09 23:00:00,54,53.71487184308015,53.049987265297844,62.25848477307504,51,1.0384615384615383,0
2023-12-10 00:00:00,35,34.2478628335583,34.2478628335583,36.96837584175793,55,0.625,0
2023-12-10 01:00:00,40,39.814428686790066,39.01531602248378,42.38677136284111,50,0.7843137254901961,0
2023-12-10 02:00:00,45,43.705731389101594,41.53049357713768,45.27441467776969,52,0.8490566037735849,0
2023-12-10 03:00:00,44,43.501070945628086,42.05406469318431,44.337544283684565,54,0.8,0
2023-12-10 04:00:00,45,43.43114814303935,40.286032778771,44.35026100490712,50,0.8823529411764706,0
2023-12-10 05:00:00,39,38.96314113935865,38.54759298137989,39.42023854809728,49,0.78,0
2023-12-10 06:00:00,62,59.61894638646816,54.070464451893486,62.383291895165534,54,1.1272727272727272,0
2023-12-10 07:00:00,107,108.72340372232911,104.23161810024689,118.62587956642571,65,1.621212121212121,0
2023-12-10 08:00:00,256,245.89217761520223,240.04353931545526,268.10281207730327,68,3.710144927536232,0
2023-12-10 09:00:00,339,349.1911553207546,322.14061107667163,395.2662126834204,73,4.581081081081081,0
2023-12-10 10:00:00,249,242.18147832727436,230.28529723134397,260.37196060855985,81,3.0365853658536586,0
2023-12-10 11:00:00,148,140.5342780746134,133.33906791418795,146.83341048795256,85,1.7209302325581397,0
2023-12-10 12:00:00,129,128.8616621583818,123.075674166469,136.07657936524143,88,1.449438202247191,0
2023-12-10 13:00:00,115,121.12634658564275,121.12634658564275,130.49965710896225,76,1.4935064935064934,0
2023-12-10 14:00:00,75,76.23893326892166,73.48034146556951,81.3582584150977,82,0.9036144578313252,0
2023-12-10 15:00:00,94,95.8044596362464,95.3280988724766,107.00450798459403,80,1.160493827160494,0
2023-12-10 16:00:00,236,221.89028198523548,195.54247766841104,222.98608944299934,81,2.8780487804878048,0
2023-12-10 17:00:00,315,314.86641727051096,306.4348586251254,328.6645836645306,76,4.090909090909091,0
2023-12-10 18:00:00,379,377.75290986489046,350.13631107494746,413.68256729432,71,5.263888888888889,0
2023-12-10 19:00:00,360,364.0191964243367,348.47373455893063,411.44469147667314,62,5.714285714285714,0
2023-12-10 20:00:00,257,273.03378580897026,257.59873704109333,281.6314503197806,49,5.14,0
2023-12-10 21:00:00,166,165.6400053187261,158.92995934675844,175.4863113629112,58,2.8135593220338984,0
2023-12-10 22:00:00,97,104.37106105832531,83.87625966629851,104.37106105832531,57,1.6724137931034482,0
2023-12-10 23:00:00,64,64.9699158828571,51.39441674631656,70.05977615859388,49,1.28,0
2023-12-11 00:00:00,33,33.30810890208637,32.32066985867751,33.95239776471116,61,0.532258064516129,0
2023-12-11 01:00:00,31,31.164297157015007,29.96012229832405,31.164297157015007,58,0.5254237288135594,0
2023-12-11 02:00:00,30,29.60819156871402,29.49543925927613,30.262876115974166,61,0.4838709677419355,0
2023-12-11 03:00:00,31,31.223873265905304,30.017575349480197,31.661578438488053,64,0.4769230769230769,0
2023-12-11 04:00:00,29,28.294416377334763,28.294416377334763,29.09394074981901,68,0.4202898550724637,0
2023-12-11 05:00:00,36,34.702368325689314,34.09945474815602,35.97114170684968,63,0.5625,0
2023-12-11 06:00:00,40,39.32141864143697,39.24620708020643,44.43770877241577,61,0.6451612903225806,0
2023-12-11 07:00:00,85,89.28511595926582,82.17219500177208,96.87523119943006,68,1.2318840579710144,0
2023-12-11 08:00:00,156,162.0634551013941,156.49118946222004,176.92784839999575,78,1.9746835443037976,0
2023-12-11 09:00:00,247,244.5510850604118,228.9385129879365,259.6359745914317,92,2.6559139784946235,0
2023-12-11 10:00:00,200,199.2280155266074,193.19134114262977,210.80764327339313,91,2.1739130434782608,0
2023-12-11 11:00:00,90,91.14156618670826,91.14156618670826,101.47619964102668,91,0.9782608695652174,0
2023-12-11 12:00:00,95,95.2285643112698,88.86589865814751,98.23510099159235,90,1.043956043956044,0
2023-12-11 13:00:00,101,99.56215705609199,91.46061441992487,99.56215705609199,103,0.971153846153846,0
2023-12-11 14:00:00,49,53.03062272285729,48.130996607890275,57.36309908611204,100,0.4851485148514851,0
2023-12-11 15:00:00,78,74.29525816427618,65.80765094802804,77.65174453136984,92,0.8387096774193549,0
2023-12-11 16:00:00,128,131.324088014679,119.37729091734863,149.4710047778302,97,1.3061224489795915,0
2023-12-11 17:00:00,214,214.08298975623424,198.12774702254586,220.60849196004156,83,2.5476190476190474,0
2023-12-11 18:00:00,265,266.55421542757523,256.65896426881466,280.4831966577788,77,3.3974358974358974,0
2023-12-11 19:00:00,299,299.7874710049797,286.7216328222551,311.4035614307605,69,4.271428571428571,0
2023-12-11 20:00:00,269,258.2866329259034,241.89120296484418,262.570349866781,59,4.483333333333333,0
2023-12-11 21:00:00,142,142.66810267427996,135.69568715498713,150.8912393764723,61,2.290322580645161,0
2023-12-11 22:00:00,67,66.38047586715489,61.935316720609535,77.07269527461361,64,1.0307692307692309,0
2023-12-11 23:00:00,46,44.38133157496161,42.674388967097045,50.24670979144883,56,0.8070175438596491,0
2023-12-12 00:00:00,32,31.57320765137176,31.33908053118874,32.31923389006517,62,0.5079365079365079,0
2023-12-12 01:00:00,36,35.35426096990151,34.51024037012067,36.0464935339023,61,0.5806451612903226,0
2023-12-12 02:00:00,35,34.340430970551346,33.699290391497605,35.3773077260927,61,0.5645161290322581,0
2023-12-12 03:00:00,26,26.389790630579384,26.212041838570418,26.960430798108202,63,0.40625,0
2023-12-12 04:00:00,30,29.749732594314853,29.232238229538506,30.28928838749476,60,0.4918032786885246,0
2023-12-12 05:00:00,36,35.1989203538619,35.0721030656638,36.13242272228636,62,0.5714285714285714,0
2023-12-12 06:00:00,43,42.643413196544834,40.18270990019939,43.601512476630695,63,0.671875,0
2023-12-12 07:00:00,83,81.92238603454052,81.92238603454052,88.58932528836478,67,1.2205882352941178,0
2023-12-12 08:00:00,187,179.4883746964411,172.23585199910076,201.8543756797131,79,2.3375,0
2023-12-12 09:00:00,228,229.1770148701712,223.90021314178395,243.87463879721932,84,2.6823529411764704,0
2023-12-12 10:00:00,196,195.94048148692235,185.13613301714142,210.56869642830313,91,2.130434782608696,0
2023-12-12 11:00:00,124,119.57475831882729,106.56872789440638,121.35944142812012,94,1.305263157894737,0
2023-12-12 12:00:00,114,110.20927518144633,103.30706008040832,112.74617311731338,102,1.1067961165048543,0
2023-12-12 13:00:00,119,116.11436205557794,105.86555450289104,120.02392503227557,100,1.1782178217821782,0
2023-12-12 14:00:00,63,59.667736216364816,56.68471982693396,69.76697345928675,101,0.6176470588235294,0
2023-12-12 15:00:00,83,82.10502932654374,74.39867221305263,83.80354338753081,96,0.8556701030927835,0
2023-12-12 16:00:00,165,159.87552056903445,147.16422319698202,164.05225299461063,83,1.9642857142857144,0
2023-12-12 17:00:00,241,246.64583072717218,228.58317902463008,248.55015262067545,85,2.802325581395349,0
2023-12-12 18:00:00,302,298.9697545441642,286.94491527671744,319.8468949707409,78,3.8227848101265822,0
2023-12-12 19:00:00,333,333.46664457031625,310.7051822261006,333.46664457031625,70,4.690140845070423,0
2023-12-12 20:00:00,263,247.70199776282666,244.3145109020284,266.5169961791832,58,4.457627118644068,0
2023-12-12 21:00:00,136,137.05020762243632,137.05020762243632,150.03402365179014,56,2.3859649122807016,0
2023-12-12 22:00:00,71,68.62219412528756,63.60832804734373,77.0678953961601,62,1.126984126984127,0
2023-12-12 23:00:00,45,44.56869987461498,42.38045642581773,45.97383488430227,59,0.75,0
2023-12-13 00:00:00,35,34.231449256540294,33.42699278144386,35.54317343863915,61,0.5645161290322581,0
2023-12-13 01:00:00,35,34.848067781519966,34.30519582495256,35.24145066626197,59,0.5833333333333334,0
2023-12-13 02:00:00,30,29.754443068081564,29.754443068081564,30.602479312301714,60,0.4918032786885246,0
2023-12-13 03:00:00,39,38.227886242127454,36.99197486852295,38.71407410746349,58,0.6610169491525424,0
2023-12-13 04:00:00,32,31.791805122915303,31.791805122915303,32.4997414863898,57,0.5517241379310345,0
2023-12-13 05:00:00,33,32.84152016917587,32.084850772303305,33.21412142951931,62,0.5238095238095238,0
2023-12-13 06:00:00,41,40.85225964703488,39.888967718556835,42.701997641193216,58,0.6949152542372882,0
2023-12-13 07:00:00,115,103.68328146579144,87.72140168605556,107.94235359803139,70,1.619718309859155,0
2023-12-13 08:00:00,206,205.70108966018753,196.0559067018245,215.6126190932976,79,2.575,0
2023-12-13 09:00:00,254,257.2543494858825,243.57871679469613,262.38020634308344,82,3.060240963855421,0
2023-12-13 10:00:00,217,217.6969571534386,201.04025640218842,226.14632647271333,85,2.5232558139534884,0
2023-12-13 11:00:00,113,110.52160655563283,103.2338037711903,116.89795491769596,111,1.0089285714285714,0
2023-12-13 12:00:00,108,108.41153523369107,106.64200021928878,114.15801617551519,96,1.11340206185567,0
2023-12-13 13:00:00,109,108.15532825280964,100.68143499095376,110.2068191390484,104,1.0380952380952382,0
2023-12-13 14:00:00,56,55.604478972986136,52.96864580512196,66.46007450673636,111,0.5,0
2023-12-13 15:00:00,75,73.13780667420967,71.28813600681988,76.5339850497665,101,0.7352941176470589,0
2023-12-13 16:00:00,123,126.35982331606861,122.4950965187236,143.53093859607165,90,1.3516483516483515,0
2023-12-13 17:00:00,215,217.67404159629618,209.40683864761706,226.87680239171033,85,2.5,0
2023-12-13 18:00:00,362,365.0897678548532,324.5858893880428,365.0897678548532,74,4.826666666666667,0
2023-12-13 19:00:00,358,349.1820380255039,320.20314581859844,381.405619971341,73,4.837837837837838,0
2023-12-13 20:00:00,240,246.89655206744195,238.78462637774456,258.1293153567524,62,3.809523809523809,0
2023-12-13 21:00:00,165,163.50912574998327,143.45704626513887,163.50912574998327,58,2.796610169491525,0
2023-12-13 22:00:00,76,75.24792638607646,73.74242340525252,84.9658409233282,56,1.3333333333333333,0
2023-12-13 23:00:00,45,45.4195733200028,43.30778592677775,47.087259706206915,55,0.8035714285714286,0
2023-12-14 00:00:00,34,33.774006963668256,32.64922422250755,34.593584510965364,64,0.5230769230769231,0
2023-12-14 01:00:00,34,33.597093877078585,32.95273570826416,35.32438874090146,60,0.5573770491803278,0
2023-12-14 02:00:00,34,33.92071583504745,32.902299163059276,34.96077811504957,61,0.5483870967741935,0
2023-12-14 03:00:00,37,35.6181439287286,35.6181439287286,37.017343334504645,57,0.6379310344827587,0
2023-12-14 04:00:00,35,34.54415446689052,34.54415446689052,35.72436704466863,55,0.625,0
2023-12-14 05:00:00,37,36.3557775904035,35.854146998615384,38.918499032296396,64,0.5692307692307692,0
2023-12-14 06:00:00,49,47.736380823309815,46.9884198477708,51.086264189819744,60,0.8032786885245902,0
2023-12-14 07:00:00,99,101.25019253027395,92.57933197493502,105.28026705632142,73,1.337837837837838,0
2023-12-14 08:00:00,193,201.97734548544346,186.67561595348658,206.3317643807694,76,2.5064935064935066,0
2023-12-14 09:00:00,252,254.37907660828606,246.59683278105044,260.2489880694275,84,2.9647058823529413,0
2023-12-14 10:00:00,211,210.05742465274344,192.29982943796475,215.4391150867381,95,2.1979166666666665,0
2023-12-14 11:00:00,108,107.53139856950295,106.00888812926317,113.67559198233889,100,1.0693069306930694,0
2023-12-14 12:00:00,114,116.3748752677258,107.2709674654174,120.53135731897946,104,1.0857142857142856,0
2023-12-14 13:00:00,105,105.36782696277692,100.37743347445699,109.75825585939377,98,1.0606060606060606,0
2023-12-14 14:00:00,76,67.20350535656226,64.24750656315874,68.91725104889454,103,0.7307692307692307,0
2023-12-14 15:00:00,72,73.42590824576428,70.93716524817191,79.76325506183808,103,0.6923076923076923,0
2023-12-14 16:00:00,127,124.8812081874457,124.8812081874457,153.10118070083487,91,1.3804347826086956,0
2023-12-14 17:00:00,254,252.3444761638638,236.76233123669593,263.6632549426746,82,3.060240963855421,0
2023-12-14 18:00:00,314,312.94196384803195,293.31352811196047,322.4107302907951,84,3.694117647058824,0
2023-12-14 19:00:00,332,335.37204749449035,324.11118543146057,356.83639531184053,66,4.955223880597015,0
2023-12-14 20:00:00,259,255.75640150214156,231.83272933314993,258.95339853512775,62,4.111111111111111,0
2023-12-14 21:00:00,165,156.85827569946375,142.25454069144973,167.7258364166317,60,2.7049180327868854,0
2023-12-14 22:00:00,71,72.4571250051813,68.62574599692229,81.45099483015865,54,1.290909090909091,0
2023-12-14 23:00:00,45,45.74879490694552,43.232296080910395,49.26146169589567,64,0.6923076923076923,0
2023-12-15 00:00:00,41,41.15144241420036,40.294635652080416,43.14210831720606,51,0.7884615384615384,0
2023-12-15 01:00:00,42,41.20906838320576,40.24349061559723,42.54738105610814,53,0.7777777777777778,0
2023-12-15 02:00:00,47,45.337065427352506,40.4681972214427,45.40156372264353,62,0.746031746031746,0
2023-12-15 03:00:00,43,41.61251287241691,39.97847642023528,42.64960803185621,62,0.6825396825396826,0
2023-12-15 04:00:00,39,39.24880150041882,38.14667406722446,40.35973422877144,58,0.6610169491525424,0
2023-12-15 05:00:00,38,38.33628678246235,37.74572538871215,39.766013197030645,61,0.6129032258064516,0
2023-12-15 06:00:00,50,51.89278880622072,49.49325159190178,53.59080881351091,52,0.9433962264150944,0
2023-12-15 07:00:00,106,106.66674494692707,94.49680152859048,113.7377554801712,72,1.452054794520548,0
2023-12-15 08:00:00,254,254.56830932231873,229.11995638653877,259.0589710641531,79,3.175,0
2023-12-15 09:00:00,331,329.16080817260234,300.79979599121754,329.7955663605583,85,3.8488372093023258,0
2023-12-15 10:00:00,218,216.11524196123963,208.11351672944565,238.4847238861564,91,2.369565217391304,0
2023-12-15 11:00:00,123,118.69877793778936,112.597332496482,133.15616731787378,99,1.23,0
2023-12-15 12:00:00,140,139.8169383220866,126.73420595488182,144.71107301017736,99,1.4,0
2023-12-15 13:00:00,126,126.22915205775195,113.63926318755294,144.98624223996802,89,1.4,0
2023-12-15 14:00:00,75,75.26220516507061,67.89569741978693,85.87864796642408,113,0.6578947368421053,0
2023-12-15 15:00:00,96,97.25664952008296,88.94370418715897,98.65943304565349,103,0.9230769230769232,0
2023-12-15 16:00:00,196,171.5274586703321,156.12017378386844,172.6763554674907,85,2.2790697674418605,0
2023-12-15 17:00:00,291,287.0157086801236,270.0488219513325,304.16122572272184,83,3.4642857142857144,0
2023-12-15 18:00:00,363,367.3757216148804,326.85990999982465,367.3757216148804,76,4.714285714285714,0
2023-12-15 19:00:00,348,366.3414173426761,318.66611734610535,366.3414173426761,74,4.64,0
2023-12-15 20:00:00,292,294.78881326500016,280.8811545924137,294.78881326500016,53,5.407407407407407,0
2023-12-15 21:00:00,142,142.5538622029356,136.69418545088774,153.06812231838654,58,2.406779661016949,0
2023-12-15 22:00:00,91,88.7160097495855,82.22569764905892,95.14455523378365,54,1.6545454545454543,0
2023-12-15 23:00:00,54,52.10706080995693,48.483092939218025,54.05979912452689,59,0.9,0
2023-12-16 00:00:00,40,40.23459460029639,39.53164660199371,41.066775442126996,51,0.7692307692307693,0
2023-12-16 01:00:00,42,41.60286117869986,40.82457318761185,42.93503949754996,53,0.7777777777777778,0
2023-12-16 02:00:00,48,46.46808035108551,44.4291433130834,48.674769609957146,51,0.9230769230769232,0
2023-12-16 03:00:00,46,44.60922744616655,42.74574429313423,46.768085068383755,50,0.9019607843137256,0
2023-12-16 04:00:00,45,43.99012927717751,42.32379908133055,46.08767123532723,55,0.8035714285714286,0
2023-12-16 05:00:00,47,45.54771395910921,42.68956509693026,46.755912528361435,54,0.8545454545454545,0
2023-12-16 06:00:00,60,56.35005742354504,54.628062178086715,61.43350079567938,55,1.0714285714285714,0
2023-12-16 07:00:00,139,137.19985362562178,127.65655559607667,144.01517834062392,60,2.278688524590164,0
2023-12-16 08:00:00,277,272.5271302327617,269.5573791105119,317.6395646873953,66,4.134328358208955,0
2023-12-16 09:00:00,328,323.2479340905228,312.5795237095123,351.27535568438316,74,4.373333333333333,0
2023-12-16 10:00:00,313,315.24241628607064,270.11953495089574,320.44919635982814,83,3.726190476190476,0
2023-12-16 11:00:00,149,149.15833554908718,133.90955272347597,160.23192100597632,74,1.9866666666666664,0
2023-12-16 12:00:00,142,140.19612287857294,131.31077706139013,141.89191431292724,89,1.5777777777777775,0
2023-12-16 13:00:00,126,125.22315649683237,121.30253904735959,142.67573968054936,90,1.3846153846153846,0
2023-12-16 14:00:00,84,84.11050711576503,76.2905817609005,89.98245125946066,87,0.9545454545454546,0
2023-12-16 15:00:00,105,107.45633473273679,99.68319487977776,115.04032057820332,84,1.2352941176470589,0
2023-12-16 16:00:00,222,225.15743675570826,202.24226687266503,234.35751951462169,69,3.1714285714285717,0
2023-12-16 17:00:00,316,316.4024853177231,305.7745450020675,328.976533113432,73,4.27027027027027,0
2023-12-16 18:00:00,398,377.7389859746347,339.45623990585665,381.33287506043115,76,5.1688311688311686,0
2023-12-16 19:00:00,458,447.18424595929946,350.4607435737929,494.1309816323131,61,7.387096774193548,0
2023-12-16 20:00:00,350,333.9540408176948,309.94221573350785,472.9829416806479,52,6.60377358490566,0
2023-12-16 21:00:00,199,172.4664999548903,172.4664999548903,251.67720076733792,53,3.685185185185185,0
2023-12-16 22:00:00,111,87.33871504372382,87.33871504372382,119.75670435589247,54,2.018181818181818,0
2023-12-16 23:00:00,62,61.03361894324526,53.3168589773633,65.45742114310664,55,1.1071428571428572,0
2023-12-17 00:00:00,42,41.78351293790989,39.83401417234653,43.39213201613082,52,0.7924528301886793,0
2023-12-17 01:00:00,45,45.47156978586092,41.56750237653048,45.47156978586092,54,0.8181818181818182,0
2023-12-17 02:00:00,44,44.35351171153613,40.958834960878114,44.35351171153613,58,0.7457627118644068,0
2023-12-17 03:00:00,41,41.854147094422345,39.814413594349986,41.854147094422345,56,0.7192982456140351,0
2023-12-17 04:00:00,46,43.74434283229546,40.739983846502604,44.17508492962113,61,0.7419354838709677,0
2023-12-17 05:00:00,35,36.825791704414804,36.19816325201295,36.92812614051787,51,0.6730769230769231,0
2023-12-17 06:00:00,64,63.71331631796901,54.596696238936296,67.39441496296075,58,1.0847457627118644,0
2023-12-17 07:00:00,101,101.61968246712321,101.61968246712321,114.06452900874454,58,1.7118644067796611,0
2023-12-17 08:00:00,240,233.83159163545898,228.61794305923377,245.85205525329224,70,3.380281690140845,0
2023-12-17 09:00:00,338,347.71839769287254,315.5453639023748,377.5846481439811,78,4.278481012658228,0
2023-12-17 10:00:00,250,241.4679198696987,238.23056828216113,271.23525026904895,78,3.1645569620253164,0
2023-12-17 11:00:00,144,145.51479667677125,135.23335086660222,153.8919869130995,85,1.6744186046511629,0
2023-12-17 12:00:00,126,129.71993381528307,120.01487856783079,134.12717125612255,92,1.3548387096774193,0
2023-12-17 13:00:00,130,128.16927809707082,113.13752207520928,133.30382017041308,84,1.5294117647058822,0
2023-12-17 14:00:00,71,70.4707791607321,70.05084773624758,75.42643380244775,96,0.7319587628865979,0
2023-12-17 15:00:00,99,101.54484334278833,94.52932930700699,106.22687815162172,78,1.2531645569620251,0
2023-12-17 16:00:00,179,180.03712149328484,176.21276766373495,200.9931396349491,90,1.967032967032967,0
2023-12-17 17:00:00,301,304.7863069794478,281.9474518902591,308.8855654747229,79,3.7625,0
2023-12-17 18:00:00,375,369.46488362371286,354.0591701508264,377.27943726772406,68,5.434782608695652,0
2023-12-17 19:00:00,376,387.04591010205144,353.58313520605384,397.0910517638196,59,6.266666666666667,0
2023-12-17 20:00:00,306,270.07328589381984,270.07328589381984,390.99042010872944,51,5.884615384615385,0
2023-12-17 21:00:00,194,195.4254654392857,171.37373318388097,203.68699418117004,52,3.660377358490566,0
2023-12-17 22:00:00,92,92.44802631609873,87.67194882946691,101.70595055714826,53,1.7037037037037035,0
2023-12-17 23:00:00,54,57.520359141525724,53.06574064404348,66.84977922319491,57,0.9310344827586208,0
2023-12-18 00:00:00,32,30.52011565844734,30.4156579714081,33.18359012612713,68,0.463768115942029,0
2023-12-18 01:00:00,31,30.590734452972526,30.038820605376603,30.9011097046421,61,0.5,0
2023-12-18 02:00:00,33,32.383104343202156,32.03704651495627,33.18338480014911,57,0.5689655172413793,0
2023-12-18 03:00:00,28,28.130792964809405,27.87975012573775,28.758445947643473,58,0.4745762711864407,0
2023-12-18 04:00:00,27,27.021040455685092,26.598826736243748,27.90635813072888,59,0.45,0
2023-12-18 05:00:00,30,30.032256901249248,29.198600191098393,30.91130582406218,56,0.5263157894736842,0
2023-12-18 06:00:00,38,38.0240112390947,37.56750521315728,42.19344244889019,56,0.6666666666666666,0
2023-12-18 07:00:00,85,83.52352628786707,77.66745034941707,90.12234269881363,78,1.0759493670886076,0
2023-12-18 08:00:00,177,175.10897093155626,160.50045412887536,186.80870660685815,79,2.2125,0
2023-12-18 09:00:00,266,266.6002972220235,247.17423332192698,271.07392017561875,81,3.2439024390243905,0
2023-12-18 10:00:00,183,186.2387734137331,182.88441147849593,198.29996092805465,96,1.8865979381443296,0
2023-12-18 11:00:00,99,97.70990237406053,92.27581144588596,108.1872717789894,89,1.1,0
2023-12-18 12:00:00,102,101.65912809352685,99.01339783715949,105.0002403993725,93,1.0851063829787233,0
2023-12-18 13:00:00,96,97.0360288168046,94.9140046758258,102.98548807238323,95,1.0,0
2023-12-18 14:00:00,55,52.114595101532124,47.825363984119605,55.43409861905014,109,0.5,0
2023-12-18 15:00:00,75,74.97973722344724,72.7542916719692,79.39390608049908,95,0.78125,0
2023-12-18 16:00:00,125,130.6830657604183,121.95865498073755,143.0264316133139,79,1.5625,0
2023-12-18 17:00:00,247,241.82561200616934,218.60434126579668,247.46984120250406,91,2.6847826086956523,0
2023-12-18 18:00:00,284,285.37263662105596,268.9191438199618,295.1039645715672,76,3.688311688311688,0
2023-12-18 19:00:00,261,270.3318792378866,270.3318792378866,289.1119289088022,62,4.142857142857143,0
2023-12-18 20:00:00,224,234.90801671080632,214.5722689266155,247.4102022676519,59,3.733333333333333,0
2023-12-18 21:00:00,124,125.92680245777989,122.89086333833149,139.58153548566708,62,1.968253968253968,0
2023-12-18 22:00:00,75,70.96023167282507,64.3166843253664,81.24382154465161,61,1.2096774193548387,0
2023-12-18 23:00:00,51,48.78931629233013,44.04836045571151,50.52003117251349,67,0.75,0
2023-12-19 00:00:00,30,29.593399715692808,29.593399715692808,31.110384923368795,57,0.5172413793103449,0
2023-12-19 01:00:00,33,32.962207425397146,32.06213622948472,33.825811988992015,60,0.5409836065573771,0
2023-12-19 02:00:00,28,28.636295025982175,28.40261311153367,29.356021613428545,58,0.4745762711864407,0
2023-12-19 03:00:00,34,32.6527433350825,32.6527433350825,33.8590995940239,55,0.6071428571428571,0
2023-12-19 04:00:00,30,30.015177205910213,28.920998309428082,30.700485977788652,63,0.46875,0
2023-12-19 05:00:00,32,31.97863701079883,31.337699072834287,33.068431512370765,62,0.5079365079365079,0
2023-12-19 06:00:00,39,39.469500401624714,38.00349885845617,41.06606058980737,61,0.6290322580645161,0
2023-12-19 07:00:00,96,92.1877064193543,85.57248888705541,95.07645719248951,71,1.3333333333333333,0
2023-12-19 08:00:00,214,214.9745002304138,191.134222986711,223.88260622010569,74,2.853333333333333,0
2023-12-19 09:00:00,266,263.54996742037486,252.04509236998211,279.7000162873553,80,3.2839506172839505,0
2023-12-19 10:00:00,185,188.8156803820424,178.29342486492794,204.25249941024674,91,2.010869565217391,0
2023-12-19 11:00:00,118,118.59098549643493,110.38030278903418,121.72275078599193,103,1.1346153846153846,0
2023-12-19 12:00:00,101,99.78020994190854,96.00363624823407,105.3682016864702,109,0.9181818181818182,0
2023-12-19 13:00:00,84,90.41357159827582,86.10246128773325,97.55368626297754,105,0.7924528301886793,0
2023-12-19 14:00:00,61,60.49149862870656,55.719636104525364,68.77041954166368,99,0.61,0
2023-12-19 15:00:00,70,70.39285642335658,68.36836600917196,76.35976903983354,98,0.7070707070707071,0
2023-12-19 16:00:00,153,148.7595360775972,137.82788069254835,162.0651914637145,91,1.6630434782608696,0
2023-12-19 17:00:00,227,229.46022557420318,222.71611772780815,242.7546089578491,80,2.802469135802469,0
2023-12-19 18:00:00,322,321.2091406495804,301.21473860219265,328.96446322274613,77,4.128205128205129,0
2023-12-19 19:00:00,343,345.16887580879984,322.4079158867114,355.45824407524896,64,5.276923076923077,0
2023-12-19 20:00:00,212,223.90097572215728,216.55748004893468,242.18448061652725,60,3.4754098360655736,0
2023-12-19 21:00:00,135,135.16470066367026,124.44805329739276,145.79854195030143,66,2.014925373134328,0
2023-12-19 22:00:00,75,73.87614336419838,67.37615347655881,80.11432359505132,63,1.171875,0
2023-12-19 23:00:00,51,47.01681235916197,45.673463120480825,53.07061090467482,57,0.8793103448275862,0
2023-12-20 00:00:00,31,30.832032909682045,30.47548624551348,32.04512019972206,60,0.5081967213114754,0
2023-12-20 01:00:00,32,32.02441153627016,31.803956353727255,32.56359899298522,57,0.5517241379310345,0
2023-12-20 02:00:00,34,33.271013352788486,32.84243275292349,34.06834786902804,60,0.5573770491803278,0
2023-12-20 03:00:00,32,32.68487261051469,31.905260331967824,33.954704552988446,64,0.4923076923076923,0
2023-12-20 04:00:00,34,33.37130415594504,33.20479087092254,34.269964829378644,62,0.5396825396825397,0
2023-12-20 05:00:00,30,29.048892004827852,29.048892004827852,29.939117907013895,70,0.4225352112676056,0
2023-12-20 06:00:00,52,49.105762660486114,44.642036624731546,50.43252175829976,64,0.8,0
2023-12-20 07:00:00,83,89.28562351027753,88.92595210307728,98.44044673014932,70,1.1690140845070425,0
2023-12-20 08:00:00,197,196.50589099359328,181.22572337122216,207.47414055163668,81,2.402439024390244,0
2023-12-20 09:00:00,271,268.60929899009176,248.6039105628547,274.66819799329386,84,3.1882352941176477,0
2023-12-20 10:00:00,236,233.9642782929758,216.54193439476347,241.87013268718195,85,2.744186046511628,0
2023-12-20 11:00:00,96,95.55062953381655,93.89619986599683,110.15570097748606,104,0.9142857142857144,0
2023-12-20 12:00:00,128,125.94027501964146,110.23939112087453,125.94027501964146,105,1.2075471698113207,0
2023-12-20 13:00:00,109,106.99555223382588,104.14465647434942,112.27078549522135,99,1.09,0
2023-12-20 14:00:00,62,60.292109059433216,57.937717809855336,63.25561821792334,101,0.6078431372549019,0
2023-12-20 15:00:00,72,73.34527254295371,72.0614764772034,75.3109956680837,103,0.6923076923076923,0
2023-12-20 16:00:00,151,145.08221797886233,127.37149829688718,147.9758076246458,96,1.556701030927835,0
2023-12-20 17:00:00,226,228.13968009303105,215.74150757244448,236.97126941026178,78,2.8607594936708862,0
2023-12-20 18:00:00,347,346.1504910522634,313.547305225476,352.59977730064224,78,4.39240506329114,0
2023-12-20 19:00:00,290,291.33466462956625,291.33466462956625,326.526709514505,68,4.202898550724638,0
2023-12-20 20:00:00,237,233.28912549424336,220.96192716463227,250.77867910030488,64,3.646153846153846,0
2023-12-20 21:00:00,138,138.56917333990503,138.46895638118124,153.80732578479189,64,2.123076923076923,0
2023-12-20 22:00:00,71,71.5301921161631,69.90045660966842,81.95470175903414,65,1.0757575757575757,0
2023-12-20 23:00:00,49,46.821568700914725,45.24529588470622,51.56964609459799,56,0.8596491228070176,0
2023-12-21 00:00:00,36,35.353218455572076,35.04460024496266,36.31638191099728,57,0.6206896551724138,0
2023-12-21 01:00:00,38,37.00611378428985,35.93579205086723,37.630850920432046,64,0.5846153846153846,0
2023-12-21 02:00:00,30,30.09887178753849,30.04602904743754,31.167743525386292,58,0.5084745762711864,0
2023-12-21 03:00:00,37,36.95536003180772,36.593056620034424,37.426384614652356,55,0.6607142857142857,0
2023-12-21 04:00:00,42,40.14161347398854,39.055246806256164,40.605975520361845,62,0.6666666666666666,0
2023-12-21 05:00:00,34,33.995272896763666,33.65139179171688,35.637414987834845,58,0.576271186440678,0
2023-12-21 06:00:00,52,51.84358024120903,44.59351895638877,53.02082075183961,67,0.7647058823529411,0
2023-12-21 07:00:00,94,96.15251473310195,93.53064630653928,103.04516160446315,70,1.323943661971831,0
2023-12-21 08:00:00,187,188.61695650308502,181.44975811858635,201.70804380166103,78,2.367088607594937,0
2023-12-21 09:00:00,274,271.88177743873166,250.85670030301654,277.0875463363459,83,3.261904761904762,0
2023-12-21 10:00:00,227,224.03676538183635,204.74662556393946,228.14464851961714,100,2.247524752475248,0
2023-12-21 11:00:00,103,101.40438911721544,99.84455676649723,110.02621449159511,98,1.0404040404040404,0
2023-12-21 12:00:00,108,112.005594006602,107.9844505162558,117.43072937161567,97,1.1020408163265305,0
2023-12-21 13:00:00,111,108.74204510042313,102.8970851759354,111.30816039792765,95,1.15625,0
2023-12-21 14:00:00,62,66.49888272426709,61.691708481839555,73.51788339883609,99,0.62,0
2023-12-21 15:00:00,84,84.02283224526509,75.02842647231488,86.83063238203825,91,0.9130434782608696,0
2023-12-21 16:00:00,152,147.6234493477354,132.74201447624083,147.6234493477354,97,1.5510204081632653,0
2023-12-21 17:00:00,257,260.0769695041952,241.81068006894228,261.83418516269404,76,3.3376623376623376,0
2023-12-21 18:00:00,313,314.8632212735494,303.4697022938301,335.1733518972682,77,4.012820512820513,0
2023-12-21 19:00:00,330,330.21394903772455,312.70773749713976,336.0038438342876,71,4.583333333333333,0
2023-12-21 20:00:00,229,234.5090739890668,230.52232190473242,253.13093387316707,61,3.693548387096774,0
2023-12-21 21:00:00,165,164.01030683274396,156.3833082980032,169.99111432962877,57,2.8448275862068964,0
2023-12-21 22:00:00,76,73.87650810796089,66.592936037958,83.21168262870376,62,1.2063492063492065,0
2023-12-21 23:00:00,52,48.22499634455341,46.46254348552317,53.648854383803425,57,0.896551724137931,0
2023-12-22 00:00:00,39,39.06630225145378,37.01799418960669,39.220745796272986,60,0.639344262295082,0
2023-12-22 01:00:00,40,38.778117403089986,37.93547861715609,40.49063953916693,62,0.6349206349206349,0
2023-12-22 02:00:00,38,36.77818953264939,35.615329687226094,42.8273213975055,62,0.6031746031746031,0
2023-12-22 03:00:00,37,37.50073826568588,37.02105669520437,38.784260974469824,58,0.6271186440677966,0
2023-12-22 04:00:00,34,34.871973393864245,33.976464484520804,35.47138156308111,64,0.5230769230769231,0
2023-12-22 05:00:00,37,36.37116198195004,36.192393560013286,37.36088408631285,60,0.6065573770491803,0
2023-12-22 06:00:00,51,52.06209305095108,45.894765401621584,53.62144603448074,63,0.796875,0
2023-12-22 07:00:00,113,112.08872298200414,98.7993608273424,113.3183206754255,76,1.4675324675324677,0
2023-12-22 08:00:00,261,257.93085304605665,230.62385449677575,260.9822715739037,83,3.107142857142857,0
2023-12-22 09:00:00,313,309.188057307941,280.33842988496895,323.434861152245,91,3.402173913043478,0
2023-12-22 10:00:00,225,222.53347948410484,210.1708756820369,229.65929697477245,92,2.419354838709677,0
2023-12-22 11:00:00,113,112.95328913418385,110.99027269635708,119.90765576183654,101,1.107843137254902,0
2023-12-22 12:00:00,136,133.94297244433005,122.49726387485647,143.97413838638687,100,1.3465346534653466,0
2023-12-22 13:00:00,136,133.09162821168732,117.93036266599086,134.70579249669993,93,1.446808510638298,0
2023-12-22 14:00:00,79,78.51213949189352,72.92605448808018,81.74816328556793,101,0.7745098039215687,0
2023-12-22 15:00:00,98,97.45848153033258,94.06260361989656,99.37951047699788,98,0.98989898989899,0
2023-12-22 16:00:00,181,179.80486616450509,172.4840803033875,191.77134060157914,95,1.8854166666666667,0
2023-12-22 17:00:00,327,324.6068935068224,283.50894789639364,326.02717974878544,84,3.847058823529412,0
2023-12-22 18:00:00,385,385.05628610729707,339.12261347900784,389.46479267539485,74,5.133333333333334,0
2023-12-22 19:00:00,395,393.4088100826793,345.01213550952184,393.4088100826793,72,5.410958904109589,0
2023-12-22 20:00:00,279,267.1414152455635,256.38929651218115,279.40664214919315,55,4.982142857142857,0
2023-12-22 21:00:00,155,155.47235929582456,135.5620473118427,162.11990448497804,65,2.3484848484848486,0
2023-12-22 22:00:00,87,92.84823113736343,80.14448138697371,96.74194869381371,59,1.45,0
2023-12-22 23:00:00,55,53.29823124036528,50.0607670872243,59.366354505558164,61,0.8870967741935484,0
2023-12-23 00:00:00,45,44.06515341640058,42.5693936286139,45.89159780394676,55,0.8035714285714286,0
2023-12-23 01:00:00,52,49.125774535842126,44.558973560657456,51.43490104576008,55,0.9285714285714286,0
2023-12-23 02:00:00,45,43.04465561092453,43.04465561092453,46.660113020401525,49,0.9,0
2023-12-23 03:00:00,49,45.842531906623066,43.97861561046043,49.174509636548194,55,0.875,0
2023-12-23 04:00:00,44,43.3684284088385,41.3068005954303,44.607132943715364,54,0.8,0
2023-12-23 05:00:00,45,44.23233692463563,42.40158634076214,45.91578363688451,51,0.8653846153846154,0
2023-12-23 06:00:00,53,53.370723838637296,51.508495678383106,54.91396098539125,50,1.03921568627451,0
2023-12-23 07:00:00,119,119.86803401082743,117.50044808279107,135.67920075982857,59,1.9833333333333332,0
2023-12-23 08:00:00,286,293.063228657113,272.9061832498875,347.31011271853623,63,4.46875,0
2023-12-23 09:00:00,369,363.0571987092171,317.51925872194755,365.5923036282594,83,4.392857142857143,0
2023-12-23 10:00:00,296,292.2005797490514,257.35029680754826,310.285178727058,88,3.3258426966292136,0
2023-12-23 11:00:00,147,151.54101232192068,129.75592762466442,160.3405346370414,87,1.6704545454545454,0
2023-12-23 12:00:00,145,146.4473188787678,137.00942536339912,147.66753799207012,86,1.6666666666666667,0
2023-12-23 13:00:00,165,157.03550037810024,136.4677980183375,157.03550037810024,87,1.875,0
2023-12-23 14:00:00,80,79.48529566249717,74.45706168559092,82.06903665606359,91,0.8695652173913043,0
2023-12-23 15:00:00,116,111.5660810180702,101.87507917517489,111.5660810180702,94,1.2210526315789474,0
2023-12-23 16:00:00,190,188.91190918299034,186.25122764615452,199.11377672056585,78,2.4050632911392404,0
2023-12-23 17:00:00,344,343.7297935298471,318.09135649308473,398.20127546655397,70,4.845070422535211,0
2023-12-23 18:00:00,459,443.75714776110044,359.24267861155073,473.7641332630985,75,6.039473684210527,0
2023-12-23 19:00:00,433,459.662055143638,341.6291472958314,567.2796079388215,54,7.872727272727273,0
2023-12-23 20:00:00,269,313.3442200387272,268.8013233479246,395.9533795830881,50,5.2745098039215685,0
2023-12-23 21:00:00,196,196.37836701029514,182.90687529473522,225.41469315132147,52,3.69811320754717,0
2023-12-23 22:00:00,116,104.32749206523464,103.49810758752281,128.4483058411191,48,2.36734693877551,0
2023-12-23 23:00:00,65,58.07244053551519,53.73093142262292,67.88817167596233,56,1.1403508771929824,0
2023-12-24 00:00:00,43,43.49137212666203,39.017057633606484,44.14758930453707,56,0.7543859649122807,0
2023-12-24 01:00:00,36,37.13304146547416,36.85054956890902,38.72913997556501,51,0.6923076923076923,0
2023-12-24 02:00:00,39,39.98717794803166,38.381362611020464,39.98717794803166,57,0.6724137931034483,0
2023-12-24 03:00:00,43,42.91656805896327,40.430560586863294,42.91656805896327,58,0.7288135593220338,0
2023-12-24 04:00:00,43,42.51883343258976,41.083808711540485,44.292595110540006,52,0.8113207547169812,0
2023-12-24 05:00:00,47,44.02558422419496,42.535863743067985,47.13803273658168,51,0.903846153846154,0
2023-12-24 06:00:00,54,56.13279782659076,49.45677699945167,64.81083987722309,60,0.8852459016393442,0
2023-12-24 07:00:00,120,115.05993367650407,104.3989029734546,121.43989863628751,63,1.875,0
2023-12-24 08:00:00,252,244.21710492899615,242.6410136724044,261.2564987696215,69,3.6,0
2023-12-24 09:00:00,314,324.1624005411165,299.2970782467387,329.84834104669096,81,3.829268292682927,0
2023-12-24 10:00:00,211,204.39261323312465,204.39261323312465,244.55173239388924,82,2.5421686746987957,0
2023-12-24 11:00:00,138,139.28020697538685,133.86433711476914,148.7412294747912,82,1.6626506024096386,0
2023-12-24 12:00:00,139,139.90891595354879,124.35819680537088,139.90891595354879,88,1.5617977528089888,0
2023-12-24 13:00:00,122,123.19041780572647,120.04450874159033,133.39545664809796,94,1.2842105263157897,0
2023-12-24 14:00:00,66,66.86721659373782,64.8416787735507,75.54472452034922,77,0.8461538461538461,0
2023-12-24 15:00:00,102,104.10019630259764,93.1900813960336,106.61184941112444,83,1.2142857142857142,0
2023-12-24 16:00:00,176,174.08008456655136,162.65840457654406,184.91554893339045,87,2.0,0
2023-12-24 17:00:00,312,303.4741865845246,296.50702446105794,315.63892908666,72,4.273972602739726,0
2023-12-24 18:00:00,455,447.78445938534344,358.4977048595986,447.78445938534344,75,5.9868421052631575,0
2023-12-24 19:00:00,330,368.5833643720054,332.5010574094832,403.29252948824313,66,4.925373134328358,0
2023-12-24 20:00:00,283,284.34764691833004,284.34764691833004,308.64270819952026,53,5.2407407407407405,0
2023-12-24 21:00:00,177,177.43909856529984,174.5526476996265,200.9442770109789,51,3.4038461538461537,0
2023-12-24 22:00:00,108,107.92164606357993,93.44243288382378,110.13436195363995,52,2.037735849056604,0
2023-12-24 23:00:00,50,52.981167501857,47.28138669309939,60.81434416878538,62,0.7936507936507936,0
2023-12-25 00:00:00,61,64.29069745626953,51.8162917580935,68.00275295660023,40,1.4878048780487805,1
2023-12-25 01:00:00,53,55.990356277715954,50.704376526219754,63.59579843813565,36,1.4324324324324325,1
2023-12-25 02:00:00,52,52.4139980156786,48.84813666078141,59.660180236498874,35,1.4444444444444444,1
2023-12-25 03:00:00,51,54.58632539035656,47.02652356810953,62.348502647911616,36,1.3783783783783785,1
2023-12-25 04:00:00,50,52.09487457371866,46.89500309157788,60.95242939830423,37,1.3157894736842106,1
2023-12-25 05:00:00,58,67.32226798526007,55.89048638604185,72.52373389691545,33,1.7058823529411764,1
2023-12-25 06:00:00,63,65.75816402482072,59.501391301652696,81.68669695652235,36,1.7027027027027026,1
2023-12-25 07:00:00,149,129.36563875855208,128.44771291123124,163.642738057094,45,3.239130434782609,1
2023-12-25 08:00:00,307,452.39187363143685,236.10844991884466,557.8405099392056,42,7.1395348837209305,1
2023-12-25 09:00:00,401,600.5661252903702,297.57737742229074,695.4851937623397,54,7.290909090909091,1
2023-12-25 10:00:00,391,567.4226005446684,266.92467249384123,627.3191601582917,59,6.516666666666667,1
2023-12-25 11:00:00,173,134.08829467065337,134.08829467065337,210.3247942031318,56,3.0350877192982457,1
2023-12-25 12:00:00,180,170.0062267324327,135.68105584180807,186.53667210930118,66,2.6865671641791047,1
2023-12-25 13:00:00,174,149.86297916846783,147.12626893239454,178.9805308619485,59,2.9,1
2023-12-25 14:00:00,82,91.59613636153027,66.39909526244779,102.36121585088092,63,1.28125,1
2023-12-25 15:00:00,135,137.54295133884486,115.29248513849258,137.54295133884486,60,2.2131147540983607,1
2023-12-25 16:00:00,176,183.18621084714184,156.35534437611432,191.5158151152644,58,2.983050847457627,1
2023-12-25 17:00:00,331,365.31676294038095,288.6692870589244,498.1828188892704,54,6.0181818181818185,1
2023-12-25 18:00:00,439,525.0652605288069,306.8516505091497,670.163248527892,54,7.981818181818181,1
2023-12-25 19:00:00,470,651.1460356413884,284.9747493481715,726.0123457661865,50,9.215686274509803,1
2023-12-25 20:00:00,343,500.2279901800635,253.99120358039187,651.4959200722146,42,7.976744186046512,1
2023-12-25 21:00:00,198,246.81490559458987,173.7886164364663,331.9576385974405,39,4.95,1
2023-12-25 22:00:00,106,132.52821214447914,95.3785465754659,161.18712857888713,44,2.355555555555556,1
2023-12-25 23:00:00,57,69.74753409494937,52.942553892537084,97.56401762950475,45,1.2391304347826086,1
2023-12-26 00:00:00,29,34.095946833622705,29.138078791447402,42.62058945279023,59,0.4833333333333333,0
2023-12-26 01:00:00,34,36.65334471170938,31.689944556618645,36.65334471170938,67,0.5,0
2023-12-26 02:00:00,34,36.93914949079215,33.73364790559549,36.93914949079215,55,0.6071428571428571,0
2023-12-26 03:00:00,37,39.752504810678374,36.435122095499274,39.752504810678374,53,0.6851851851851852,0
2023-12-26 04:00:00,30,33.44431774788092,30.543342448948902,33.44431774788092,57,0.5172413793103449,0
2023-12-26 05:00:00,35,37.44087582573125,33.58962769793742,37.44087582573125,63,0.546875,0
2023-12-26 06:00:00,42,45.41863475543884,41.09094570766822,45.41863475543884,56,0.7368421052631579,0
2023-12-26 07:00:00,100,103.33664388903664,94.26547506687898,111.43915912647665,65,1.5151515151515151,0
2023-12-26 08:00:00,214,212.20803375855704,202.5265348395764,217.63561750417514,82,2.5783132530120483,0
2023-12-26 09:00:00,270,279.35307843316014,243.83612156149093,299.4220720853184,87,3.0681818181818183,0
2023-12-26 10:00:00,193,192.68242542629793,181.58064311868614,209.41018048192495,93,2.0531914893617023,0
2023-12-26 11:00:00,112,115.65250370123381,110.37331032784031,122.67441441077925,101,1.0980392156862746,0
2023-12-26 12:00:00,113,113.69601515006535,107.93350462159844,121.4324498831669,97,1.153061224489796,0
2023-12-26 13:00:00,95,95.96942799398147,91.11850869677603,104.86265549006879,98,0.9595959595959596,0
2023-12-26 14:00:00,52,55.68326212691498,52.179326914006715,61.913834209645266,104,0.4952380952380952,0
2023-12-26 15:00:00,74,75.14829202226034,69.32486887568184,85.97975759205565,89,0.8222222222222222,0
2023-12-26 16:00:00,159,157.2758839365481,151.5251945215351,166.69505606872139,80,1.962962962962963,0
2023-12-26 17:00:00,256,255.0193912366082,237.59957827107513,263.784305789775,83,3.0476190476190474,0
2023-12-26 18:00:00,281,279.2538702236891,274.5873762930089,315.9211236285041,82,3.3855421686746987,0
2023-12-26 19:00:00,279,282.75362236202693,282.75362236202693,302.157949509588,70,3.929577464788733,0
2023-12-26 20:00:00,259,250.3307635881413,234.649504928266,261.0240462287631,63,4.046875,0
2023-12-26 21:00:00,129,133.0096593287392,133.0096593287392,148.0040932347865,53,2.388888888888889,0
2023-12-26 22:00:00,79,79.19377565226429,71.56484609556934,91.135439631457,61,1.2741935483870968,0
2023-12-26 23:00:00,43,47.545714252438195,43.82471964316818,52.146859922795926,62,0.6825396825396826,0
2023-12-27 00:00:00,38,36.5824093181914,36.5824093181914,37.8046172803682,55,0.6785714285714286,0
2023-12-27 01:00:00,31,31.297722906254847,30.527008089522422,31.598470017470696,63,0.484375,0
2023-12-27 02:00:00,36,35.392534758939775,34.44863076981227,35.96678690286913,60,0.5901639344262295,0
2023-12-27 03:00:00,34,33.57093390057695,30.872811282382443,33.57093390057695,72,0.4657534246575342,0
2023-12-27 04:00:00,34,33.81077688943436,33.81077688943436,35.64622908318204,53,0.6296296296296297,0
2023-12-27 05:00:00,29,29.001046216110574,28.696707620215037,29.561816401652926,65,0.4393939393939394,0
2023-12-27 06:00:00,37,39.65998232447545,39.503522808975234,43.30818098840667,59,0.6166666666666667,0
2023-12-27 07:00:00,91,92.81340099527283,83.2547565731607,96.52905650773684,63,1.421875,0
2023-12-27 08:00:00,206,208.3175061541306,189.02065170992495,214.53117547035444,75,2.710526315789474,0
2023-12-27 09:00:00,248,249.61817242343986,241.19885790522395,257.5735585679636,86,2.8505747126436782,0
2023-12-27 10:00:00,185,186.3793017082445,182.61243910304148,209.09705359869704,97,1.8877551020408163,0
2023-12-27 11:00:00,111,108.36383487978645,101.88631452379363,110.15889806295615,106,1.0373831775700937,0
2023-12-27 12:00:00,114,113.4725226777402,106.3206715174956,122.7417086686212,108,1.0458715596330277,0
2023-12-27 13:00:00,101,101.89640879468391,98.2546104395457,109.73635041631937,94,1.063157894736842,0
2023-12-27 14:00:00,64,61.583809417696486,56.72197429605406,65.21260645727912,106,0.5981308411214953,0
2023-12-27 15:00:00,71,71.11331233022804,67.19399717119965,74.65315945298589,98,0.7171717171717171,0
2023-12-27 16:00:00,140,141.47672458574004,133.6380274333422,156.66819920958983,88,1.5730337078651686,0
2023-12-27 17:00:00,273,271.5349760594651,246.43755022487125,275.12397087991485,84,3.211764705882353,0
2023-12-27 18:00:00,315,317.1082910497798,310.90430237364745,335.3745254137338,74,4.2,0
2023-12-27 19:00:00,317,322.88435723861426,299.3760235269178,333.8977577792413,69,4.5285714285714285,0
2023-12-27 20:00:00,288,264.86138628300245,251.3498940102962,270.76456384173065,57,4.965517241379311,0
2023-12-27 21:00:00,129,131.33433982543673,131.16760618896419,139.43431523108958,56,2.263157894736842,0
2023-12-27 22:00:00,82,77.75586379120662,70.93790537313703,87.20195538731622,62,1.3015873015873016,0
2023-12-27 23:00:00,52,48.797058588343916,46.005222693195336,52.374882270290584,62,0.8253968253968254,0
2023-12-28 00:00:00,33,32.99037521347569,32.25426429070652,34.54671407832764,59,0.55,0
2023-12-28 01:00:00,37,35.86711679628214,34.71129161099683,38.63286355529037,65,0.5606060606060606,0
2023-12-28 02:00:00,32,32.02588682339339,31.701812764231775,32.643060764671645,59,0.5333333333333333,0
2023-12-28 03:00:00,32,32.324575651942716,31.911531451565107,33.94408498309027,59,0.5333333333333333,0
2023-12-28 04:00:00,35,34.62643271984804,33.68159216709567,36.54726797655025,62,0.5555555555555556,0
2023-12-28 05:00:00,37,35.629882008061685,35.629882008061685,36.50865114500674,60,0.6065573770491803,0
2023-12-28 06:00:00,49,46.533806219216096,46.533806219216096,50.94747657134554,60,0.8032786885245902,0
2023-12-28 07:00:00,108,106.78978530125602,101.02634881839373,107.85321609499542,59,1.8,0
2023-12-28 08:00:00,207,213.51959617192085,190.2196603581138,217.33356955508032,77,2.6538461538461537,0
2023-12-28 09:00:00,309,305.55078173293003,288.80655020377236,307.4928192747271,76,4.012987012987013,0
2023-12-28 10:00:00,203,202.16360277348014,198.27734511622484,229.9578264601141,85,2.36046511627907,0
2023-12-28 11:00:00,118,115.24279869175182,103.64763821614957,117.2412447935793,89,1.3111111111111111,0
2023-12-28 12:00:00,115,113.92135761511041,105.9419773649843,117.527190831829,93,1.2234042553191489,0
2023-12-28 13:00:00,109,110.30229109349519,107.54580032826838,114.35011275591154,97,1.1122448979591837,0
2023-12-28 14:00:00,64,64.547454267128,60.417042036068594,66.90851242912522,96,0.6597938144329897,0
2023-12-28 15:00:00,71,71.83066651394282,70.84322616976128,76.48522337079379,100,0.7029702970297029,0
2023-12-28 16:00:00,136,132.90202688681975,129.48971266620708,148.18089401230145,92,1.4623655913978495,0
2023-12-28 17:00:00,249,249.8187949404689,238.00549096542858,260.51737388176116,76,3.2337662337662336,0
2023-12-28 18:00:00,283,282.7131347902875,282.7131347902875,297.76301069910033,78,3.5822784810126582,0
2023-12-28 19:00:00,346,343.80211297475824,320.463594896928,343.80211297475824,70,4.873239436619718,0
2023-12-28 20:00:00,265,259.37166105435784,252.61008713476912,265.86174899732583,59,4.416666666666667,0
2023-12-28 21:00:00,153,151.46784068686222,141.84708850798137,160.76853099760254,60,2.5081967213114758,0
2023-12-28 22:00:00,73,74.95414730513309,68.98211834198337,82.43355089854502,61,1.1774193548387095,0
2023-12-28 23:00:00,53,52.66051589931806,48.45982691905378,53.37098175148317,63,0.828125,0
2023-12-29 00:00:00,47,45.10132401186506,42.85860060405251,47.123245481711585,55,0.8392857142857143,0
2023-12-29 01:00:00,40,39.861433555941375,38.50906013179649,40.5811117345841,59,0.6666666666666666,0
2023-12-29 02:00:00,41,39.890083482687345,38.28217751389657,40.468378417726264,66,0.6119402985074627,0
2023-12-29 03:00:00,40,38.297215781981905,37.67456159739669,39.14018970377325,65,0.6060606060606061,0
2023-12-29 04:00:00,41,39.62578081615285,38.39008480815927,40.56166828178247,63,0.640625,0
2023-12-29 05:00:00,40,38.574735764561446,38.338776030728496,41.24363701151333,62,0.6349206349206349,0
2023-12-29 06:00:00,52,51.98204399101308,47.27446910368806,52.43607383680395,66,0.7761194029850746,0
2023-12-29 07:00:00,119,116.6301357023232,102.88572725475814,119.93531853478049,77,1.5256410256410255,0
2023-12-29 08:00:00,291,281.51595028542334,258.41462859734474,284.6447731840778,77,3.730769230769231,0
2023-12-29 09:00:00,290,295.6319548759912,288.42036677748786,304.2874605892183,80,3.580246913580247,0
2023-12-29 10:00:00,240,241.96635056911322,215.55627868170237,261.5743573095659,90,2.6373626373626373,0
2023-12-29 11:00:00,116,110.89627846873326,100.0128472282311,120.34257412131598,116,0.9914529914529916,0
2023-12-29 12:00:00,149,147.54619760376966,130.63944846796804,151.57356946783202,90,1.637362637362637,0
2023-12-29 13:00:00,117,117.40000624199004,112.90925820656692,131.1397118668731,97,1.1938775510204085,0
2023-12-29 14:00:00,64,67.12009915524014,64.96072302449856,75.3982478593352,91,0.6956521739130435,0
2023-12-29 15:00:00,98,97.43031863089992,90.469247406877,101.4673775651614,97,1.0,0
2023-12-29 16:00:00,198,189.5741894184691,175.13309044709914,191.75227026260424,85,2.302325581395349,0
2023-12-29 17:00:00,301,299.97905366573707,281.6091363182457,317.187051299015,84,3.541176470588235,0
2023-12-29 18:00:00,381,378.50169800937255,346.55017668683115,382.71533901940643,69,5.442857142857143,0
2023-12-29 19:00:00,387,385.62560433607416,339.1389222050553,385.62560433607416,72,5.301369863013699,0
2023-12-29 20:00:00,320,296.5426109287119,285.06385706207,317.54724475124056,65,4.848484848484849,0
2023-12-29 21:00:00,161,156.46279320570116,143.59404943465597,171.58614011664827,59,2.683333333333333,0
2023-12-29 22:00:00,91,98.33967967742744,80.55323000042998,98.79398291479089,60,1.4918032786885247,0
2023-12-29 23:00:00,53,52.68296763117936,50.10924535874011,62.78121274023255,59,0.8833333333333333,0
2023-12-30 00:00:00,41,40.97184605613658,40.249119720273335,42.17627991931413,53,0.7592592592592593,0
2023-12-30 01:00:00,44,43.51741367614045,43.40808085283811,45.65698321459591,53,0.8148148148148148,0
2023-12-30 02:00:00,49,46.079276780144795,43.432473414829815,48.28785750957804,55,0.875,0
2023-12-30 03:00:00,47,44.197405476485514,43.91798094658099,48.55653007284796,57,0.8103448275862069,0
2023-12-30 04:00:00,47,45.68997150505159,43.40054786592784,45.68997150505159,50,0.9215686274509804,0
2023-12-30 05:00:00,47,44.89498264911054,43.610297193611295,46.62364472207373,52,0.8867924528301887,0
2023-12-30 06:00:00,62,58.790352266882856,54.79747763092677,62.13707128124819,56,1.087719298245614,0
2023-12-30 07:00:00,118,122.11200450895912,118.43535347522352,126.82382588568603,56,2.0701754385964914,0
2023-12-30 08:00:00,267,270.1743677627827,257.70937172922993,313.39038895140584,60,4.377049180327869,0
2023-12-30 09:00:00,375,369.6497826949655,329.5813142201695,406.7598317678617,76,4.87012987012987,0
2023-12-30 10:00:00,281,270.53360338403155,266.68913881854024,311.5175683878607,83,3.345238095238096,0
2023-12-30 11:00:00,148,152.92883412224919,137.16227853954948,157.37291675583046,81,1.804878048780488,0
2023-12-30 12:00:00,147,145.37649718729486,138.2884082312135,159.75260897719264,84,1.7294117647058824,0
2023-12-30 13:00:00,135,132.54081444736897,131.32400218221258,153.1000384266834,84,1.588235294117647,0
2023-12-30 14:00:00,104,96.16324853406256,82.42789849422645,97.6979001460435,83,1.238095238095238,0
2023-12-30 15:00:00,114,113.23235960720865,104.74173109459169,118.14156272704261,88,1.2808988764044944,0
2023-12-30 16:00:00,203,207.38030293666284,184.62130699066591,211.1688897605724,75,2.671052631578948,0
2023-12-30 17:00:00,319,324.55448112732967,304.1703621486838,346.91962319265104,74,4.253333333333333,0
2023-12-30 18:00:00,411,422.1672852322972,357.6151262287287,490.52407413842053,64,6.323076923076923,0
2023-12-30 19:00:00,422,455.27306865441943,339.64296167514755,530.9033393239013,56,7.403508771929824,0
2023-12-30 20:00:00,333,322.7065749310263,289.4805054638144,502.1570169101921,56,5.842105263157895,0
2023-12-30 21:00:00,169,185.3385519853054,174.65690312179083,205.32707491281465,51,3.25,0
2023-12-30 22:00:00,92,81.80407319450963,81.80407319450963,108.88881135334955,53,1.7037037037037035,0
2023-12-30 23:00:00,59,65.17177564406988,52.14624024868724,68.74316737719896,48,1.2040816326530612,0
2023-12-31 00:00:00,105,155.66307791674757,106.49556895985141,235.02398418430647,25,4.038461538461538,1
