timestamp,actual_demand,pred_demand,pred_low,pred_high,supply,DSR,is_event,multiplier,dynamic_price,smoothed_price,dynamic_demand,dynamic_revenue,static_revenue,revenue_diff,hour,date,week,dsr_zone
2023-10-20 15:00:00,79,78.02417728396624,78.02417728396624,83.27154779621685,100,0.7821782178217822,0,0.8822,8.822,9.71,80.64429142238849,783.0560697113923,790.0,-6.943930288607703,15,2023-10-20,42,1_Low (DSR<0.8)
2023-10-20 16:00:00,161,161.94897280802883,141.87216673923442,165.3365148534599,90,1.7692307692307692,0,1.3547,13.547,10.67,153.85470520383225,1641.62970452489,1610.0,31.62970452489003,16,2023-10-20,42,3_Mild surge (1.2-2.0)
2023-10-20 17:00:00,251,246.8608792955532,223.16979868136536,246.8608792955532,92,2.6989247311827955,0,1.8229,18.229,12.56,213.9838385765252,2687.6370125211565,2510.0,177.63701252115652,17,2023-10-20,42,4_Strong surge (>2.0)
2023-10-20 18:00:00,327,323.0442035844892,306.5271408401962,354.76213526754054,76,4.246753246753247,0,2.5,25.0,15.67,238.780828715674,3741.6955859746113,3270.0,471.6955859746113,18,2023-10-20,42,4_Strong surge (>2.0)
2023-10-20 19:00:00,291,295.56997265783565,287.8376121674312,302.81569429200584,75,3.8289473684210527,0,2.3962,23.962,17.74,194.81637503893012,3456.0424931906205,2910.0,546.0424931906205,19,2023-10-20,42,4_Strong surge (>2.0)
2023-10-20 20:00:00,221,223.1017508406539,220.915792868753,241.9590138841412,62,3.507936507936508,0,2.2222,22.222,18.86,141.74674403450922,2673.343592490844,2210.0,463.343592490844,20,2023-10-20,42,4_Strong surge (>2.0)
2023-10-20 21:00:00,150,147.7639918706445,142.30317695043234,153.7532942390557,60,2.459016393442623,0,1.7095,17.095,18.42,97.81118510352653,1801.6820296069584,1500.0,301.6820296069584,21,2023-10-20,42,4_Strong surge (>2.0)
2023-10-20 22:00:00,70,76.00100819230741,70.84383581712248,83.89264051683332,57,1.206896551724138,0,1.0754,10.754,16.5,49.30140307144047,813.4731506787678,700.0,113.47315067876775,22,2023-10-20,42,3_Mild surge (1.2-2.0)
2023-10-20 23:00:00,45,46.99520530988431,43.08855809036535,50.21495086434633,60,0.7377049180327869,0,0.8495,8.495000000000001,14.5,34.6940429834073,503.06362325940586,450.0,53.06362325940586,23,2023-10-20,42,1_Low (DSR<0.8)
2023-10-21 00:00:00,40,40.78483421489551,39.05317877789098,40.78483421489551,52,0.7547169811320755,0,0.8719,8.719,13.05,33.19958333096923,433.2545624691485,400.0,33.25456246914848,0,2023-10-21,42,1_Low (DSR<0.8)
2023-10-21 01:00:00,35,36.11255335608671,35.41856900526563,37.38814196978621,49,0.7,0,0.8432,8.431999999999999,11.9,30.987402362932198,368.75008811889313,350.0,18.75008811889313,1,2023-10-21,42,1_Low (DSR<0.8)
2023-10-21 02:00:00,43,42.78158510378862,40.43460169336858,43.89780998310383,52,0.8113207547169812,0,0.8949,8.949,11.16,39.82020755377456,444.3935163001241,430.0,14.393516300124077,2,2023-10-21,42,2_Balanced (0.8-1.2)
2023-10-21 03:00:00,42,41.58049550296763,39.50068597377961,43.052952403459095,50,0.8235294117647058,0,0.9004,9.004,10.62,40.26819181475415,427.648197072689,420.0,7.648197072689015,3,2023-10-21,42,2_Balanced (0.8-1.2)
2023-10-21 04:00:00,34,34.31659146995782,34.31659146995782,35.772130752787426,55,0.6071428571428571,0,0.8,8.0,9.96,34.09552484957569,339.59142750177386,340.0,-0.4085724982261354,4,2023-10-21,42,1_Low (DSR<0.8)
2023-10-21 05:00:00,36,36.1258080711554,35.21969602850263,36.31769432129428,57,0.6206896551724138,0,0.8067,8.067,9.49,37.343597382036,354.39073915552166,360.0,-5.609260844478342,5,2023-10-21,42,1_Low (DSR<0.8)
2023-10-21 06:00:00,42,44.956700489810686,44.79201979489628,45.32160404692393,49,0.84,0,0.9184,9.184,9.41,43.82647627234681,412.4071417227835,420.0,-7.592858277216521,6,2023-10-21,42,2_Balanced (0.8-1.2)
2023-10-21 07:00:00,100,100.47946909604862,92.71424275653028,110.12035252430778,67,1.4705882352941178,0,1.2035,12.035,10.07,99.51289725050312,1002.0948753125664,1000.0,2.094875312566387,7,2023-10-21,42,3_Mild surge (1.2-2.0)
2023-10-21 08:00:00,248,245.9701326109959,226.6182841039547,252.36387915855863,68,3.5942028985507246,0,2.2612,22.612,13.21,204.08905205757637,2696.0163776805834,2480.0,216.01637768058345,8,2023-10-21,42,4_Strong surge (>2.0)
2023-10-21 09:00:00,303,302.41638020485146,302.41638020485146,328.7570839240621,70,4.267605633802817,0,2.5,25.0,16.16,216.53777951438096,3499.250516952396,3030.0,469.2505169523961,9,2023-10-21,42,4_Strong surge (>2.0)
2023-10-21 10:00:00,242,243.16039153375667,225.41499237483572,243.97630523967703,84,2.847058823529412,0,1.9016,19.016,16.87,167.81655758058093,2831.0653263844006,2420.0,411.0653263844006,10,2023-10-21,42,4_Strong surge (>2.0)
2023-10-21 11:00:00,109,113.70317111092048,106.84598385875913,124.10281029957068,82,1.313253012048193,0,1.1305,11.305,15.48,80.27620410483384,1242.675639542828,1090.0,152.6756395428281,11,2023-10-21,42,3_Mild surge (1.2-2.0)
2023-10-21 12:00:00,135,136.45331236989213,128.07134839030263,140.60007707371264,87,1.5340909090909092,0,1.2497,12.497,14.73,102.94182081650456,1516.3330206271123,1350.0,166.33302062711232,12,2023-10-21,42,3_Mild surge (1.2-2.0)
2023-10-21 13:00:00,113,113.64482312279009,105.59814136262622,119.4497909329372,86,1.2988505747126438,0,1.1286,11.286,13.87,89.87210640755633,1246.5261158728065,1130.0,116.52611587280649,13,2023-10-21,42,3_Mild surge (1.2-2.0)
2023-10-21 14:00:00,69,69.94014058152325,63.43199005664338,74.67655786639544,83,0.8214285714285714,0,0.8891,8.891,12.63,58.59583472270824,740.0653925478051,690.0,50.06539254780512,14,2023-10-21,42,2_Balanced (0.8-1.2)
2023-10-21 15:00:00,89,87.58251499386897,79.97016886575021,91.63591538535783,88,1.0,0,1.0,10.0,11.97,78.47369484612483,939.3301273081142,890.0,49.33012730811424,15,2023-10-21,42,2_Balanced (0.8-1.2)
2023-10-21 16:00:00,150,155.4784023160226,149.08499724452903,170.85699117641593,79,1.875,0,1.4075,14.075,12.5,128.30815199894255,1603.851899986782,1500.0,103.85189998678197,16,2023-10-21,42,3_Mild surge (1.2-2.0)
2023-10-21 17:00:00,252,252.2236662188433,252.2236662188433,271.71130411945944,69,3.6,0,2.2734,22.734,15.06,189.20084011216008,2849.3646520891307,2520.0,329.3646520891307,17,2023-10-21,42,4_Strong surge (>2.0)
2023-10-21 18:00:00,391,379.27787274211295,341.4829260544818,382.88186364490895,70,5.507042253521127,0,2.5,25.0,17.55,263.74411193997537,4628.709164546568,3910.0,718.709164546568,18,2023-10-21,42,4_Strong surge (>2.0)
2023-10-21 19:00:00,374,386.1281875798171,336.54861482497125,454.345564377174,56,6.56140350877193,0,2.5,25.0,19.41,235.10059455400432,4563.302540293224,3740.0,823.3025402932244,19,2023-10-21,42,4_Strong surge (>2.0)
2023-10-21 20:00:00,300,298.4136754023393,271.1890640180824,401.8119808676136,49,6.0,0,2.5,25.0,20.81,179.61011815877325,3737.686558884071,3000.0,737.686558884071,20,2023-10-21,42,4_Strong surge (>2.0)
2023-10-21 21:00:00,171,175.26904308257824,156.60335208348084,175.26904308257824,57,2.9482758620689653,0,1.9428,19.428,20.46,103.60057595613227,2119.6677840624666,1710.0,409.6677840624666,21,2023-10-21,42,4_Strong surge (>2.0)
2023-10-21 22:00:00,90,85.98183628390811,78.50726073525108,91.84694541148612,49,1.8,0,1.3678,13.678,18.76,57.940138046863424,1086.956989759158,900.0,186.95698975915798,22,2023-10-21,42,3_Mild surge (1.2-2.0)
2023-10-21 23:00:00,46,50.30041531503104,47.48255163103181,52.955768960405685,46,0.9787234042553192,0,1.0,10.0,16.57,32.302198068772896,535.2474219995669,460.0,75.24742199956688,23,2023-10-21,42,2_Balanced (0.8-1.2)
2023-10-22 00:00:00,34,33.42814877263593,32.97701087636148,34.24481112801788,55,0.6071428571428571,0,0.8,8.0,14.43,26.302224800003536,379.541103864051,340.0,39.541103864051024,0,2023-10-22,42,1_Low (DSR<0.8)
2023-10-22 01:00:00,35,35.45571877208416,34.8262526554752,36.26600219077173,52,0.660377358490566,0,0.8253,8.253,12.89,29.30157751627151,377.6973341847398,350.0,27.697334184739816,1,2023-10-22,42,1_Low (DSR<0.8)
2023-10-22 02:00:00,41,40.79298252662987,38.74928223976226,41.57122276441874,52,0.7735849056603774,0,0.8778,8.778,11.86,36.38518390853404,431.5282811552137,410.0,21.528281155213676,2,2023-10-22,42,1_Low (DSR<0.8)
2023-10-22 03:00:00,37,37.69049777592669,36.378259725915925,41.60736755406737,52,0.6981132075471698,0,0.8318,8.318,10.97,34.67824294162267,380.4203250696007,370.0,10.420325069600722,3,2023-10-22,42,1_Low (DSR<0.8)
2023-10-22 04:00:00,40,39.08376789670815,38.44427267065812,40.119910155909,54,0.7272727272727273,0,0.8582,8.581999999999999,10.37,38.99553309876343,404.3836782341767,400.0,4.3836782341767275,4,2023-10-22,42,1_Low (DSR<0.8)
2023-10-22 05:00:00,38,37.8992456216189,37.36431243838364,39.240827871844544,50,0.7450980392156863,0,0.8662,8.661999999999999,9.94,38.16041837991676,379.31455869637256,380.0,-0.6854413036274423,5,2023-10-22,42,1_Low (DSR<0.8)
2023-10-22 06:00:00,44,44.58904643375033,41.25148365771089,46.09520788046824,58,0.7457627118644068,0,0.859,8.59,9.6,45.27545394359508,434.6443578585127,440.0,-5.355642141487294,6,2023-10-22,42,1_Low (DSR<0.8)
2023-10-22 07:00:00,99,100.39008697160266,94.4025892174456,100.50849251969848,55,1.7678571428571428,0,1.3714,13.714,10.63,94.85536716337803,1008.3125529467088,990.0,18.31255294670882,7,2023-10-22,42,3_Mild surge (1.2-2.0)
2023-10-22 08:00:00,218,213.86032992573047,195.32051936405136,226.50855644778315,70,3.0704225352112675,0,1.9909,19.909,12.95,181.91464184012293,2355.794611829592,2180.0,175.7946118295922,8,2023-10-22,42,4_Strong surge (>2.0)
2023-10-22 09:00:00,268,268.71035265045595,255.71608706637124,280.847076768554,78,3.392405063291139,0,2.1655,21.655,15.13,200.5614886213036,3034.495322840324,2680.0,354.4953228403242,9,2023-10-22,42,4_Strong surge (>2.0)
2023-10-22 10:00:00,208,211.7778695352644,205.516965389862,227.29958437051064,77,2.6666666666666665,0,1.8052,18.052,15.86,150.6090630925489,2388.659740647825,2080.0,308.65974064782495,10,2023-10-22,42,4_Strong surge (>2.0)
2023-10-22 11:00:00,111,109.01845596931705,99.27452215616694,117.38032136006792,79,1.3875,0,1.1643,11.643,14.81,84.32074554550094,1248.790241528869,1110.0,138.79024152886905,11,2023-10-22,42,3_Mild surge (1.2-2.0)
2023-10-22 12:00:00,132,130.7641584553738,117.2618898597064,132.34887615900703,93,1.4042553191489362,0,1.1815,11.815,14.06,103.98823494511316,1462.074583328291,1320.0,142.07458332829106,12,2023-10-22,42,3_Mild surge (1.2-2.0)
2023-10-22 13:00:00,92,96.26771518225692,94.8867550080512,107.5224619009982,83,1.0952380952380951,0,1.0272,10.271999999999998,13.11,76.11424488134803,997.8577503944726,920.0,77.85775039447265,13,2023-10-22,42,2_Balanced (0.8-1.2)
2023-10-22 14:00:00,70,69.08511967921417,62.65585093189846,75.25273940707726,84,0.8235294117647058,0,0.8872,8.872,12.05,61.43376147489739,740.2768257725136,700.0,40.276825772513575,14,2023-10-22,42,2_Balanced (0.8-1.2)
2023-10-22 15:00:00,77,76.68785488006515,75.05002390796646,81.2642333284097,89,0.8555555555555555,0,0.9166,9.166,11.33,70.55532363030791,799.3918167313886,770.0,29.391816731388644,15,2023-10-22,42,2_Balanced (0.8-1.2)
2023-10-22 16:00:00,137,139.60766787344988,130.20169476940154,158.95515119359737,80,1.691358024691358,0,1.3044,13.044,11.76,122.30253022990593,1438.2777555036937,1370.0,68.2777555036937,16,2023-10-22,42,3_Mild surge (1.2-2.0)
2023-10-22 17:00:00,279,275.7260155954651,263.48532154900096,284.87022744632606,67,4.102941176470588,0,2.5,25.0,15.07,209.37504930593053,3155.281993040373,2790.0,365.281993040373,17,2023-10-22,42,4_Strong surge (>2.0)
2023-10-22 18:00:00,353,346.04211728742496,321.6785506856072,371.26210562957857,76,4.584415584415584,0,2.5,25.0,17.55,238.1116918537373,4178.86019203309,3530.0,648.8601920330902,18,2023-10-22,42,4_Strong surge (>2.0)
2023-10-22 19:00:00,368,366.4037383743004,344.9421740651106,392.03214057447946,59,6.133333333333334,0,2.5,25.0,19.41,231.32892726169408,4490.094478149482,3680.0,810.0944781494818,19,2023-10-22,42,4_Strong surge (>2.0)
2023-10-22 20:00:00,271,266.85054222161307,264.3765761964978,266.85054222161307,52,5.113207547169812,0,2.5,25.0,20.81,162.2478067367585,3376.376858191944,2710.0,666.3768581919439,20,2023-10-22,42,4_Strong surge (>2.0)
2023-10-22 21:00:00,181,182.8320428203698,155.56876386259125,182.8320428203698,54,3.290909090909091,0,2.0977,20.977,20.85,108.2192035443892,2256.370393900515,1810.0,446.37039390051496,21,2023-10-22,42,4_Strong surge (>2.0)
2023-10-22 22:00:00,86,81.8522439100801,73.73224747670939,88.72828867990813,55,1.5357142857142858,0,1.2334,12.334,18.72,55.44780521146514,1037.9829135586274,860.0,177.9829135586274,22,2023-10-22,42,3_Mild surge (1.2-2.0)
2023-10-22 23:00:00,48,49.53670836379511,47.147293389339325,53.5272930712112,59,0.8,0,0.883,8.83,16.25,34.16991367758273,555.2610972607193,480.0,75.26109726071934,23,2023-10-22,42,2_Balanced (0.8-1.2)
2023-10-23 00:00:00,27,26.56061715952681,26.56061715952681,28.239280353750026,54,0.4909090909090909,0,0.8,8.0,14.19,21.13372672352788,299.88758220686066,270.0,29.887582206860657,0,2023-10-23,43,1_Low (DSR<0.8)
2023-10-23 01:00:00,29,28.94013912050385,28.090236716654257,29.94159232016818,63,0.453125,0,0.8,8.0,12.64,24.613594764078023,311.1158378179462,290.0,21.115837817946215,1,2023-10-23,43,1_Low (DSR<0.8)
2023-10-23 02:00:00,24,24.718558555199035,24.304998305640044,25.71917357648537,63,0.375,0,0.8,8.0,11.48,21.789733572319147,250.1461414102238,240.0,10.146141410223805,2,2023-10-23,43,1_Low (DSR<0.8)
2023-10-23 03:00:00,25,25.102888599194262,24.931289530940592,25.90410981054324,60,0.4098360655737705,0,0.8,8.0,10.61,23.9849733328174,254.48056706119257,250.0,4.480567061192573,3,2023-10-23,43,1_Low (DSR<0.8)
2023-10-23 04:00:00,25,24.79793247982656,24.79793247982656,26.183529925006887,63,0.390625,0,0.8,8.0,9.96,25.07023885998213,249.699579045422,250.0,-0.30042095457798723,4,2023-10-23,43,1_Low (DSR<0.8)
2023-10-23 05:00:00,23,23.71500144834986,22.12319450451168,25.882953087492,63,0.359375,0,0.8,8.0,9.47,23.89366941903279,226.27304939824052,230.0,-3.7269506017594836,5,2023-10-23,43,1_Low (DSR<0.8)
2023-10-23 06:00:00,35,35.79047612025528,33.29511828410593,36.56764706808169,55,0.625,0,0.8017,8.017,9.11,37.35985486917123,340.34827785814986,350.0,-9.651722141850144,6,2023-10-23,43,1_Low (DSR<0.8)
2023-10-23 07:00:00,63,65.26406849314178,59.405475497073176,73.99297898296984,77,0.8076923076923077,0,0.874,8.74,9.02,67.71672922806302,610.8048976371284,630.0,-19.19510236287158,7,2023-10-23,43,2_Balanced (0.8-1.2)
2023-10-23 08:00:00,159,162.9668426407436,152.18152094917056,181.8295607475613,70,2.23943661971831,0,1.5758,15.758,10.7,151.64513425951083,1622.6029365767658,1590.0,32.60293657676584,8,2023-10-23,43,4_Strong surge (>2.0)
2023-10-23 09:00:00,229,225.0025261323333,215.13510562503427,228.50432593791905,79,2.8625,0,1.9141,19.141,12.81,192.55335564682488,2466.6084858358267,2290.0,176.60848583582674,9,2023-10-23,43,4_Strong surge (>2.0)
2023-10-23 10:00:00,153,156.85768432207638,149.3210927075394,172.0413045659093,90,1.6813186813186811,0,1.3117,13.117,12.89,128.08975314255832,1651.0769180075768,1530.0,121.07691800757675,10,2023-10-23,43,3_Mild surge (1.2-2.0)
2023-10-23 11:00:00,95,90.7055984095175,84.07437069800427,90.7055984095175,108,0.8715596330275229,0,0.9256,9.256,11.98,83.7151062265963,1002.9069725946238,950.0,52.90697259462377,11,2023-10-23,43,2_Balanced (0.8-1.2)
2023-10-23 12:00:00,76,76.95728073225179,73.09737786829841,85.93319886587685,97,0.7755102040816326,0,0.8658,8.658,11.15,70.42408047279504,785.2284972716648,760.0,25.228497271664764,12,2023-10-23,43,1_Low (DSR<0.8)
2023-10-23 13:00:00,88,85.33208884385817,78.48778344278573,85.55530395863244,100,0.8712871287128713,0,0.9242,9.242,10.67,84.09449725426856,897.2882857030455,880.0,17.288285703045517,13,2023-10-23,43,2_Balanced (0.8-1.2)
2023-10-23 14:00:00,49,46.95477121478641,45.47357435724701,53.36206794565695,108,0.4495412844036697,0,0.8,8.0,10.0,49.0,490.0,490.0,0.0,14,2023-10-23,43,1_Low (DSR<0.8)
2023-10-23 15:00:00,53,54.97291470886432,51.44820422236156,59.36871178763287,94,0.5578947368421052,0,0.8,8.0,9.5,54.93755736455945,521.9067949633148,530.0,-8.093205036685163,15,2023-10-23,43,1_Low (DSR<0.8)
2023-10-23 16:00:00,141,136.0094379539925,116.83317951814796,138.3880372950181,85,1.6395348837209305,0,1.2886,12.886,10.35,137.64513554698846,1424.6271529113303,1410.0,14.627152911330313,16,2023-10-23,43,3_Mild surge (1.2-2.0)
2023-10-23 17:00:00,187,186.2824270506125,172.98219666782018,203.5258760515248,83,2.2261904761904763,0,1.5736,15.736,11.7,167.53729659003116,1960.1863701033644,1870.0,90.18637010336442,17,2023-10-23,43,4_Strong surge (>2.0)
2023-10-23 18:00:00,230,231.14464892566795,223.72320533909428,240.9363831887303,84,2.7058823529411766,0,1.8323,18.323,13.36,187.786045019549,2508.8215614611745,2300.0,208.8215614611745,18,2023-10-23,43,4_Strong surge (>2.0)
2023-10-23 19:00:00,220,226.19699856460952,220.49462390927275,248.6286600529868,69,3.142857142857143,0,2.033,20.33,15.1,164.86892937075123,2489.520833498344,2200.0,289.520833498344,19,2023-10-23,43,4_Strong surge (>2.0)
2023-10-23 20:00:00,184,190.8773641145152,166.54969384455646,203.13736315791093,67,2.7058823529411766,0,1.7999,17.999000000000002,15.82,133.4668121846794,2111.4449687616284,1840.0,271.4449687616284,20,2023-10-23,43,4_Strong surge (>2.0)
2023-10-23 21:00:00,112,116.66247945766192,106.75807170196128,126.82553441054068,63,1.75,0,1.3398,13.398,15.21,83.50790199092438,1270.15518928196,1120.0,150.15518928196002,21,2023-10-23,43,3_Mild surge (1.2-2.0)
2023-10-23 22:00:00,61,62.01117772244604,59.90080907505124,70.92659421422462,58,1.0338983050847457,0,1.0,10.0,13.91,48.41733085350004,673.4850721721856,610.0,63.485072172185596,22,2023-10-23,43,2_Balanced (0.8-1.2)
2023-10-23 23:00:00,35,35.55746092608566,35.13091853245354,36.17962233180417,60,0.5737704918032787,0,0.8,8.0,12.43,30.0564894493466,373.6021638553782,350.0,23.602163855378194,23,2023-10-23,43,1_Low (DSR<0.8)
2023-10-24 00:00:00,58,56.586745503693216,52.36894113899388,63.525386113326746,40,1.4146341463414631,1,1.1722,11.722,12.25,50.31908455450886,616.4087857927335,580.0,36.40878579273351,0,2023-10-24,43,3_Mild surge (1.2-2.0)
2023-10-24 01:00:00,53,52.09560984539453,47.80395161840177,59.08298874596458,40,1.2926829268292683,1,1.1098,11.098,11.96,46.758873942902326,559.2361323571118,530.0,29.236132357111842,1,2023-10-24,43,3_Mild surge (1.2-2.0)
2023-10-24 02:00:00,47,44.18479751429832,41.76234890074997,52.94692918148502,55,0.8392857142857143,1,0.8855,8.855,11.18,43.46989542853392,485.99343089100927,470.0,15.993430891009268,2,2023-10-24,43,2_Balanced (0.8-1.2)
2023-10-24 03:00:00,54,49.37103144893024,47.17089636585792,51.70408429564284,45,1.173913043478261,1,1.0723,10.723,11.07,50.291017818136055,556.7215672467662,540.0,16.7215672467662,3,2023-10-24,43,2_Balanced (0.8-1.2)
2023-10-24 04:00:00,46,47.576361956815695,43.22287294790534,53.87358363954322,44,1.022222222222222,1,1.0,10.0,10.8,43.58742397004291,470.7441788764635,460.0,10.74417887646348,4,2023-10-24,43,2_Balanced (0.8-1.2)
2023-10-24 05:00:00,58,56.08091235580646,51.720291425965655,63.67720873679709,40,1.4146341463414631,1,1.1694,11.694,11.02,54.18771992009818,597.1486735194819,580.0,17.148673519481918,5,2023-10-24,43,3_Mild surge (1.2-2.0)
2023-10-24 06:00:00,67,59.34692160406537,54.43971134556435,68.74650629043595,46,1.425531914893617,1,1.1696,11.696,11.19,61.92895363399504,692.9849911644044,670.0,22.98499116440439,6,2023-10-24,43,3_Mild surge (1.2-2.0)
2023-10-24 07:00:00,156,131.86538934286057,125.71697590676074,147.17910957522764,52,2.943396226415094,1,1.9239,19.239,13.2,128.44666908740302,1695.49603195372,1560.0,135.49603195371992,7,2023-10-24,43,4_Strong surge (>2.0)
2023-10-24 08:00:00,372,293.15447185572526,249.1056503932811,411.7496544884336,61,6.0,1,2.5,25.0,16.15,265.96358066131177,4295.311827680184,3720.0,575.3118276801843,8,2023-10-24,43,4_Strong surge (>2.0)
2023-10-24 09:00:00,419,475.5477585714743,317.0653269088242,556.9296128529681,66,6.253731343283582,1,2.5,25.0,18.36,273.8439491193128,5027.774905830583,4190.0,837.7749058305826,9,2023-10-24,43,4_Strong surge (>2.0)
2023-10-24 10:00:00,359,295.70264375283944,256.03665602797946,463.4206928425691,59,5.983333333333333,1,2.5,25.0,20.02,220.8358602709459,4421.133922624336,3590.0,831.1339226243363,10,2023-10-24,43,4_Strong surge (>2.0)
2023-10-24 11:00:00,164,154.37294899796782,129.36114369675607,176.52394888800222,65,2.484848484848485,1,1.6631,16.631,19.17,103.99402057108928,1993.5653743477817,1640.0,353.5653743477817,11,2023-10-24,43,4_Strong surge (>2.0)
2023-10-24 12:00:00,197,159.17743763405144,137.48514560469093,178.47993619266927,69,2.8142857142857145,1,1.8339,18.339,18.96,125.8865678166786,2386.8093258042263,1970.0,416.8093258042263,12,2023-10-24,43,4_Strong surge (>2.0)
2023-10-24 13:00:00,152,141.88707190842214,119.76826921877937,150.98366552836578,71,2.111111111111111,1,1.5046,15.046,17.98,100.80702701034386,1812.5103456459824,1520.0,292.5103456459824,13,2023-10-24,43,4_Strong surge (>2.0)
2023-10-24 14:00:00,84,78.61130878594415,61.30343612769371,86.3694630120616,77,1.0769230769230769,1,0.9894,9.894,15.96,60.555872394977946,966.471723423848,840.0,126.47172342384795,14,2023-10-24,43,2_Balanced (0.8-1.2)
2023-10-24 15:00:00,120,103.7863595184422,82.10958564534319,111.7696653662436,72,1.643835616438356,1,1.2658,12.658,15.13,89.80365162147923,1358.7292490329808,1200.0,158.72924903298076,15,2023-10-24,43,3_Mild surge (1.2-2.0)
2023-10-24 16:00:00,199,175.53750663605862,151.73159570139407,182.40664217567016,81,2.426829268292683,1,1.6688,16.688000000000002,15.52,146.29479495302567,2270.4952176709585,1990.0,280.4952176709585,16,2023-10-24,43,4_Strong surge (>2.0)
2023-10-24 17:00:00,312,313.38449446401654,252.2590060303272,313.38449446401654,76,4.051948051948052,1,2.4523,24.523000000000003,17.77,208.628384218426,3707.326387561429,3120.0,587.3263875614289,17,2023-10-24,43,4_Strong surge (>2.0)
2023-10-24 18:00:00,251,253.12276469434696,239.41381820569296,266.1277991056245,77,3.217948717948718,0,2.0757,20.757,18.52,163.05158836577883,3019.7154165342245,2510.0,509.71541653422446,18,2023-10-24,43,4_Strong surge (>2.0)
2023-10-24 19:00:00,260,258.63453572173046,234.0413952555692,258.63453572173046,77,3.333333333333333,0,2.1359,21.359,19.23,164.50831308355242,3163.4948605967134,2600.0,563.4948605967134,19,2023-10-24,43,4_Strong surge (>2.0)
2023-10-24 20:00:00,221,216.48711039971448,194.4301917007849,218.44447247094365,66,3.298507462686567,0,2.1137,21.137,19.71,137.43952219924668,2708.9329825471523,2210.0,498.9329825471523,20,2023-10-24,43,4_Strong surge (>2.0)
2023-10-24 21:00:00,103,110.76261808879254,109.09277237962628,122.88026728204602,58,1.7457627118644068,0,1.3475,13.475,18.15,67.86152018090219,1231.6865912833746,1030.0,201.68659128337458,21,2023-10-24,43,3_Mild surge (1.2-2.0)
2023-10-24 22:00:00,64,74.67810533104205,64.93797793135434,74.67810533104205,53,1.1851851851851851,0,1.0715,10.715,16.29,45.48154560691248,740.8943779366043,640.0,100.89437793660431,22,2023-10-24,43,2_Balanced (0.8-1.2)
2023-10-24 23:00:00,40,40.44127950355468,38.9724346893616,41.42524818653006,59,0.6666666666666666,0,0.8259,8.259,14.28,31.170964900753177,445.12137878275536,400.0,45.12137878275536,23,2023-10-24,43,1_Low (DSR<0.8)
2023-10-25 00:00:00,46,62.50457635187277,52.084401508532096,67.87236359562887,29,1.5333333333333334,1,1.2194,12.194,13.76,36.7895883117038,506.2247351690443,460.0,46.22473516904432,0,2023-10-25,43,3_Mild surge (1.2-2.0)
2023-10-25 01:00:00,50,64.06209167255781,51.63161430663583,82.50954893110989,30,1.6129032258064515,1,1.2134,12.134,13.35,40.84445620708594,545.2734903645973,500.0,45.27349036459725,1,2023-10-25,43,3_Mild surge (1.2-2.0)
2023-10-25 02:00:00,45,55.97907926748377,48.19989010029107,62.81258125028312,30,1.4516129032258065,1,1.1787,11.787,12.96,37.53090291031573,486.40050171769184,450.0,36.40050171769184,2,2023-10-25,43,3_Mild surge (1.2-2.0)
2023-10-25 03:00:00,44,55.2553154712546,49.82517075199264,65.22573711890749,30,1.4193548387096775,1,1.16,11.6,12.62,37.386183051456456,471.8136301093804,440.0,31.813630109380426,3,2023-10-25,43,3_Mild surge (1.2-2.0)
2023-10-25 04:00:00,47,56.59335480215957,49.097833988543215,62.46240441369888,31,1.46875,1,1.1914,11.914,12.44,40.33885731154363,501.8153849556027,470.0,31.815384955602724,4,2023-10-25,43,3_Mild surge (1.2-2.0)
2023-10-25 05:00:00,47,66.55537077807709,51.50682152623556,70.78182866252989,28,1.6206896551724137,1,1.2543,12.543,12.47,40.27090045363646,502.1781286568466,470.0,32.17812865684658,5,2023-10-25,43,3_Mild surge (1.2-2.0)
2023-10-25 06:00:00,57,68.33150553510633,58.29833402576735,79.32226861364906,31,1.78125,1,1.3274,13.274,12.67,48.29823110472226,611.938588096831,570.0,41.93858809683104,6,2023-10-25,43,3_Mild surge (1.2-2.0)
2023-10-25 07:00:00,131,139.13566650548543,132.73539672427896,199.07708553683625,34,3.742857142857143,1,2.203,22.03,15.01,98.58363126788127,1479.740305330898,1310.0,169.74030533089808,7,2023-10-25,43,4_Strong surge (>2.0)
2023-10-25 08:00:00,260,375.17128108435134,233.65885160803333,487.1329879915871,39,6.5,1,2.5,25.0,17.51,175.66006766669656,3075.807784843857,2600.0,475.807784843857,8,2023-10-25,43,4_Strong surge (>2.0)
2023-10-25 09:00:00,352,513.3215829885614,276.2100687456574,615.0145825368336,45,7.6521739130434785,1,2.5,25.0,19.38,221.5108596769112,4292.8804605385385,3520.0,772.8804605385385,9,2023-10-25,43,4_Strong surge (>2.0)
2023-10-25 10:00:00,264,394.71213980493786,247.0916346522637,494.1183789537554,42,6.1395348837209305,1,2.5,25.0,20.79,158.1633242530189,3288.215511220263,2640.0,648.2155112202631,10,2023-10-25,43,4_Strong surge (>2.0)
2023-10-25 11:00:00,161,152.58743208652325,144.69654911857484,200.9195505918401,47,3.3541666666666665,1,2.0575,20.575000000000003,20.74,96.61837959889812,2003.8651928811469,1610.0,393.86519288114687,11,2023-10-25,43,4_Strong surge (>2.0)
2023-10-25 12:00:00,115,134.60147852825855,125.12201850902952,170.68482155986536,49,2.3,1,1.5668,15.668,19.47,72.13427551522257,1404.454344281383,1150.0,254.4543442813831,12,2023-10-25,43,4_Strong surge (>2.0)
2023-10-25 13:00:00,142,128.31254325328806,128.31254325328806,167.26267800658664,50,2.784313725490196,1,1.8067,18.067,19.12,90.20836736643336,1724.783984046206,1420.0,304.7839840462059,13,2023-10-25,43,4_Strong surge (>2.0)
2023-10-25 14:00:00,79,90.03111220518232,70.2846831286329,99.55253479056772,55,1.4107142857142858,1,1.1472,11.472,17.21,54.0232219591884,929.7396499176324,790.0,139.7396499176324,14,2023-10-25,43,3_Mild surge (1.2-2.0)
2023-10-25 15:00:00,89,95.7702514674748,83.71036755134563,101.67464922886865,50,1.7450980392156863,1,1.3343,13.343,16.24,63.3840213510028,1029.356506740285,890.0,139.3565067402851,15,2023-10-25,43,3_Mild surge (1.2-2.0)
2023-10-25 16:00:00,192,191.86887331989976,163.12671692861082,233.75476429965207,50,3.764705882352941,1,2.2515,22.515,17.81,128.18478670696635,2282.9710512510705,1920.0,362.97105125107055,16,2023-10-25,43,4_Strong surge (>2.0)
2023-10-25 17:00:00,318,360.796350861377,261.19242738374777,479.7132672240924,47,6.625,1,2.5,25.0,19.61,198.46905618333196,3891.978191755139,3180.0,711.978191755139,17,2023-10-25,43,4_Strong surge (>2.0)
2023-10-25 18:00:00,416,513.2905204266897,296.25076955745504,606.7142347796695,49,8.32,1,2.5,25.0,20.96,247.8103469922824,5194.104872958239,4160.0,1034.104872958239,18,2023-10-25,43,4_Strong surge (>2.0)
2023-10-25 19:00:00,317,516.7676562413346,275.12169531848514,607.7412109088583,41,7.547619047619047,1,2.5,25.0,21.97,182.71669134129527,4014.285708768257,3170.0,844.2857087682569,19,2023-10-25,43,4_Strong surge (>2.0)
2023-10-25 20:00:00,329,449.1237964661653,229.671034181514,489.82003947956366,38,8.435897435897436,1,2.5,25.0,22.73,185.17241598548023,4208.969015349966,3290.0,918.969015349966,20,2023-10-25,43,4_Strong surge (>2.0)
2023-10-25 21:00:00,166,213.8891882698952,154.7876679456273,244.9479522384078,43,3.772727272727273,1,2.2362,22.362,22.64,93.69029195299724,2121.148209815857,1660.0,461.1482098158572,21,2023-10-25,43,4_Strong surge (>2.0)
2023-10-25 22:00:00,98,124.14665114900588,80.74230541150966,147.67425540612703,39,2.45,1,1.5866,15.866,20.95,58.39790356374167,1223.436079660388,980.0,243.43607966038803,22,2023-10-25,43,4_Strong surge (>2.0)
2023-10-25 23:00:00,58,63.20531124372021,47.844573942256126,90.2062123740849,43,1.318181818181818,1,1.0444,10.444,18.32,37.96471683928819,695.5136124957596,580.0,115.51361249575962,23,2023-10-25,43,3_Mild surge (1.2-2.0)
2023-10-26 00:00:00,27,27.559120409322944,26.660375732967555,35.97560037223561,66,0.4029850746268656,0,0.8,8.0,15.74,19.6544300552046,309.3607290689204,270.0,39.36072906892042,0,2023-10-26,43,1_Low (DSR<0.8)
2023-10-26 01:00:00,31,31.605230759706725,30.310139584276463,32.36348084407577,64,0.4769230769230769,0,0.8,8.0,13.8,24.742656924312477,341.4486655555121,310.0,31.448665555512093,1,2023-10-26,43,1_Low (DSR<0.8)
2023-10-26 02:00:00,28,27.34036428303205,27.34036428303205,28.360367935707984,60,0.4590163934426229,0,0.8,8.0,12.35,24.15411674299059,298.30334177593375,280.0,18.303341775933745,2,2023-10-26,43,1_Low (DSR<0.8)
2023-10-26 03:00:00,25,26.040837372868737,25.89623447046441,27.23009705884018,62,0.3968253968253968,0,0.8,8.0,11.26,23.007166493406487,259.06069471575705,250.0,9.060694715757052,3,2023-10-26,43,1_Low (DSR<0.8)
2023-10-26 04:00:00,32,31.84590218462145,30.48866003121854,32.685730777065174,56,0.5614035087719298,0,0.8,8.0,10.45,31.029056843448902,324.2536440140411,320.0,4.253644014041072,4,2023-10-26,43,1_Low (DSR<0.8)
2023-10-26 05:00:00,28,28.28039347758824,28.126083421537853,29.665515779848214,57,0.4827586206896552,0,0.8,8.0,9.84,28.317927298253885,278.6484046148182,280.0,-1.3515953851817812,5,2023-10-26,43,1_Low (DSR<0.8)
2023-10-26 06:00:00,36,36.67993596883098,36.456514811824405,39.85884041065352,58,0.6101694915254238,0,0.8,8.0,9.38,37.64961277902073,353.15336786721446,360.0,-6.846632132785544,6,2023-10-26,43,1_Low (DSR<0.8)
2023-10-26 07:00:00,79,79.83762007291676,74.00034338663326,92.12074059727338,79,0.9875,0,1.0,10.0,9.54,81.64756346352976,778.9177554420738,790.0,-11.082244557926174,7,2023-10-26,43,2_Balanced (0.8-1.2)
2023-10-26 08:00:00,181,179.66347220285226,166.44363299771976,197.97807632093503,74,2.4133333333333336,0,1.662,16.619999999999997,11.31,166.05606848274027,1878.0941345397923,1810.0,68.09413453979232,8,2023-10-26,43,4_Strong surge (>2.0)
2023-10-26 09:00:00,237,236.92168089287952,230.2588852766535,248.09930830820937,81,2.8902439024390243,0,1.9232,19.232,13.29,194.2141459395077,2581.1059995360574,2370.0,211.10599953605742,9,2023-10-26,43,4_Strong surge (>2.0)
2023-10-26 10:00:00,185,179.03493436850852,175.39451543667877,197.7703408938936,86,2.126436781609196,0,1.5341,15.341,13.8,147.65779132250992,2037.6775202506367,1850.0,187.6775202506367,10,2023-10-26,43,4_Strong surge (>2.0)
2023-10-26 11:00:00,84,88.29776980371211,82.43378454743407,102.17054684244836,99,0.84,0,0.8895,8.895,12.57,71.5722370531564,899.663019758176,840.0,59.663019758176006,11,2023-10-26,43,2_Balanced (0.8-1.2)
2023-10-26 12:00:00,90,91.6538538320096,90.0508138498467,97.15249585445392,100,0.8910891089108911,0,0.9347,9.347,11.76,80.34472788825936,944.85399996593,900.0,44.85399996593003,12,2023-10-26,43,2_Balanced (0.8-1.2)
2023-10-26 13:00:00,89,90.65428216747551,82.98318708017273,97.52757812557286,107,0.8240740740740741,0,0.8903,8.903,11.05,82.9920346611425,917.0619830056248,890.0,27.061983005624825,13,2023-10-26,43,2_Balanced (0.8-1.2)
2023-10-26 14:00:00,61,59.98836383212193,53.72045507650538,62.192957679641744,103,0.5865384615384616,0,0.8,8.0,10.29,59.791448220076845,615.2540021845907,610.0,5.254002184590718,14,2023-10-26,43,1_Low (DSR<0.8)
2023-10-26 15:00:00,68,68.61598526587191,66.37111235927036,76.29569433924031,88,0.7640449438202247,0,0.8632,8.632,9.88,68.57708986981102,677.541647913733,680.0,-2.458352086267041,15,2023-10-26,43,1_Low (DSR<0.8)
2023-10-26 16:00:00,138,140.50365682830466,131.2158970421288,158.2459946811832,87,1.568181818181818,0,1.2473,12.473,10.53,133.1003589112692,1401.5467793356647,1380.0,21.546779335664723,16,2023-10-26,43,3_Mild surge (1.2-2.0)
2023-10-26 17:00:00,210,204.0407118532241,185.67775247028968,214.3332601484868,92,2.2580645161290325,0,1.5949,15.949,11.88,186.14346173390675,2211.3843253988125,2100.0,111.3843253988125,17,2023-10-26,43,4_Strong surge (>2.0)
2023-10-26 18:00:00,265,267.9668474703542,257.6995243682561,279.03557271719274,76,3.441558441558441,0,2.1944,21.944,14.4,205.30150330444744,2956.341647584043,2650.0,306.34164758404313,18,2023-10-26,43,4_Strong surge (>2.0)
2023-10-26 19:00:00,270,266.1428638050827,261.1456031490925,275.11028344846784,74,3.6,0,2.282,22.82,16.51,190.0819212181238,3138.252519311224,2700.0,438.2525193112242,19,2023-10-26,43,4_Strong surge (>2.0)
2023-10-26 20:00:00,207,201.6421450922212,201.5771001408276,228.6760021946148,59,3.45,0,2.1804,21.804,17.83,138.0906917706865,2462.1570342713403,2070.0,392.1570342713403,20,2023-10-26,43,4_Strong surge (>2.0)
2023-10-26 21:00:00,133,137.18693127801683,133.11733234133817,147.06493752326202,57,2.293103448275862,0,1.6216,16.216,17.43,90.14537920935844,1571.2339596191175,1330.0,241.2339596191175,21,2023-10-26,43,4_Strong surge (>2.0)
2023-10-26 22:00:00,76,75.570667684964,69.63847579686882,88.074088508198,59,1.2666666666666666,0,1.0924,10.924,15.8,55.1764343047028,871.7876620143043,760.0,111.78766201430426,22,2023-10-26,43,3_Mild surge (1.2-2.0)
2023-10-26 23:00:00,41,41.66145821596191,40.77966478825319,46.64762781843357,57,0.7068965517241379,0,0.8358,8.358,13.94,32.49375600866638,452.9629587608093,410.0,42.96295876080927,23,2023-10-26,43,1_Low (DSR<0.8)
2023-10-27 00:00:00,37,36.91901478506178,36.12222053364648,38.20489189098954,58,0.6271186440677966,0,0.8069,8.068999999999999,12.47,31.70262376137338,395.3317183043261,370.0,25.331718304326102,0,2023-10-27,43,1_Low (DSR<0.8)
2023-10-27 01:00:00,31,31.71246327102921,30.82669961367053,32.899714422310474,61,0.5,0,0.8,8.0,11.35,28.37034327938976,322.0033962210738,310.0,12.003396221073785,1,2023-10-27,43,1_Low (DSR<0.8)
2023-10-27 02:00:00,33,33.42616357376987,32.17538581043659,33.47263062068004,62,0.5238095238095238,0,0.8,8.0,10.51,31.87073202122204,334.96139354304364,330.0,4.961393543043641,2,2023-10-27,43,1_Low (DSR<0.8)
2023-10-27 03:00:00,32,32.45461741188266,31.93846211290268,33.02992035307633,55,0.5714285714285714,0,0.8,8.0,9.88,32.27157170344048,318.843128429992,320.0,-1.1568715700079792,3,2023-10-27,43,1_Low (DSR<0.8)
2023-10-27 04:00:00,35,34.99022797990356,34.77128076256507,35.661731060278896,60,0.5737704918032787,0,0.8,8.0,9.41,36.522063560289006,343.6726181023196,350.0,-6.327381897680425,4,2023-10-27,43,1_Low (DSR<0.8)
2023-10-27 05:00:00,34,34.41145450893944,33.97986874294346,35.34706493954922,58,0.576271186440678,0,0.8,8.0,9.06,36.43251720517412,330.0786058788776,340.0,-9.921394121122376,5,2023-10-27,43,1_Low (DSR<0.8)
2023-10-27 06:00:00,47,46.27651613010456,42.91678140661655,48.78771374469396,58,0.7966101694915254,0,0.8816,8.816,9.0,50.59738841807931,455.3764957627138,470.0,-14.623504237286227,6,2023-10-27,43,1_Low (DSR<0.8)
2023-10-27 07:00:00,87,92.77692834027091,85.80575155337925,97.1687581270918,69,1.2428571428571429,0,1.101,11.01,9.5,90.1805186927674,856.7149275812903,870.0,-13.28507241870966,7,2023-10-27,43,3_Mild surge (1.2-2.0)
2023-10-27 08:00:00,206,207.2535552208193,188.88591821144487,209.34760484365825,75,2.710526315789474,0,1.8279,18.279,11.69,184.67030333713168,2158.795846011069,2060.0,98.79584601106899,8,2023-10-27,43,4_Strong surge (>2.0)
2023-10-27 09:00:00,292,290.4673766192387,252.6817838377169,290.4673766192387,92,3.139784946236559,0,2.0296,20.296,13.84,232.58815215711945,3219.0200258545333,2920.0,299.0200258545333,9,2023-10-27,43,4_Strong surge (>2.0)
2023-10-27 10:00:00,174,176.54489151040798,171.5759633875841,212.49311273211129,98,1.7575757575757576,0,1.3311,13.311,13.71,139.5156831293173,1912.7600157029403,1740.0,172.76001570294034,10,2023-10-27,43,3_Mild surge (1.2-2.0)
2023-10-27 11:00:00,128,122.2980237780608,107.39719311903492,122.2980237780608,103,1.2307692307692308,0,1.0952,10.952,13.02,106.40996018303616,1385.4576815831308,1280.0,105.4576815831308,11,2023-10-27,43,3_Mild surge (1.2-2.0)
2023-10-27 12:00:00,109,109.53339915579298,108.22279375138002,121.61057575191236,96,1.1237113402061856,0,1.0426,10.426,12.37,93.92208136183974,1161.8161464459577,1090.0,71.81614644595766,12,2023-10-27,43,2_Balanced (0.8-1.2)
2023-10-27 13:00:00,88,91.74648286072382,86.27017808137239,93.0597382204646,94,0.9263157894736842,0,0.9526,9.526,11.66,79.03031024958977,921.4934175102168,880.0,41.49341751021677,13,2023-10-27,43,2_Balanced (0.8-1.2)
2023-10-27 14:00:00,61,59.98099914485667,58.9539505491672,62.185863407370206,99,0.61,0,0.8,8.0,10.75,57.98877173721104,623.3792961750187,610.0,13.37929617501868,14,2023-10-27,43,1_Low (DSR<0.8)
2023-10-27 15:00:00,79,78.96283185835783,72.77214151258242,81.43844296766514,95,0.8229166666666666,0,0.8966,8.966,10.3,77.38219310606482,797.0365889924677,790.0,7.036588992467728,15,2023-10-27,43,2_Balanced (0.8-1.2)
2023-10-27 16:00:00,146,145.95513802142804,139.41622121012918,158.9260137745147,88,1.6404494382022472,0,1.2939,12.939,10.96,136.92585702590685,1500.7073930039392,1460.0,40.70739300393916,16,2023-10-27,43,3_Mild surge (1.2-2.0)
2023-10-27 17:00:00,263,262.49503291546296,241.5385831527608,265.9364607475535,79,3.2875,0,2.114,21.14,13.51,213.0575870473912,2878.408001010255,2630.0,248.4080010102548,17,2023-10-27,43,4_Strong surge (>2.0)
2023-10-27 18:00:00,338,338.2180936996453,314.7378630816112,345.6975083504056,77,4.333333333333333,0,2.5,25.0,16.38,239.2748056129336,3919.321315939853,3380.0,539.3213159398529,18,2023-10-27,43,4_Strong surge (>2.0)
2023-10-27 19:00:00,326,322.4945375767843,303.7911612100874,341.3199583322776,67,4.794117647058823,0,2.5,25.0,18.54,211.61224234136407,3923.2909730088895,3260.0,663.2909730088895,19,2023-10-27,43,4_Strong surge (>2.0)
2023-10-27 20:00:00,252,253.56732024260668,236.0276885548404,264.5167509145438,63,3.9375,0,2.4273,24.273,19.97,155.28728444060994,3101.0870702789803,2520.0,581.0870702789803,20,2023-10-27,43,4_Strong surge (>2.0)
2023-10-27 21:00:00,145,145.92758734237168,135.73931120957005,154.2989624061088,62,2.3015873015873014,0,1.6195,16.195,19.03,92.41891177556886,1758.7318910890756,1450.0,308.7318910890756,21,2023-10-27,43,4_Strong surge (>2.0)
2023-10-27 22:00:00,90,88.112141990976,74.10533545930315,91.40020129211648,64,1.3846153846153846,0,1.1576,11.576,17.17,61.6457730127429,1058.4579226287958,900.0,158.4579226287958,22,2023-10-27,43,3_Mild surge (1.2-2.0)
2023-10-27 23:00:00,41,42.27217590979494,41.16954950416582,43.85584685871246,56,0.7192982456140351,0,0.8516,8.516,15.01,30.854418946436127,463.12482838600624,410.0,53.12482838600624,23,2023-10-27,43,1_Low (DSR<0.8)
2023-10-28 00:00:00,39,39.05702484340053,38.10640622382861,39.43348505896474,54,0.7090909090909091,0,0.8503,8.503,13.38,31.80865660218459,425.5998253372298,390.0,35.59982533722979,0,2023-10-28,43,1_Low (DSR<0.8)
2023-10-28 01:00:00,38,38.47129315796122,37.73056456491504,39.40233133036388,51,0.7307692307692307,0,0.8599,8.599,12.18,33.100190618218235,403.1603217298981,380.0,23.1603217298981,1,2023-10-28,43,1_Low (DSR<0.8)
2023-10-28 02:00:00,41,41.25781496583612,38.94872476214138,42.630316917382665,49,0.82,0,0.8981,8.981,11.38,37.452798434020046,426.2128461791481,410.0,16.212846179148073,2,2023-10-28,43,2_Balanced (0.8-1.2)
2023-10-28 03:00:00,36,36.71168761478487,35.723689154256945,38.57617619079369,51,0.6923076923076923,0,0.8366,8.366,10.63,34.492860786682925,366.6591101624395,360.0,6.659110162439504,3,2023-10-28,43,1_Low (DSR<0.8)
2023-10-28 04:00:00,33,32.9421457628238,32.9421457628238,34.04420560110163,56,0.5789473684210527,0,0.8,8.0,9.97,33.06947719345828,329.702687618779,330.0,-0.2973123812209906,4,2023-10-28,43,1_Low (DSR<0.8)
2023-10-28 05:00:00,40,40.44641825474473,38.35065503652352,40.6531953016048,52,0.7547169811320755,0,0.87,8.7,9.65,41.01010412698994,395.7475048254529,400.0,-4.252495174547107,5,2023-10-28,43,1_Low (DSR<0.8)
2023-10-28 06:00:00,51,48.97252993102325,44.07045909365069,52.01611079013647,58,0.864406779661017,0,0.91,9.1,9.51,52.82552406505236,502.3707338586479,510.0,-7.629266141352105,6,2023-10-28,43,2_Balanced (0.8-1.2)
2023-10-28 07:00:00,120,116.03778999464596,104.36866292479226,119.51837931092996,63,1.875,0,1.4096,14.096,10.66,114.7496059286174,1223.2307991990615,1200.0,23.230799199061494,7,2023-10-28,43,3_Mild surge (1.2-2.0)
2023-10-28 08:00:00,210,217.5071901508376,213.56200949088,231.48821730135745,66,3.1343283582089554,0,2.0417,20.417,13.1,173.8318642558944,2277.1974217522165,2100.0,177.19742175221654,8,2023-10-28,43,4_Strong surge (>2.0)
2023-10-28 09:00:00,344,342.4618251813136,306.2127306013095,349.6861807209003,80,4.246913580246914,0,2.5,25.0,16.07,246.8012351416785,3966.0958487267735,3440.0,526.0958487267735,9,2023-10-28,43,4_Strong surge (>2.0)
2023-10-28 10:00:00,282,278.02421174012534,241.7177652585505,288.4604427197208,82,3.397590361445783,0,2.1435,21.435,17.41,191.28898754742727,3330.3412732007087,2820.0,510.34127320070866,10,2023-10-28,43,4_Strong surge (>2.0)
2023-10-28 11:00:00,119,118.73800014905024,113.7883841948994,131.59137196731126,80,1.469135802469136,0,1.207,12.07,16.08,85.33883902734084,1372.2485315596405,1190.0,182.24853155964047,11,2023-10-28,43,3_Mild surge (1.2-2.0)
2023-10-28 12:00:00,114,115.99048764109168,112.59055200233789,129.45613471961224,97,1.163265306122449,0,1.0582,10.582,14.71,87.01136473497505,1279.937175251483,1140.0,139.93717525148304,12,2023-10-28,43,2_Balanced (0.8-1.2)
2023-10-28 13:00:00,114,112.4931850973273,103.35604572718664,120.57621403765368,89,1.2666666666666666,0,1.1075,11.075,13.8,90.9891254636007,1255.6499313976897,1140.0,115.64993139768967,13,2023-10-28,43,3_Mild surge (1.2-2.0)
2023-10-28 14:00:00,69,69.951501839009,65.04137672299697,75.46612885262084,87,0.7840909090909091,0,0.8724,8.724,12.53,58.92279522303453,738.3026241446227,690.0,48.302624144622655,14,2023-10-28,43,1_Low (DSR<0.8)
2023-10-28 15:00:00,94,95.88326100864332,85.79859737774808,97.19822738569312,80,1.160493827160494,0,1.0612,10.611999999999998,12.05,82.49676540914793,994.0860231802326,940.0,54.08602318023259,15,2023-10-28,43,2_Balanced (0.8-1.2)
2023-10-28 16:00:00,159,157.47869818416257,145.48890302991748,163.9402239765926,86,1.827586206896552,0,1.3891,13.891,12.51,135.9305291539193,1700.4909197155305,1590.0,110.49091971553048,16,2023-10-28,43,3_Mild surge (1.2-2.0)
2023-10-28 17:00:00,313,303.6653110450138,280.5033565916832,313.2001655961353,77,4.012820512820513,0,2.4661,24.661,15.55,229.7910249188752,3573.2504374885093,3130.0,443.2504374885093,17,2023-10-28,43,4_Strong surge (>2.0)
2023-10-28 18:00:00,331,330.30898215940056,326.1750645318252,344.35480519145364,71,4.597222222222222,0,2.5,25.0,17.91,220.12080058461007,3942.363538470368,3310.0,632.363538470368,18,2023-10-28,43,4_Strong surge (>2.0)
2023-10-28 19:00:00,315,321.4101761019093,320.5878957362988,357.4366719620634,59,5.25,0,2.5,25.0,19.68,196.10695119798436,3859.384799576332,3150.0,709.3847995763322,19,2023-10-28,43,4_Strong surge (>2.0)
2023-10-28 20:00:00,302,300.4305275052345,267.22326708062826,300.4305275052345,56,5.298245614035087,0,2.5,25.0,21.01,179.60098173269995,3773.416626204026,3020.0,753.4166262040262,20,2023-10-28,43,4_Strong surge (>2.0)
2023-10-28 21:00:00,139,141.15655214472625,139.8437168124529,150.90260483905283,56,2.43859649122807,0,1.6992,16.992,20.01,85.53460186161706,1711.5473832509576,1390.0,321.54738325095764,21,2023-10-28,43,4_Strong surge (>2.0)
2023-10-28 22:00:00,88,88.41847581482637,86.06884413898553,94.76088744814344,51,1.6923076923076923,0,1.3265,13.265,18.32,57.60163934236829,1055.262032752187,880.0,175.262032752187,22,2023-10-28,43,3_Mild surge (1.2-2.0)
2023-10-28 23:00:00,68,53.67350822588328,48.38979025764246,66.68097325285298,48,1.3877551020408163,0,1.134,11.34,16.57,47.75107540601211,791.2353194776207,680.0,111.23531947762069,23,2023-10-28,43,3_Mild surge (1.2-2.0)
2023-10-29 00:00:00,35,35.246242325882235,34.05500408578437,36.52971921461836,55,0.625,0,0.8042,8.042,14.44,27.06269288587576,390.785285272046,350.0,40.785285272045996,0,2023-10-29,43,1_Low (DSR<0.8)
2023-10-29 01:00:00,32,32.54265102576315,32.54265102576315,33.99820871994513,48,0.6530612244897959,0,0.8212,8.212,12.88,26.80457182417522,345.24288509537683,320.0,25.242885095376835,1,2023-10-29,43,1_Low (DSR<0.8)
2023-10-29 02:00:00,35,35.71435974263245,33.93738020570948,36.57068634885415,53,0.6481481481481481,0,0.8152,8.152000000000001,11.7,31.357248024872145,366.879801891004,350.0,16.87980189100398,2,2023-10-29,43,1_Low (DSR<0.8)
2023-10-29 03:00:00,35,35.75416183108874,35.329368518278606,37.01458631523896,51,0.6730769230769231,0,0.8308,8.308,10.85,33.0572884705566,358.6715799055391,350.0,8.67157990553909,3,2023-10-29,43,1_Low (DSR<0.8)
2023-10-29 04:00:00,36,36.07252353347027,34.970065876032805,36.88263641372205,57,0.6206896551724138,0,0.8041,8.041,10.15,35.6267553269526,361.6115665685689,360.0,1.6115665685688896,4,2023-10-29,43,1_Low (DSR<0.8)
2023-10-29 05:00:00,38,37.87241528369787,36.60234008893676,38.49608381651319,52,0.7169811320754716,0,0.8522,8.522,9.74,38.70725083115092,377.0086230954099,380.0,-2.9913769045900835,5,2023-10-29,43,1_Low (DSR<0.8)
2023-10-29 06:00:00,43,43.64560757514132,41.47588838452491,45.32679990911847,56,0.7543859649122807,0,0.8658,8.658,9.47,44.67077326167,423.0322227880149,430.0,-6.967777211985094,6,2023-10-29,43,1_Low (DSR<0.8)
2023-10-29 07:00:00,113,111.27359783764363,105.5293149727626,114.72495939785654,59,1.8833333333333333,0,1.424,14.239999999999998,10.66,108.05587891611474,1151.875669245783,1130.0,21.875669245783,7,2023-10-29,43,3_Mild surge (1.2-2.0)
2023-10-29 08:00:00,218,222.042260163676,209.4024770767811,230.84576663155136,72,2.9863013698630136,0,1.9644,19.644,12.91,182.3090063527833,2353.609272014433,2180.0,173.60927201443292,8,2023-10-29,43,4_Strong surge (>2.0)
2023-10-29 09:00:00,306,309.99813108201056,275.04519382643707,314.6992257259769,85,3.558139534883721,0,2.2355,22.355,15.27,227.52760770704853,3474.346569686631,3060.0,414.346569686631,9,2023-10-29,43,4_Strong surge (>2.0)
2023-10-29 10:00:00,204,209.3762352072893,202.2953975205726,224.72191312697672,75,2.6842105263157894,0,1.8126,18.126,15.98,146.9353950476785,2348.0276128619025,2040.0,308.0276128619025,10,2023-10-29,43,4_Strong surge (>2.0)
2023-10-29 11:00:00,125,122.67259322768818,106.84085770455157,130.06156767622355,86,1.4367816091954022,0,1.1841,11.841,14.95,94.33246391769352,1410.270335569518,1250.0,160.270335569518,11,2023-10-29,43,3_Mild surge (1.2-2.0)
2023-10-29 12:00:00,114,114.67327309771936,112.33967117549132,125.17162095274556,103,1.0961538461538465,0,1.0306,10.306,13.79,91.0353078145033,1255.3768947620003,1140.0,115.37689476200035,12,2023-10-29,43,2_Balanced (0.8-1.2)
2023-10-29 13:00:00,111,107.21275188369462,93.7625548181456,112.80347203209416,88,1.247191011235955,0,1.0939,10.939,13.08,91.98087952396024,1203.1099041734,1110.0,93.10990417340008,13,2023-10-29,43,3_Mild surge (1.2-2.0)
2023-10-29 14:00:00,59,62.45917626394738,60.05273317663698,68.85500258830588,87,0.6704545454545454,0,0.8178,8.177999999999999,11.85,52.390092639989504,620.8225977838756,590.0,30.822597783875608,14,2023-10-29,43,1_Low (DSR<0.8)
2023-10-29 15:00:00,76,76.51909520092734,73.58754367984001,82.72306732961292,89,0.8444444444444444,0,0.9059,9.059,11.15,70.42408047279504,785.2284972716648,760.0,25.228497271664764,15,2023-10-29,43,2_Balanced (0.8-1.2)
2023-10-29 16:00:00,162,158.27900547361142,148.5685340357711,168.4546910356747,81,1.975609756097561,0,1.4599,14.599,12.01,142.50657728990146,1711.5039932517166,1620.0,91.50399325171657,16,2023-10-29,43,3_Mild surge (1.2-2.0)
2023-10-29 17:00:00,245,243.2304253801672,243.2304253801672,270.3086509562047,67,3.602941176470588,0,2.2632,22.632,14.67,187.3548778879483,2748.496058616201,2450.0,298.496058616201,17,2023-10-29,43,4_Strong surge (>2.0)
2023-10-29 18:00:00,311,314.01389515653545,306.4968738148516,325.0545943508764,73,4.202702702702703,0,2.5,25.0,17.25,212.32836690134152,3662.664329048141,3110.0,552.6643290481411,18,2023-10-29,43,4_Strong surge (>2.0)
2023-10-29 19:00:00,316,314.4500477950486,314.4500477950486,370.75051094478505,54,5.745454545454545,0,2.5,25.0,19.19,200.232514076524,3842.461945128496,3160.0,682.4619451284962,19,2023-10-29,43,4_Strong surge (>2.0)
2023-10-29 20:00:00,269,274.49053133132736,260.4564084314862,274.49053133132736,51,5.173076923076923,0,2.5,25.0,20.64,161.97779958912764,3343.2217835195947,2690.0,653.2217835195947,20,2023-10-29,43,4_Strong surge (>2.0)
2023-10-29 21:00:00,146,142.74395753892378,141.00136007950584,158.6617110810293,57,2.5172413793103448,0,1.7262,17.262,19.8,90.5080530218415,1792.059449832462,1460.0,332.05944983246195,21,2023-10-29,43,4_Strong surge (>2.0)
2023-10-29 22:00:00,81,81.47163494655595,78.03053838760948,86.54236747066501,52,1.528301886792453,0,1.2446,12.446,17.96,53.761402054435536,965.5547808976622,810.0,155.55478089766223,22,2023-10-29,43,3_Mild surge (1.2-2.0)
2023-10-29 23:00:00,49,48.85775181120314,46.180316379321496,54.02818251560209,51,0.9423076923076924,0,0.9482,9.482,15.84,35.51137233820303,562.500137837136,490.0,72.50013783713598,23,2023-10-29,43,2_Balanced (0.8-1.2)
2023-10-30 00:00:00,22,23.443931206004628,22.50706272459279,25.70007714717473,63,0.34375,0,0.8,8.0,13.88,17.488399053867127,242.7389788676757,220.0,22.738978867675712,0,2023-10-30,44,1_Low (DSR<0.8)
2023-10-30 01:00:00,23,24.33767302518261,22.838020371622672,25.081915806026977,57,0.396551724137931,0,0.8,8.0,12.41,19.773683976404666,245.3914181471819,230.0,15.391418147181895,1,2023-10-30,44,1_Low (DSR<0.8)
2023-10-30 02:00:00,27,26.66802959073691,26.59970609472152,27.51897701939876,56,0.4736842105263157,0,0.8,8.0,11.31,24.77079474604413,280.1576885777592,270.0,10.157688577759188,2,2023-10-30,44,1_Low (DSR<0.8)
2023-10-30 03:00:00,25,25.21129536764368,24.44332531186052,26.374108094445027,61,0.4032258064516129,0,0.8,8.0,10.48,24.192854349321102,253.5411135808852,250.0,3.5411135808851952,3,2023-10-30,44,1_Low (DSR<0.8)
2023-10-30 04:00:00,28,27.818406298390364,27.57326855786311,28.64269683939912,59,0.4666666666666667,0,0.8,8.0,9.86,28.27770704345108,278.8181914484276,280.0,-1.1818085515723737,4,2023-10-30,44,1_Low (DSR<0.8)
2023-10-30 05:00:00,29,28.187017219541392,27.71970379888624,29.9582018329983,56,0.5087719298245614,0,0.8,8.0,9.39,30.306241755387667,284.5756100830902,290.0,-5.4243899169097745,5,2023-10-30,44,1_Low (DSR<0.8)
2023-10-30 06:00:00,36,35.78658401404808,34.94701930558855,36.64644719177919,62,0.5714285714285714,0,0.8,8.0,9.04,38.635327629416544,349.26336176992555,360.0,-10.736638230074448,6,2023-10-30,44,1_Low (DSR<0.8)
2023-10-30 07:00:00,84,76.20534758623725,66.0697292431128,86.89121519961262,71,1.1666666666666667,0,1.0395,10.395,9.38,87.8490964843817,824.0245250235005,840.0,-15.975474976499527,7,2023-10-30,44,2_Balanced (0.8-1.2)
2023-10-30 08:00:00,157,160.3259392259204,153.7827796741622,172.95627292379183,76,2.038961038961039,0,1.4924,14.924,10.77,149.0557245990908,1605.3301539322078,1570.0,35.33015393220785,8,2023-10-30,44,4_Strong surge (>2.0)
2023-10-30 09:00:00,225,224.61317829889023,221.4629491002495,237.18500149828537,83,2.6785714285714284,0,1.8201,18.201,12.63,191.07337409578773,2413.256714829799,2250.0,163.25671482979897,9,2023-10-30,44,4_Strong surge (>2.0)
2023-10-30 10:00:00,152,150.88140705025754,140.38387834896017,164.24873649412402,94,1.6,0,1.2694,12.694,12.65,128.9377893991468,1631.063035899207,1520.0,111.06303589920708,10,2023-10-30,44,3_Mild surge (1.2-2.0)
2023-10-30 11:00:00,102,99.86694019329214,96.05768010054506,101.786669332167,103,0.9807692307692308,0,1.0,10.0,11.99,89.83110534800785,1077.0749531226145,1020.0,57.07495312261449,11,2023-10-30,44,2_Balanced (0.8-1.2)
2023-10-30 12:00:00,101,98.53674131846414,91.51280572829096,100.45220359606569,97,1.030612244897959,0,1.0016,10.016,11.5,91.58680006284249,1053.2482007226884,1010.0,43.24820072268835,12,2023-10-30,44,2_Balanced (0.8-1.2)
2023-10-30 13:00:00,80,79.79166140516683,78.05894189208999,87.09542846352728,104,0.7619047619047619,0,0.8662,8.661999999999999,10.79,75.85338666327802,818.4580420967698,800.0,18.45804209676976,13,2023-10-30,44,1_Low (DSR<0.8)
2023-10-30 14:00:00,48,48.376399460536256,46.19292412176286,51.14077813162114,102,0.4660194174757281,0,0.8,8.0,10.09,47.69989477647111,481.2919382945936,480.0,1.2919382945935922,14,2023-10-30,44,1_Low (DSR<0.8)
2023-10-30 15:00:00,68,62.225469645338485,57.54860213128282,64.69923014783528,101,0.6666666666666666,0,0.8192,8.192,9.62,69.86929518526603,672.1426196822591,680.0,-7.857380317740876,15,2023-10-30,44,1_Low (DSR<0.8)
2023-10-30 16:00:00,112,111.91957329255652,111.91957329255652,131.93511125523025,91,1.2173913043478262,0,1.0792,10.792,9.91,112.71104192959974,1116.9664255223336,1120.0,-3.033574477666434,16,2023-10-30,44,3_Mild surge (1.2-2.0)
2023-10-30 17:00:00,178,183.56842165937968,177.73851383166675,199.4055368007523,80,2.197530864197531,0,1.5706,15.706,11.36,162.80028856559576,1849.411278105168,1780.0,69.4112781051681,17,2023-10-30,44,4_Strong surge (>2.0)
2023-10-30 18:00:00,264,263.74342995987286,251.39870725319145,264.8550053541449,75,3.473684210526316,0,2.2198,22.198,14.07,207.87298797527447,2924.772940812112,2640.0,284.7729408121122,18,2023-10-30,44,4_Strong surge (>2.0)
2023-10-30 19:00:00,248,242.32797424879865,235.7921521666861,251.67278077010127,70,3.492957746478873,0,2.2245,22.245,16.11,177.61711128254558,2861.411662761809,2480.0,381.4116627618091,19,2023-10-30,44,4_Strong surge (>2.0)
2023-10-30 20:00:00,191,193.71517446611563,175.62426939224986,204.3928162475527,67,2.8088235294117645,0,1.8622,18.622,16.74,133.1694327083914,2229.256303538472,1910.0,319.2563035384719,20,2023-10-30,44,4_Strong surge (>2.0)
2023-10-30 21:00:00,106,109.87694796671988,107.7180588498682,118.43064681830796,58,1.7966101694915255,0,1.378,13.78,16.0,76.281965982744,1220.511455723904,1060.0,160.51145572390396,21,2023-10-30,44,3_Mild surge (1.2-2.0)
2023-10-30 22:00:00,53,55.87635164213741,50.88485954996928,62.44658622347072,63,0.828125,0,0.8862,8.862,14.22,41.42343906385869,589.0413034880705,530.0,59.041303488070525,22,2023-10-30,44,2_Balanced (0.8-1.2)
2023-10-30 23:00:00,37,37.34858510924892,36.62954857977351,37.34858510924892,59,0.6166666666666667,0,0.8061,8.061,12.68,31.334173699332453,397.3173225075355,370.0,27.317322507535494,23,2023-10-30,44,1_Low (DSR<0.8)
2023-10-31 00:00:00,30,29.805136659677217,28.913168607919125,40.84363475619625,60,0.4918032786885246,0,0.8,8.0,11.51,27.18745329179089,312.92758738851313,300.0,12.927587388513132,0,2023-10-31,44,1_Low (DSR<0.8)
2023-10-31 01:00:00,27,28.58659356373508,25.976055079252266,37.933480824559226,66,0.4029850746268656,0,0.8,8.0,10.63,25.869645590012198,274.99433262182964,270.0,4.994332621829642,1,2023-10-31,44,1_Low (DSR<0.8)
2023-10-31 02:00:00,31,31.154289658276348,29.793926148764672,37.57132667338556,63,0.484375,0,0.8,8.0,9.97,31.065266454460804,309.7207065509742,310.0,-0.27929344902577213,2,2023-10-31,44,1_Low (DSR<0.8)
2023-10-31 03:00:00,26,27.139965730520696,25.363272400683265,35.70725569038994,56,0.4561403508771929,0,0.8,8.0,9.48,26.99028757189982,255.8679261816103,260.0,-4.132073818389699,3,2023-10-31,44,1_Low (DSR<0.8)
2023-10-31 04:00:00,25,25.607831564347425,24.718496096127623,29.28464778523269,58,0.423728813559322,0,0.8,8.0,9.11,26.68561062083659,243.1059127558213,250.0,-6.894087244178706,4,2023-10-31,44,1_Low (DSR<0.8)
2023-10-31 05:00:00,28,28.753410226634056,27.4940252985615,39.144867645569626,65,0.4242424242424242,0,0.8,8.0,8.83,30.54819391974076,269.7405523113109,280.0,-10.259447688689079,5,2023-10-31,44,1_Low (DSR<0.8)
2023-10-31 06:00:00,36,36.16113122557737,36.16113122557737,52.88057889780916,61,0.5806451612903226,0,0.8,8.0,8.62,39.943619378661445,344.31399904406163,360.0,-15.686000955938368,6,2023-10-31,44,1_Low (DSR<0.8)
2023-10-31 07:00:00,82,89.57334011895152,88.08802162320761,111.17142322577702,64,1.2615384615384615,0,1.0875,10.875,9.18,87.06106501090684,799.2205768001248,820.0,-20.77942319987517,7,2023-10-31,44,3_Mild surge (1.2-2.0)
2023-10-31 08:00:00,158,163.90157269758652,156.6312200687837,239.5969767183763,74,2.1066666666666665,0,1.4361,14.361,10.48,152.89883948770938,1602.3798378311944,1580.0,22.379837831194436,8,2023-10-31,44,4_Strong surge (>2.0)
2023-10-31 09:00:00,252,241.7479576123777,231.77200619213832,293.4615650883821,89,2.8,0,1.8276,18.276,12.43,216.4067240352955,2689.935579758723,2520.0,169.93557975872318,9,2023-10-31,44,4_Strong surge (>2.0)
2023-10-31 10:00:00,197,199.40567645771617,186.1598257686236,277.76535412584326,97,2.010204081632653,0,1.4019,14.018999999999998,12.83,165.46554218089506,2122.922906180884,1970.0,152.92290618088418,10,2023-10-31,44,4_Strong surge (>2.0)
2023-10-31 11:00:00,88,109.26214380039224,100.68612126754206,122.48449689023144,96,0.9072164948453608,0,0.9253,9.253,11.94,77.72838484620625,928.0769150637026,880.0,48.076915063702586,11,2023-10-31,44,2_Balanced (0.8-1.2)
2023-10-31 12:00:00,101,124.0644236351717,112.2114637217186,142.43885625546022,115,0.8706896551724138,0,0.9014,9.014,11.21,93.2389652105706,1045.2088000104966,1010.0,35.20880001049659,12,2023-10-31,44,2_Balanced (0.8-1.2)
2023-10-31 13:00:00,78,88.43431089417278,81.70013857894902,107.69368996663056,105,0.7358490566037735,0,0.8301,8.301,10.48,75.48170556988185,791.0482743723619,780.0,11.048274372361902,13,2023-10-31,44,1_Low (DSR<0.8)
2023-10-31 14:00:00,54,55.326542361869016,51.29893095314966,69.06772128871877,98,0.5454545454545454,0,0.8,8.0,9.86,54.53557786951279,537.7207977933961,540.0,-2.279202206603941,14,2023-10-31,44,1_Low (DSR<0.8)
2023-10-31 15:00:00,70,69.5065585398945,67.97450737315663,88.13940795941419,91,0.7608695652173914,0,0.8427,8.427,9.5,72.55903802866344,689.3108612723026,700.0,-10.689138727697355,15,2023-10-31,44,1_Low (DSR<0.8)
2023-10-31 16:00:00,128,130.47522743132262,118.14130995809482,165.13877953255974,86,1.471264367816092,0,1.1694,11.694,10.05,127.55389547144162,1281.9166494879885,1280.0,1.9166494879884794,16,2023-10-31,44,3_Mild surge (1.2-2.0)
2023-10-31 17:00:00,199,201.7741279702672,196.02672230879728,245.42675498891165,87,2.261363636363636,0,1.5711,15.711,11.47,180.78345576044688,2073.586237572326,1990.0,83.5862375723259,17,2023-10-31,44,4_Strong surge (>2.0)
2023-10-31 18:00:00,206,211.8293405527384,208.71490924311857,226.7400617106996,75,2.710526315789474,0,1.8317,18.317,13.18,169.7956004806048,2237.906014334372,2060.0,177.90601433437178,18,2023-10-31,44,4_Strong surge (>2.0)
2023-10-31 19:00:00,248,250.9849247313839,237.31707863733607,255.73966729129123,76,3.220779220779221,0,2.0872,20.872,15.1,185.85224765430135,2806.3689395799506,2480.0,326.3689395799506,19,2023-10-31,44,4_Strong surge (>2.0)
2023-10-31 20:00:00,189,196.7369891546392,179.9449164411561,210.52020039411445,66,2.82089552238806,0,1.8661,18.661,15.99,136.0717215903842,2175.7868282302434,1890.0,285.7868282302434,20,2023-10-31,44,4_Strong surge (>2.0)
2023-10-31 21:00:00,111,111.20172830561737,99.9489969183499,114.12424751656066,62,1.761904761904762,0,1.3548,13.548,15.38,82.12087042760254,1263.0189871765272,1110.0,153.01898717652716,21,2023-10-31,44,3_Mild surge (1.2-2.0)
2023-10-31 22:00:00,65,64.16030691973464,57.24294580848519,70.1970753158015,56,1.1403508771929824,0,1.0383,10.383,14.13,51.02862232229632,721.0344334140469,650.0,71.03443341404693,22,2023-10-31,44,2_Balanced (0.8-1.2)
2023-10-31 23:00:00,37,38.4063218185634,37.23954644461186,38.99392176830209,58,0.6271186440677966,0,0.8081,8.081,12.62,31.43838120236111,396.7523707737972,370.0,26.752370773797225,23,2023-10-31,44,1_Low (DSR<0.8)
2023-11-01 00:00:00,28,28.366574369847584,27.56159972054996,31.6353495964558,65,0.4242424242424242,0,0.8,8.0,11.46,25.45240346829869,291.684543746703,280.0,11.684543746703014,0,2023-11-01,44,1_Low (DSR<0.8)
2023-11-01 01:00:00,27,28.32736356116358,27.27969071318364,33.87988962303679,58,0.4576271186440678,0,0.8,8.0,10.6,25.92087504373374,274.76127546357765,270.0,4.761275463577647,1,2023-11-01,44,1_Low (DSR<0.8)
2023-11-01 02:00:00,28,28.31020576257061,27.52630577035962,30.653808913279136,64,0.4307692307692308,0,0.8,8.0,9.95,28.098418382959345,279.57926291044544,280.0,-0.4207370895545637,2,2023-11-01,44,1_Low (DSR<0.8)
2023-11-01 03:00:00,33,33.16099479777203,30.96512659701369,34.87434203754687,62,0.5238095238095238,0,0.8,8.0,9.46,34.307584714105154,324.5497513954348,330.0,-5.450248604565218,3,2023-11-01,44,1_Low (DSR<0.8)
2023-11-01 04:00:00,28,27.9781034565774,27.33640337519532,34.75100613020545,60,0.4590163934426229,0,0.8,8.0,9.1,29.910870787387424,272.1889241652256,280.0,-7.811075834774385,4,2023-11-01,44,1_Low (DSR<0.8)
2023-11-01 05:00:00,29,28.72959404396362,28.72959404396362,35.04029194609492,58,0.4915254237288136,0,0.8,8.0,8.82,31.66430705391475,279.2791882155281,290.0,-10.720811784471891,5,2023-11-01,44,1_Low (DSR<0.8)
2023-11-01 06:00:00,38,38.26599056986092,37.15639657485464,47.74100244820277,60,0.6229508196721312,0,0.8,8.0,8.62,42.16270934414264,363.4425545465095,380.0,-16.557445453490516,6,2023-11-01,44,1_Low (DSR<0.8)
2023-11-01 07:00:00,86,83.84679066005853,82.46519934365435,104.3902367782126,70,1.2112676056338028,0,1.0628,10.628,9.12,91.72802956604384,836.5596296423198,860.0,-23.440370357680195,7,2023-11-01,44,3_Mild surge (1.2-2.0)
2023-11-01 08:00:00,188,183.6004867524725,177.30513555355364,217.65794917668345,82,2.265060240963856,0,1.579,15.79,10.79,178.25545865870333,1923.376398927409,1880.0,43.3763989274089,8,2023-11-01,44,4_Strong surge (>2.0)
2023-11-01 09:00:00,192,197.18956905344425,197.18956905344425,263.5815257619417,81,2.341463414634146,0,1.5868,15.868,12.06,168.4062143114381,2030.978944595944,1920.0,110.97894459594409,9,2023-11-01,44,4_Strong surge (>2.0)
2023-11-01 10:00:00,198,203.681640735154,196.0054119501516,222.10544367710065,90,2.175824175824176,0,1.5575,15.575,12.94,165.31459475190545,2139.1708560896564,1980.0,159.17085608965635,10,2023-11-01,44,4_Strong surge (>2.0)
2023-11-01 11:00:00,107,119.24950249926736,108.10793451655276,130.6638393391681,96,1.1030927835051547,0,1.022,10.22,12.26,92.7770263446015,1137.4463429848142,1070.0,67.44634298481424,11,2023-11-01,44,2_Balanced (0.8-1.2)
2023-11-01 12:00:00,91,90.95610939860649,89.59530114534621,98.48683954730156,103,0.875,0,0.9239,9.239,11.5,82.51880005662045,948.9662006511352,910.0,38.96620065113518,12,2023-11-01,44,2_Balanced (0.8-1.2)
2023-11-01 13:00:00,85,81.79727885149256,81.79727885149256,106.863356456436,95,0.8854166666666666,0,0.8999,8.999,10.87,80.17855866348762,871.5409326721103,850.0,21.54093267211033,13,2023-11-01,44,2_Balanced (0.8-1.2)
2023-11-01 14:00:00,52,56.047583528711854,53.09506878460778,69.44729315544046,91,0.5652173913043478,0,0.8,8.0,10.15,51.4608688055982,522.3278183768217,520.0,2.3278183768217104,14,2023-11-01,44,1_Low (DSR<0.8)
2023-11-01 15:00:00,66,65.90309596948937,63.74834467621239,76.58008402224891,100,0.6534653465346535,0,0.8029,8.029,9.62,67.81431591511115,652.3737191033692,660.0,-7.62628089663076,15,2023-11-01,44,1_Low (DSR<0.8)
2023-11-01 16:00:00,132,133.17000056119662,128.16484259237365,168.39616460816274,83,1.5714285714285714,0,1.2279,12.279,10.28,129.47286281956187,1330.981029785096,1320.0,10.981029785096098,16,2023-11-01,44,3_Mild surge (1.2-2.0)
2023-11-01 17:00:00,184,185.73668633148,180.4300456706505,231.02195069022235,92,1.978494623655914,0,1.4287,14.287,11.28,169.12252469868255,1907.7020786011392,1840.0,67.70207860113919,17,2023-11-01,44,3_Mild surge (1.2-2.0)
2023-11-01 18:00:00,258,254.2027733097113,240.3838382148552,287.7776612011093,77,3.3076923076923075,0,2.0938,20.938,13.69,207.0795880092619,2834.9195598467954,2580.0,254.91955984679544,18,2023-11-01,44,4_Strong surge (>2.0)
2023-11-01 19:00:00,319,315.81886001555927,303.42374222747407,325.1848844325911,63,4.984375,0,2.5,25.0,16.52,224.4831009570573,3708.4608278105866,3190.0,518.4608278105866,19,2023-11-01,44,4_Strong surge (>2.0)
2023-11-01 20:00:00,200,199.4938215828045,199.4938215828045,258.29304081530074,58,3.389830508474576,0,2.0984,20.984,17.64,134.4252921788454,2371.262154034833,2000.0,371.2621540348332,20,2023-11-01,44,4_Strong surge (>2.0)
2023-11-01 21:00:00,143,140.73073639852535,129.1988436492666,155.8683725212934,61,2.306451612903226,0,1.6066,16.066,17.25,97.6300851025461,1684.1189680189202,1430.0,254.1189680189202,21,2023-11-01,44,4_Strong surge (>2.0)
2023-11-01 22:00:00,71,74.65997032423468,68.44722098136131,82.82450336815585,58,1.2033898305084745,0,1.0703,10.703,15.61,51.98479271220513,811.4826142375221,710.0,101.48261423752206,22,2023-11-01,44,3_Mild surge (1.2-2.0)
2023-11-01 23:00:00,36,38.72424023046071,38.72424023046071,47.42792296819769,60,0.5901639344262295,0,0.8,8.0,13.71,28.865313750893232,395.7434515247463,360.0,35.74345152474632,23,2023-11-01,44,1_Low (DSR<0.8)
2023-11-02 00:00:00,32,31.560652043592807,31.05457598741354,31.860138862017475,63,0.5,0,0.8,8.0,12.28,27.714759964763925,340.337252367301,320.0,20.337252367301005,0,2023-11-02,44,1_Low (DSR<0.8)
2023-11-02 01:00:00,30,29.82705637878473,29.46210348662772,30.746740105059448,59,0.5,0,0.8,8.0,11.21,27.69474214175365,310.4580594090584,300.0,10.458059409058421,1,2023-11-02,44,1_Low (DSR<0.8)
2023-11-02 02:00:00,30,29.735709468977213,29.6290576762786,30.78225348951865,57,0.5172413793103449,0,0.8,8.0,10.41,29.16793906761188,303.6382456938396,300.0,3.6382456938396217,2,2023-11-02,44,1_Low (DSR<0.8)
2023-11-02 03:00:00,31,30.13093443799276,30.13093443799276,31.520299677363585,59,0.5166666666666667,0,0.8,8.0,9.81,31.419074545366136,308.2211212900418,310.0,-1.7788787099581782,3,2023-11-02,44,1_Low (DSR<0.8)
2023-11-02 04:00:00,32,31.85043703909464,31.20608266022675,32.65190794703166,65,0.4848484848484848,0,0.8,8.0,9.36,33.51636290657215,313.71315680551527,320.0,-6.286843194484732,4,2023-11-02,44,1_Low (DSR<0.8)
2023-11-02 05:00:00,33,32.52817395794212,31.544298192601712,33.601194825103846,66,0.4925373134328358,0,0.8,8.0,9.02,35.47066769089015,319.9454225718292,330.0,-10.054577428170774,5,2023-11-02,44,1_Low (DSR<0.8)
2023-11-02 06:00:00,45,43.25844672218951,42.17850274739836,45.45251780158758,53,0.8333333333333334,0,0.9065,9.065,9.03,48.33159065390125,436.4342636047282,450.0,-13.565736395271813,6,2023-11-02,44,2_Balanced (0.8-1.2)
2023-11-02 07:00:00,89,85.81343738682845,81.35947945049739,86.9309489548136,74,1.1866666666666668,0,1.0828,10.828,9.48,92.38983053458014,875.8555934678197,890.0,-14.144406532180255,7,2023-11-02,44,2_Balanced (0.8-1.2)
2023-11-02 08:00:00,168,170.6219983985317,162.38684372010565,179.49442368434217,79,2.1,0,1.5268,15.268,10.93,157.86111586686127,1725.4219964247936,1680.0,45.42199642479363,8,2023-11-02,44,4_Strong surge (>2.0)
2023-11-02 09:00:00,243,240.0604797145182,221.9213612831532,245.371694653946,90,2.67032967032967,0,1.8084,18.084,12.72,205.33609365457804,2611.875111286233,2430.0,181.87511128623282,9,2023-11-02,44,4_Strong surge (>2.0)
2023-11-02 10:00:00,238,230.90080233576097,197.635950462615,238.94307828401315,88,2.6741573033707864,0,1.788,17.88,14.01,187.9620886773422,2633.348862369564,2380.0,253.3488623695639,10,2023-11-02,44,4_Strong surge (>2.0)
2023-11-02 11:00:00,105,103.09765698671713,90.9923455376744,112.91565849574548,86,1.206896551724138,0,1.0686,10.686,13.18,86.54630121584226,1140.680250024801,1050.0,90.6802500248009,11,2023-11-02,44,3_Mild surge (1.2-2.0)
2023-11-02 12:00:00,123,118.41210700952598,101.06683106765875,118.41210700952598,103,1.1826923076923077,0,1.0676,10.676000000000002,12.55,104.9190871543436,1316.7345437870124,1230.0,86.7345437870124,12,2023-11-02,44,2_Balanced (0.8-1.2)
2023-11-02 13:00:00,106,103.05461269758683,97.01301593117256,103.1117237483144,95,1.1041666666666667,0,1.0428,10.428,12.02,93.19073518210811,1120.1526368889397,1060.0,60.152636888939696,13,2023-11-02,44,2_Balanced (0.8-1.2)
2023-11-02 14:00:00,57,58.40053416098486,54.36668798802006,60.77794591624805,91,0.6195652173913043,0,0.8,8.0,11.02,53.25344888699304,586.8530067346633,570.0,16.853006734663268,14,2023-11-02,44,1_Low (DSR<0.8)
2023-11-02 15:00:00,74,72.71501654369526,65.46256106880938,76.46618837226632,89,0.8222222222222222,0,0.8907,8.907,10.49,71.56305596161117,750.6964570373012,740.0,10.69645703730123,15,2023-11-02,44,2_Balanced (0.8-1.2)
2023-11-02 16:00:00,134,135.3220634273776,125.9492516715178,143.08693346810867,95,1.3958333333333333,0,1.1753,11.753,10.81,126.88982914046358,1371.6790530084113,1340.0,31.6790530084113,16,2023-11-02,44,3_Mild surge (1.2-2.0)
2023-11-02 17:00:00,193,197.1263834067917,183.83881565957807,208.3748765811799,86,2.218390804597701,0,1.5793,15.793,12.06,169.2833300109769,2041.5569599323812,1930.0,111.55695993238123,17,2023-11-02,44,4_Strong surge (>2.0)
2023-11-02 18:00:00,292,298.53428916003503,266.33534483299604,298.53428916003503,81,3.5609756097560976,0,2.2437,22.437,14.65,223.50977129528783,3274.418149475967,2920.0,354.41814947596686,18,2023-11-02,44,4_Strong surge (>2.0)
2023-11-02 19:00:00,321,320.1546090233573,287.2245922979663,320.1546090233573,72,4.397260273972603,0,2.5,25.0,17.24,219.24462215038253,3779.777285872595,3210.0,569.7772858725948,19,2023-11-02,44,4_Strong surge (>2.0)
2023-11-02 20:00:00,212,212.44480817404,203.65434731416323,226.72611644943584,59,3.533333333333333,0,2.2299,22.299000000000003,18.5,137.82108070319936,2549.689993009188,2120.0,429.68999300918813,20,2023-11-02,44,4_Strong surge (>2.0)
2023-11-02 21:00:00,139,140.0647005271514,134.91517709618964,141.82652925219696,60,2.278688524590164,0,1.6273,16.273,17.94,92.32920437740115,1656.3859265305769,1390.0,266.38592653057685,21,2023-11-02,44,4_Strong surge (>2.0)
2023-11-02 22:00:00,77,75.71940814846353,73.71912882339429,85.76907587067981,58,1.305084745762712,0,1.1254,11.254,16.27,54.76706130095624,891.0600873665579,770.0,121.06008736655792,22,2023-11-02,44,3_Mild surge (1.2-2.0)
2023-11-02 23:00:00,40,41.737451120104645,38.93939217297071,41.83068033898263,59,0.6666666666666666,0,0.8249,8.248999999999999,14.26,31.201561096859194,444.9342612412121,400.0,44.934261241212084,23,2023-11-02,44,1_Low (DSR<0.8)
2023-11-03 00:00:00,34,34.54939526723326,33.585364160909606,35.28807073496717,57,0.5862068965517241,0,0.8,8.0,12.7,28.76181658020915,365.2750705686562,340.0,25.27507056865619,0,2023-11-03,44,1_Low (DSR<0.8)
2023-11-03 01:00:00,33,33.33659092806738,32.48865783444786,33.614730746088256,61,0.532258064516129,0,0.8,8.0,11.52,29.888024084610677,344.310037454715,330.0,14.310037454714973,1,2023-11-03,44,1_Low (DSR<0.8)
2023-11-03 02:00:00,33,33.31064095983817,32.16555584451994,33.31064095983817,64,0.5076923076923077,0,0.8,8.0,10.64,31.59765117176644,336.1990084675949,330.0,6.199008467594922,2,2023-11-03,44,1_Low (DSR<0.8)
2023-11-03 03:00:00,32,32.25547470831884,32.20283152990262,32.722644288613566,57,0.5517241379310345,0,0.8,8.0,9.98,32.04487629734209,319.8078654474741,320.0,-0.19213455252588574,3,2023-11-03,44,1_Low (DSR<0.8)
2023-11-03 04:00:00,33,33.12968071278902,32.4983582131578,33.46605618192442,65,0.5,0,0.8,8.0,9.48,34.25690345664208,324.7554447689669,330.0,-5.244555231033075,4,2023-11-03,44,1_Low (DSR<0.8)
2023-11-03 05:00:00,41,39.84023432527439,39.05858075240487,39.84023432527439,60,0.6721311475409836,0,0.8337,8.337,9.19,43.49736999330423,399.7408302384659,410.0,-10.25916976153411,5,2023-11-03,44,1_Low (DSR<0.8)
2023-11-03 06:00:00,44,44.00381334995436,40.96008076031941,49.42954455437085,61,0.7096774193548387,0,0.8307,8.307,8.97,47.47860676841991,425.8831027127266,440.0,-14.116897287273389,6,2023-11-03,44,1_Low (DSR<0.8)
2023-11-03 07:00:00,101,98.87333945237042,89.71095590016795,102.80906370855637,62,1.6031746031746033,0,1.276,12.76,9.92,101.56947397824794,1007.5691818642196,1010.0,-2.4308181357804415,7,2023-11-03,44,3_Mild surge (1.2-2.0)
2023-11-03 08:00:00,208,209.931909221436,199.03594114909333,228.6979217274496,69,2.9714285714285715,0,1.9438,19.438,12.3,179.94084556583516,2213.2724004597726,2080.0,133.2724004597726,8,2023-11-03,44,4_Strong surge (>2.0)
2023-11-03 09:00:00,321,319.7358980215214,277.8627204082402,319.7358980215214,86,3.689655172413793,0,2.2989,22.989,14.97,242.0191727658883,3623.027016305348,3210.0,413.02701630534784,9,2023-11-03,44,4_Strong surge (>2.0)
2023-11-03 10:00:00,242,231.88036088690487,201.3289772242749,232.2089055938616,96,2.4948453608247423,0,1.7127,17.127,15.51,177.98651824385783,2760.570897962235,2420.0,340.570897962235,10,2023-11-03,44,4_Strong surge (>2.0)
2023-11-03 11:00:00,123,124.05362999672128,115.18996104007007,137.62623837375793,92,1.3225806451612905,0,1.13,11.3,14.46,95.01393535182008,1373.9015051873184,1230.0,143.90150518731843,11,2023-11-03,44,3_Mild surge (1.2-2.0)
2023-11-03 12:00:00,121,120.41337359940738,111.28363652868109,126.94062271943548,109,1.1,0,1.0297,10.297,13.42,98.48239671091537,1321.633763860484,1210.0,111.6337638604839,12,2023-11-03,44,2_Balanced (0.8-1.2)
2023-11-03 13:00:00,108,106.4564754811188,96.35661129561016,107.17020210359246,105,1.018867924528302,0,1.0,10.0,12.56,92.07272735563632,1156.4334555867924,1080.0,76.43345558679243,13,2023-11-03,44,2_Balanced (0.8-1.2)
2023-11-03 14:00:00,58,60.19934691139097,58.22095059685598,62.17986668523448,94,0.6105263157894737,0,0.8,8.0,11.42,52.85203584057992,603.5702492994227,580.0,23.5702492994227,14,2023-11-03,44,1_Low (DSR<0.8)
2023-11-03 15:00:00,98,96.44291702166566,87.913982838778,98.2430865812335,96,1.0103092783505154,0,1.0,10.0,11.06,91.32664147378335,1010.0726547000442,980.0,30.072654700044154,15,2023-11-03,44,2_Balanced (0.8-1.2)
2023-11-03 16:00:00,146,144.72991192377856,130.42711878450294,153.00646530343943,106,1.3644859813084111,0,1.1548,11.548,11.18,135.0341432460841,1509.6817214912203,1460.0,49.68172149122029,16,2023-11-03,44,3_Mild surge (1.2-2.0)
2023-11-03 17:00:00,271,271.3059296163363,241.80203086718703,274.6035096636341,79,3.3875,0,2.1541,21.541,13.77,216.628470148298,2982.974033942064,2710.0,272.9740339420641,17,2023-11-03,44,4_Strong surge (>2.0)
2023-11-03 18:00:00,367,366.1292692076856,326.2836225737386,372.79809936355207,80,4.530864197530864,0,2.5,25.0,16.58,257.6065467618412,4271.116545311326,3670.0,601.1165453113263,18,2023-11-03,44,4_Strong surge (>2.0)
2023-11-03 19:00:00,323,326.99470984835574,314.43499157611063,335.08722113545207,68,4.681159420289855,0,2.5,25.0,18.68,208.56369482595147,3895.969819348773,3230.0,665.969819348773,19,2023-11-03,44,4_Strong surge (>2.0)
2023-11-03 20:00:00,280,270.4355107960162,250.6851553412789,283.0286918324893,63,4.375,0,2.5,25.0,20.26,170.80887119572202,3460.5877304253286,2800.0,660.5877304253286,20,2023-11-03,44,4_Strong surge (>2.0)
2023-11-03 21:00:00,165,157.40479282758812,139.72848738580808,170.3170075120806,65,2.5,0,1.6993,16.993000000000002,19.44,103.60878045636272,2014.1546920716917,1650.0,364.15469207169167,21,2023-11-03,44,4_Strong surge (>2.0)
2023-11-03 22:00:00,95,89.25015192691674,81.47119741288493,97.4405345756556,59,1.5833333333333333,0,1.2574,12.574000000000002,17.72,63.65008720495815,1127.8795452718582,950.0,177.8795452718582,22,2023-11-03,44,3_Mild surge (1.2-2.0)
2023-11-03 23:00:00,48,47.57422148946696,43.5415438720431,48.77792284469063,64,0.7384615384615385,0,0.8552,8.552,15.43,35.4311369904615,546.702443762821,480.0,66.70244376282096,23,2023-11-03,44,1_Low (DSR<0.8)
2023-11-04 00:00:00,37,36.2740551161576,35.38019525467705,37.70291902640838,60,0.6065573770491803,0,0.8,8.0,13.57,29.88104838157848,405.4858265380199,370.0,35.48582653801992,0,2023-11-04,44,1_Low (DSR<0.8)
2023-11-04 01:00:00,39,39.67366088914928,38.95287846184304,39.755027031450695,53,0.7222222222222222,0,0.8586,8.586,12.32,33.7005595322626,415.19089343747527,390.0,25.190893437475268,1,2023-11-04,44,1_Low (DSR<0.8)
2023-11-04 02:00:00,41,40.43773648631684,39.32636247827703,41.30640839097528,55,0.7321428571428571,0,0.8599,8.599,11.39,37.42977787840415,426.32517003502335,410.0,16.325170035023348,2,2023-11-04,44,1_Low (DSR<0.8)
2023-11-04 03:00:00,41,40.75194637726715,40.41005910463757,43.36661140746158,51,0.7884615384615384,0,0.8847,8.847000000000001,10.75,38.97605969222381,418.992641691406,410.0,8.992641691405993,3,2023-11-04,44,1_Low (DSR<0.8)
2023-11-04 04:00:00,39,39.0470209833775,38.32589263533155,39.16251689598345,53,0.7222222222222222,0,0.8584,8.584,10.21,38.43674367794798,392.43915295184894,390.0,2.439152951848939,4,2023-11-04,44,1_Low (DSR<0.8)
2023-11-04 05:00:00,36,36.9413619581168,36.47345385806209,38.17294811763176,52,0.6792452830188679,0,0.834,8.34,9.74,36.6700271031956,357.1660639851252,360.0,-2.83393601487478,5,2023-11-04,44,1_Low (DSR<0.8)
2023-11-04 06:00:00,55,52.52979529321948,48.57223086137726,54.524097755564455,55,0.9821428571428572,0,1.0,10.0,9.8,55.78333006250604,546.6766346125593,550.0,-3.323365387440731,6,2023-11-04,44,2_Balanced (0.8-1.2)
2023-11-04 07:00:00,133,132.8369977201121,120.13795474736725,134.4543004391643,65,2.015151515151515,0,1.4834,14.834,11.06,123.9432991429917,1370.8128885214885,1330.0,40.8128885214885,7,2023-11-04,44,4_Strong surge (>2.0)
2023-11-04 08:00:00,256,257.370964715869,234.13125183083417,257.370964715869,68,3.710144927536232,0,2.3233,23.233,14.1,201.2734943117308,2837.9562697954043,2560.0,277.9562697954043,8,2023-11-04,44,4_Strong surge (>2.0)
2023-11-04 09:00:00,349,344.7092945661639,317.2941117306798,363.7959958343597,82,4.204819277108434,0,2.5,25.0,16.82,242.51981760401856,4079.183332099593,3490.0,589.1833320995929,9,2023-11-04,44,4_Strong surge (>2.0)
2023-11-04 10:00:00,259,257.86974619829795,245.5356934796997,272.4789307849057,88,2.9101123595505616,0,1.9245,19.245,17.43,175.54626477611907,3059.7713950477555,2590.0,469.7713950477555,10,2023-11-04,44,4_Strong surge (>2.0)
2023-11-04 11:00:00,134,133.31680064813776,118.74920154305882,137.08369278286378,89,1.488888888888889,0,1.219,12.19,16.12,95.92885750563224,1546.3731829907915,1340.0,206.37318299079152,11,2023-11-04,44,3_Mild surge (1.2-2.0)
2023-11-04 12:00:00,144,139.17118955528505,123.59373973537346,145.56570974842148,84,1.6941176470588235,0,1.3154,13.154,15.38,106.53518325743032,1638.5111184992784,1440.0,198.51111849927838,12,2023-11-04,44,3_Mild surge (1.2-2.0)
2023-11-04 13:00:00,129,127.36685071820108,113.78877671885076,129.00065763807186,85,1.5,0,1.2278,12.278,14.6,98.97892011763648,1445.0922337174927,1290.0,155.09223371749272,13,2023-11-04,44,3_Mild surge (1.2-2.0)
2023-11-04 14:00:00,71,72.3589731201957,66.07867695518703,76.07639339364947,83,0.8452380952380952,0,0.9038,9.038,13.21,58.428720548741616,771.8433984488768,710.0,61.84339844887677,14,2023-11-04,44,2_Balanced (0.8-1.2)
2023-11-04 15:00:00,89,90.78747649104902,87.70390897293039,93.60980080015752,89,0.9888888888888888,0,1.0,10.0,12.41,76.51555973478327,949.5580963086604,890.0,59.558096308660424,15,2023-11-04,44,2_Balanced (0.8-1.2)
2023-11-04 16:00:00,173,172.9006734111732,158.6461156322607,176.33984283550404,75,2.276315789473684,0,1.6132,16.131999999999998,13.34,141.3959670170075,1886.22220000688,1730.0,156.22220000688003,16,2023-11-04,44,4_Strong surge (>2.0)
2023-11-04 17:00:00,300,297.4260396830374,286.59389006795186,301.15065270794395,78,3.79746835443038,0,2.3812,23.812,15.96,216.27097283920696,3451.6847265137435,3000.0,451.6847265137435,17,2023-11-04,44,4_Strong surge (>2.0)
2023-11-04 18:00:00,374,379.8861588373494,351.1542673230288,407.7729382194543,64,5.753846153846154,0,2.5,25.0,18.22,245.74672643540467,4477.505355653073,3740.0,737.5053556530729,18,2023-11-04,44,4_Strong surge (>2.0)
2023-11-04 19:00:00,393,385.16528281285423,353.1355176294509,412.1634629321766,64,6.046153846153846,0,2.5,25.0,19.91,242.68485152206435,4831.8553938043015,3930.0,901.8553938043015,19,2023-11-04,44,4_Strong surge (>2.0)
2023-11-04 20:00:00,303,284.67858101583374,284.67858101583374,304.19537133271245,53,5.611111111111111,0,2.5,25.0,21.18,179.1820328649814,3795.075456080306,3030.0,765.0754560803061,20,2023-11-04,44,4_Strong surge (>2.0)
2023-11-04 21:00:00,189,191.22554144862497,157.67572766755654,191.22554144862497,57,3.2586206896551726,0,2.0736,20.736,21.07,112.17514233021598,2363.530248897651,1890.0,473.53024889765084,21,2023-11-04,44,4_Strong surge (>2.0)
2023-11-04 22:00:00,105,108.50769268366716,88.3019377239197,108.50769268366716,57,1.8103448275862069,0,1.3663,13.663,19.22,66.46024389850605,1277.3658877292862,1050.0,227.36588772928621,22,2023-11-04,44,3_Mild surge (1.2-2.0)
2023-11-04 23:00:00,57,58.96062833143612,53.45489289511039,66.36825967274896,58,0.9661016949152542,0,1.0,10.0,16.91,39.46156731518693,667.295103299811,570.0,97.29510329981099,23,2023-11-04,44,2_Balanced (0.8-1.2)
2023-11-05 00:00:00,74,76.0185057789996,52.96529234774879,78.261435241549,52,1.3962264150943395,1,1.1391,11.391,15.53,54.3765563913054,844.4679207569728,740.0,104.46792075697283,0,2023-11-05,44,3_Mild surge (1.2-2.0)
2023-11-05 01:00:00,80,84.79122731318301,54.16841951577403,84.79122731318301,48,1.6326530612244898,1,1.2458,12.458,14.76,60.91574173861534,899.1163480619624,800.0,99.11634806196241,1,2023-11-05,44,3_Mild surge (1.2-2.0)
2023-11-05 02:00:00,82,81.33916446248377,64.19548339766212,84.58467858982459,44,1.8222222222222224,1,1.3587,13.587,14.47,63.31197779437352,916.1243186845848,820.0,96.12431868458475,2,2023-11-05,44,3_Mild surge (1.2-2.0)
2023-11-05 03:00:00,71,79.58436055580484,53.340902951457736,82.07183032347852,45,1.5434782608695652,1,1.2037,12.037,13.86,56.49683091074155,783.0460764228778,710.0,73.04607642287783,3,2023-11-05,44,3_Mild surge (1.2-2.0)
2023-11-05 04:00:00,87,106.70515725390574,69.24149680239364,106.70515725390574,42,2.0232558139534884,1,1.4328,14.328,13.98,68.81200823347038,961.991875103916,870.0,91.99187510391596,4,2023-11-05,44,4_Strong surge (>2.0)
2023-11-05 05:00:00,76,95.82302091619232,57.09832026012296,95.82302091619232,46,1.6170212765957446,1,1.23,12.3,13.56,61.40896950477109,832.705626484696,760.0,72.70562648469604,5,2023-11-05,44,3_Mild surge (1.2-2.0)
2023-11-05 06:00:00,51,59.08541549488533,45.9622499917107,59.08541549488533,53,0.9444444444444444,0,0.9404,9.404,12.52,43.57597828906597,545.571248179106,510.0,35.571248179105964,6,2023-11-05,44,2_Balanced (0.8-1.2)
2023-11-05 07:00:00,116,122.0681309146324,115.94377330617206,132.07468624174285,59,1.933333333333333,0,1.4378,14.378,12.98,96.64195447896516,1254.4125691369677,1160.0,94.4125691369677,7,2023-11-05,44,3_Mild surge (1.2-2.0)
2023-11-05 08:00:00,216,222.5526663667373,210.0554097641567,240.2871964454847,67,3.176470588235294,0,2.0459,20.459,14.85,163.77410456066372,2432.045452725856,2160.0,272.0454527258562,8,2023-11-05,44,4_Strong surge (>2.0)
2023-11-05 09:00:00,320,333.5104592983718,301.2616674200221,346.0395791641565,77,4.102564102564102,0,2.5,25.0,17.39,217.24023850067664,3777.807747526767,3200.0,577.8077475267669,9,2023-11-05,44,4_Strong surge (>2.0)
2023-11-05 10:00:00,226,220.3041568963558,216.4643750163,227.76505080041755,79,2.825,0,1.8979,18.979,17.79,151.0028956609588,2686.3415138084565,2260.0,426.3415138084565,10,2023-11-05,44,4_Strong surge (>2.0)
2023-11-05 11:00:00,118,118.5988882631442,112.48988827399036,123.18669057864574,79,1.475,0,1.2209,12.209,16.39,83.49812818274901,1368.5343209152563,1180.0,188.53432091525633,11,2023-11-05,44,3_Mild surge (1.2-2.0)
2023-11-05 12:00:00,116,116.531816685581,111.34371450445802,123.1817174975543,87,1.318181818181818,0,1.1416,11.416,15.15,86.72996002936708,1313.9588944449113,1160.0,153.95889444491127,12,2023-11-05,44,3_Mild surge (1.2-2.0)
2023-11-05 13:00:00,131,124.9757673343636,115.45536157274655,135.51619734850146,83,1.5595238095238095,0,1.2492,12.492,14.49,101.04700037674137,1464.1710354589825,1310.0,154.1710354589825,13,2023-11-05,44,3_Mild surge (1.2-2.0)
2023-11-05 14:00:00,65,62.51773852353353,57.3825673097827,69.30397590049658,86,0.7471264367816092,0,0.849,8.49,12.99,54.1236342914465,703.06600944589,650.0,53.06600944589002,14,2023-11-05,44,1_Low (DSR<0.8)
2023-11-05 15:00:00,92,87.82671053125733,84.75835989744095,91.12646243552317,92,0.989247311827957,0,1.0,10.0,12.24,79.86212003569226,977.5123492368732,920.0,57.512349236873206,15,2023-11-05,44,2_Balanced (0.8-1.2)
2023-11-05 16:00:00,140,136.83155574132968,136.83155574132968,158.12585659501082,79,1.75,0,1.3431,13.431,12.54,119.48675316625668,1498.3638847048587,1400.0,98.36388470485872,16,2023-11-05,44,3_Mild surge (1.2-2.0)
2023-11-05 17:00:00,296,296.8368334267419,258.8829095805713,296.8368334267419,83,3.523809523809524,0,2.2187,22.187,14.95,223.37927455709823,3339.5201546286185,2960.0,379.52015462861846,17,2023-11-05,44,4_Strong surge (>2.0)
2023-11-05 18:00:00,384,377.9783014872557,331.0141642647881,403.789456824332,74,5.12,0,2.5,25.0,17.46,259.9562460407718,4538.836055871876,3840.0,698.8360558718759,18,2023-11-05,44,4_Strong surge (>2.0)
2023-11-05 19:00:00,355,390.5910194398489,351.09638798159165,422.78544039133953,59,5.916666666666667,0,2.5,25.0,19.34,223.72206754036316,4326.784786230623,3550.0,776.7847862306226,19,2023-11-05,44,4_Strong surge (>2.0)
2023-11-05 20:00:00,264,283.10701817944,272.19355640491705,292.3747356105173,49,5.28,0,2.5,25.0,20.75,158.3766877998307,3286.316271846488,2640.0,646.3162718464878,20,2023-11-05,44,4_Strong surge (>2.0)
2023-11-05 21:00:00,168,174.93006909385593,156.0511413528328,174.93006909385593,53,3.111111111111111,0,2.0225,20.225,20.62,101.22952967398646,2087.3529018776007,1680.0,407.35290187760074,21,2023-11-05,44,4_Strong surge (>2.0)
2023-11-05 22:00:00,104,98.69277865425146,86.88954820553273,100.8430430904866,57,1.793103448275862,0,1.3672,13.672,18.88,66.65487929919672,1258.444121168834,1040.0,218.44412116883404,22,2023-11-05,44,3_Mild surge (1.2-2.0)
2023-11-05 23:00:00,45,49.94351887069679,43.67232503053161,57.33355470076899,51,0.8653846153846154,0,0.8952,8.952,16.4,31.828913953179416,521.9941888321424,450.0,71.99418883214241,23,2023-11-05,44,2_Balanced (0.8-1.2)
2023-11-06 00:00:00,29,29.285090380963776,27.23125899030716,34.83123508559664,63,0.453125,0,0.8,8.0,14.3,22.576820062938417,322.8485269000193,290.0,32.848526900019294,0,2023-11-06,45,1_Low (DSR<0.8)
2023-11-06 01:00:00,26,28.33051489165736,25.49553619130893,33.233190326629014,65,0.3939393939393939,0,0.8,8.0,12.73,21.958034616951583,279.52578067379363,260.0,19.525780673793633,1,2023-11-06,45,1_Low (DSR<0.8)
2023-11-06 02:00:00,27,28.00729611764312,27.438851551453645,34.256848191933166,57,0.4655172413793103,0,0.8,8.0,11.55,24.40935902177906,281.92809670154816,270.0,11.928096701548156,2,2023-11-06,45,1_Low (DSR<0.8)
2023-11-06 03:00:00,27,26.2664876221874,26.2664876221874,33.30781871099849,58,0.4576271186440678,0,0.8,8.0,10.66,25.81866133393892,275.2269298197889,270.0,5.226929819788893,3,2023-11-06,45,1_Low (DSR<0.8)
2023-11-06 04:00:00,27,29.05305679425181,26.970579696247963,34.522897595540954,63,0.421875,0,0.8,8.0,10.0,27.0,270.0,270.0,0.0,4,2023-11-06,45,1_Low (DSR<0.8)
2023-11-06 05:00:00,28,28.97370374909213,28.644598051792205,34.62039559134977,61,0.4516129032258064,0,0.8,8.0,9.5,29.023615211465373,275.72434450892104,280.0,-4.275655491078965,5,2023-11-06,45,1_Low (DSR<0.8)
2023-11-06 06:00:00,33,33.212479068709165,32.997242883120826,35.50878261307873,58,0.559322033898305,0,0.8,8.0,9.12,35.19796483348194,321.0054392813553,330.0,-8.99456071864472,6,2023-11-06,45,1_Low (DSR<0.8)
2023-11-06 07:00:00,84,82.85940877047335,71.20938309761354,88.94746242116159,67,1.2352941176470589,0,1.0822,10.822,9.55,86.75148664465411,828.4766974564468,840.0,-11.5233025435532,7,2023-11-06,45,3_Mild surge (1.2-2.0)
2023-11-06 08:00:00,145,149.01155719845124,141.55632843368713,163.05460282026652,77,1.858974358974359,0,1.3988,13.988,10.66,138.6557738304127,1478.070549032199,1450.0,28.070549032199096,8,2023-11-06,45,3_Mild surge (1.2-2.0)
2023-11-06 09:00:00,236,238.0603587719796,222.56303222111111,250.2432468193597,77,3.025641025641025,0,1.9779,19.779,12.94,197.0416381891398,2549.718798167469,2360.0,189.71879816746878,9,2023-11-06,45,4_Strong surge (>2.0)
2023-11-06 10:00:00,164,161.3347135864572,147.0189326691543,174.41412699479898,96,1.690721649484536,0,1.3113,13.113,12.98,136.63172874612314,1773.4798391246784,1640.0,133.4798391246784,10,2023-11-06,45,3_Mild surge (1.2-2.0)
2023-11-06 11:00:00,81,82.23602350851996,79.75589671023663,88.56192566013225,93,0.8617021276595744,0,0.9161,9.161,12.03,71.17034641843246,856.1792674137424,810.0,46.17926741374242,11,2023-11-06,45,2_Balanced (0.8-1.2)
2023-11-06 12:00:00,92,96.31773549422556,92.24991318522684,101.61789825310665,84,1.0823529411764703,0,1.0261,10.261,11.59,82.97159182147892,961.6407492109408,920.0,41.64074921094084,12,2023-11-06,45,2_Balanced (0.8-1.2)
2023-11-06 13:00:00,75,76.64933282436374,74.75486030346464,84.90503716501642,100,0.7425742574257426,0,0.8542,8.542,10.83,70.92859281305655,768.1566601654025,750.0,18.156660165402513,13,2023-11-06,45,1_Low (DSR<0.8)
2023-11-06 14:00:00,50,50.41426446065667,47.11245056215094,52.22835553726094,95,0.5208333333333334,0,0.8,8.0,10.12,49.584238240638186,501.7924909952584,500.0,1.7924909952583903,14,2023-11-06,45,1_Low (DSR<0.8)
2023-11-06 15:00:00,58,61.53400542725716,61.04024605104581,70.36709538617049,106,0.5420560747663551,0,0.8,8.0,9.59,59.72483636588628,572.7611807488494,580.0,-7.23881925115063,15,2023-11-06,45,1_Low (DSR<0.8)
2023-11-06 16:00:00,124,124.58705634141003,110.4959611382039,128.3636302263727,88,1.3932584269662922,0,1.1711,11.711,10.12,122.9689108367827,1244.4453776682408,1240.0,4.445377668240781,16,2023-11-06,45,3_Mild surge (1.2-2.0)
2023-11-06 17:00:00,185,185.18315558364725,176.2553219196254,202.215199908098,80,2.2839506172839505,0,1.6076,16.076,11.61,166.6438054719152,1934.7345815289352,1850.0,84.73458152893522,17,2023-11-06,45,4_Strong surge (>2.0)
2023-11-06 18:00:00,251,251.33706180080583,237.2897249951532,258.738848384603,80,3.098765432098765,0,2.0233,20.233,13.77,200.64112917794392,2762.828348780288,2510.0,252.8283487802878,18,2023-11-06,45,4_Strong surge (>2.0)
2023-11-06 19:00:00,267,267.6816603498797,253.8869681618323,271.42208250731414,66,3.985074626865672,0,2.4681,24.681,16.5,188.0496374296372,3102.819017589014,2670.0,432.81901758901404,19,2023-11-06,45,4_Strong surge (>2.0)
2023-11-06 20:00:00,187,194.8083611806337,190.86872689235423,206.9983378892704,57,3.2241379310344827,0,2.086,20.86,17.59,125.93763080943364,2215.242925937938,1870.0,345.2429259379378,20,2023-11-06,45,4_Strong surge (>2.0)
2023-11-06 21:00:00,119,117.23177428796426,106.2128210178566,125.28886057403516,62,1.8888888888888888,0,1.4095,14.095,16.72,83.03889669057293,1388.4103526663791,1190.0,198.41035266637914,21,2023-11-06,45,3_Mild surge (1.2-2.0)
2023-11-06 22:00:00,57,55.38239304751839,54.52203182703741,66.56890656627243,56,1.0,0,1.0,10.0,15.04,42.83525634893159,644.2422554879311,570.0,74.24225548793106,22,2023-11-06,45,2_Balanced (0.8-1.2)
2023-11-06 23:00:00,40,38.658237808724536,37.895421375897655,40.41135928964815,55,0.7142857142857143,0,0.849,8.49,13.4,32.59017049472111,436.7082846292628,400.0,36.70828462926278,23,2023-11-06,45,1_Low (DSR<0.8)
2023-11-07 00:00:00,34,32.88025563665613,31.94623764355952,34.18682738437017,67,0.5,0,0.8,8.0,12.05,29.839255573521587,359.5630296609352,340.0,19.56302966093517,0,2023-11-07,45,1_Low (DSR<0.8)
2023-11-07 01:00:00,36,35.060533787151115,34.51085230618186,35.80369987942056,62,0.5714285714285714,0,0.8,8.0,11.04,33.59109408890934,370.845678741559,360.0,10.845678741559027,1,2023-11-07,45,1_Low (DSR<0.8)
2023-11-07 02:00:00,29,28.855605269127736,28.786770781911137,29.851665338582592,59,0.4833333333333333,0,0.8,8.0,10.28,28.444795619449195,292.4124989679377,290.0,2.4124989679377222,2,2023-11-07,45,1_Low (DSR<0.8)
2023-11-07 03:00:00,31,30.187976155301502,30.187976155301502,31.12012062222358,60,0.5081967213114754,0,0.8,8.0,9.71,31.645228279671432,307.2751665956096,310.0,-2.724833404390381,3,2023-11-07,45,1_Low (DSR<0.8)
2023-11-07 04:00:00,25,25.49383262880395,25.197442953344407,26.37370934309687,62,0.3968253968253968,0,0.8,8.0,9.28,26.342465826260725,244.45808286769952,250.0,-5.541917132300483,4,2023-11-07,45,1_Low (DSR<0.8)
2023-11-07 05:00:00,34,33.56755590875108,31.990034783858743,33.78336513668849,64,0.5230769230769231,0,0.8,8.0,8.96,36.71667203614777,328.98138144388406,340.0,-11.018618556115939,5,2023-11-07,45,1_Low (DSR<0.8)
2023-11-07 06:00:00,41,40.15634073784102,38.82821581297023,42.40735668260249,57,0.7068965517241379,0,0.8423,8.423,8.83,44.731283953906114,394.977237312991,410.0,-15.022762687008992,6,2023-11-07,45,1_Low (DSR<0.8)
2023-11-07 07:00:00,78,80.68846603079123,77.19467186552347,84.34899011470579,70,1.0985915492957747,0,1.0355,10.355,9.21,82.62526427041405,760.9786839305135,780.0,-19.02131606948649,7,2023-11-07,45,2_Balanced (0.8-1.2)
2023-11-07 08:00:00,196,195.3846218075197,170.21758486713404,195.3846218075197,75,2.5789473684210527,0,1.7551,17.551000000000002,11.3,179.9289977853348,2033.1976749742837,1960.0,73.1976749742837,8,2023-11-07,45,4_Strong surge (>2.0)
2023-11-07 09:00:00,234,236.5804163332471,230.45873592434623,249.17711308117927,84,2.752941176470588,0,1.8543,18.543,13.11,193.5949271982113,2538.0294955685504,2340.0,198.02949556855037,9,2023-11-07,45,4_Strong surge (>2.0)
2023-11-07 10:00:00,172,177.32540492512484,167.48354697538153,194.75269196103503,92,1.849462365591397,0,1.3921,13.921,13.31,140.8003738949568,1874.052976541875,1720.0,154.05297654187507,10,2023-11-07,45,3_Mild surge (1.2-2.0)
2023-11-07 11:00:00,97,95.7677933458609,87.59280821741055,99.87883688073843,96,1.0,0,1.0,10.0,12.48,83.06566084300503,1036.6594473207028,970.0,66.65944732070284,11,2023-11-07,45,2_Balanced (0.8-1.2)
2023-11-07 12:00:00,88,88.79587200911358,86.23721025422108,92.1912216345601,103,0.8461538461538461,0,0.9139,9.139,11.64,79.12533940720922,921.0189506999154,880.0,41.01895069991542,12,2023-11-07,45,2_Balanced (0.8-1.2)
2023-11-07 13:00:00,98,95.95301409491564,85.12451835252953,95.95301409491564,103,0.9423076923076924,0,0.9549,9.549,11.12,90.98142288818208,1011.7134225165846,980.0,31.713422516584615,13,2023-11-07,45,2_Balanced (0.8-1.2)
2023-11-07 14:00:00,48,50.53521106634027,47.45244008477545,54.86972425691884,90,0.5274725274725275,0,0.8,8.0,10.34,46.88963587927712,484.83883499172543,480.0,4.8388349917254345,14,2023-11-07,45,1_Low (DSR<0.8)
2023-11-07 15:00:00,63,64.48013312731891,61.365593203617664,69.45379217622028,89,0.7,0,0.8343,8.343,9.84,63.71533642107124,626.9589103833409,630.0,-3.0410896166590646,15,2023-11-07,45,1_Low (DSR<0.8)
2023-11-07 16:00:00,118,119.61904569064414,115.36634612014308,129.65403919166803,89,1.3111111111111111,0,1.135,11.35,10.22,116.21612221839096,1187.7287690719556,1180.0,7.7287690719556394,16,2023-11-07,45,3_Mild surge (1.2-2.0)
2023-11-07 17:00:00,224,215.08803314252305,194.45569892175791,215.08803314252305,95,2.333333333333333,0,1.6428,16.428,11.77,199.85015726262836,2352.2363509811357,2240.0,112.23635098113573,17,2023-11-07,45,4_Strong surge (>2.0)
2023-11-07 18:00:00,263,257.5704421492052,244.90702188391649,263.3853927113685,74,3.506666666666667,0,2.2292,22.292,14.4,203.75205799648936,2934.0296351494467,2630.0,304.0296351494467,18,2023-11-07,45,4_Strong surge (>2.0)
2023-11-07 19:00:00,248,244.8666312551619,241.66114001344144,264.500171039701,68,3.5942028985507246,0,2.2651,22.651,16.46,174.96484614734544,2879.921367585306,2480.0,399.92136758530614,19,2023-11-07,45,4_Strong surge (>2.0)
2023-11-07 20:00:00,201,198.92415781535524,188.24839882223304,212.4434330643905,58,3.406779661016949,0,2.1634,21.634,17.75,134.5108159790649,2387.566983628402,2010.0,377.5669836284019,20,2023-11-07,45,4_Strong surge (>2.0)
2023-11-07 21:00:00,127,124.776554313215,115.84859208990414,132.10739594070392,58,2.152542372881356,0,1.5457,15.457,17.18,86.95358842792932,1493.8626491918258,1270.0,223.86264919182577,21,2023-11-07,45,4_Strong surge (>2.0)
2023-11-07 22:00:00,62,63.4623620833139,57.54212838825112,71.06991743042508,61,1.0,0,1.0,10.0,15.38,45.86931501361583,705.4700649094116,620.0,85.47006490941158,22,2023-11-07,45,2_Balanced (0.8-1.2)
2023-11-07 23:00:00,37,36.88794824245954,35.39478669385609,39.57293933547282,65,0.5606060606060606,0,0.8,8.0,13.54,29.92737730820891,405.2166887531486,370.0,35.21668875314862,23,2023-11-07,45,1_Low (DSR<0.8)
2023-11-08 00:00:00,35,34.020791559673064,33.57645887409989,34.69356096757534,62,0.5555555555555556,0,0.8,8.0,12.15,30.53969179017016,371.0572552505674,350.0,21.05725525056738,0,2023-11-08,45,1_Low (DSR<0.8)
2023-11-08 01:00:00,28,28.15499401845809,28.15499401845809,29.07971923801757,57,0.4827586206896552,0,0.8,8.0,11.11,26.011068337286805,288.9829692272564,280.0,8.982969227256376,1,2023-11-08,45,1_Low (DSR<0.8)
2023-11-08 02:00:00,29,30.353322688797466,27.55654484273886,30.353322688797466,71,0.4027777777777778,0,0.8,8.0,10.33,28.34834913447982,292.8384465591766,290.0,2.838446559176589,2,2023-11-08,45,1_Low (DSR<0.8)
2023-11-08 03:00:00,29,29.099343557156764,28.960322788222943,29.551167278072835,60,0.4754098360655737,0,0.8,8.0,9.75,29.51853276975544,287.8056945051156,290.0,-2.194305494884418,3,2023-11-08,45,1_Low (DSR<0.8)
2023-11-08 04:00:00,29,29.057438830941635,28.83698434853499,29.53128802006201,58,0.4915254237288136,0,0.8,8.0,9.31,30.48830084513116,283.8460808681711,290.0,-6.1539191318289,4,2023-11-08,45,1_Low (DSR<0.8)
2023-11-08 05:00:00,32,31.78756999710077,31.081662390192665,32.39958960975976,65,0.4848484848484848,0,0.8,8.0,8.98,34.50297493348054,309.8367149026552,320.0,-10.163285097344783,5,2023-11-08,45,1_Low (DSR<0.8)
2023-11-08 06:00:00,42,41.396056978673656,39.56266623704465,43.53639853671974,58,0.711864406779661,0,0.8439,8.439,8.84,45.786000100223845,404.7482408859788,420.0,-15.251759114021183,6,2023-11-08,45,1_Low (DSR<0.8)
2023-11-08 07:00:00,81,82.0761706936902,77.0512264451498,85.99035760678534,76,1.051948051948052,0,1.0094,10.094,9.15,86.19662331883627,788.6991033673519,810.0,-21.30089663264812,7,2023-11-08,45,2_Balanced (0.8-1.2)
2023-11-08 08:00:00,164,165.52857332997212,159.54850644018637,191.8245788895104,73,2.216216216216216,0,1.5614,15.614,10.77,155.70152123726683,1676.9053837253637,1640.0,36.90538372536366,8,2023-11-08,45,4_Strong surge (>2.0)
2023-11-08 09:00:00,271,258.85228927959537,222.67531084780592,258.85228927959537,93,2.882978723404255,0,1.9009,19.009,12.83,227.6201113249876,2920.366028299591,2710.0,210.3660282995911,9,2023-11-08,45,4_Strong surge (>2.0)
2023-11-08 10:00:00,181,181.71607536648992,175.39280050349714,196.43005076475612,92,1.946236559139785,0,1.4477,14.477,13.24,148.7157567208575,1968.9966189841532,1810.0,158.9966189841532,10,2023-11-08,45,3_Mild surge (1.2-2.0)
2023-11-08 11:00:00,110,109.9723820677392,100.89262402136292,110.83746807247046,104,1.0476190476190477,0,1.01,10.1,12.46,94.30398726721144,1175.0276813494545,1100.0,75.0276813494545,11,2023-11-08,45,2_Balanced (0.8-1.2)
2023-11-08 12:00:00,82,80.50434271569605,78.36580983310466,89.98159116989625,111,0.7321428571428571,0,0.8476,8.476,11.46,74.53918158573188,854.2190209724874,820.0,34.21902097248744,12,2023-11-08,45,1_Low (DSR<0.8)
2023-11-08 13:00:00,93,92.9688329929703,86.72351520989919,97.1207987649193,93,0.9893617021276596,0,1.0,10.0,11.1,86.4483808323378,959.5770272389497,930.0,29.577027238949654,13,2023-11-08,45,2_Balanced (0.8-1.2)
2023-11-08 14:00:00,63,58.979104675546886,54.27158351782415,59.47254410621224,107,0.5833333333333334,0,0.8,8.0,10.32,61.626110929257074,635.981464789933,630.0,5.981464789933057,14,2023-11-08,45,1_Low (DSR<0.8)
2023-11-08 15:00:00,68,69.30585787940667,61.828659072425005,74.67717945453025,88,0.7640449438202247,0,0.8578,8.578,9.88,68.57708986981102,677.541647913733,680.0,-2.458352086267041,15,2023-11-08,45,1_Low (DSR<0.8)
2023-11-08 16:00:00,127,131.5449365682842,117.3139507487529,133.77228429491427,86,1.4597701149425288,0,1.207,12.07,10.43,123.31181925062478,1286.1422747840163,1270.0,16.14227478401631,16,2023-11-08,45,3_Mild surge (1.2-2.0)
2023-11-08 17:00:00,220,217.6705103098361,193.4552204692252,223.70674316304692,81,2.682926829268293,0,1.8033,18.033,12.33,189.9977802931889,2342.6726310150198,2200.0,142.67263101501976,17,2023-11-08,45,4_Strong surge (>2.0)
2023-11-08 18:00:00,270,267.8392743516267,250.2226589920351,270.93689868082515,80,3.333333333333333,0,2.1416,21.416,14.6,207.16518164156477,3024.6116519668453,2700.0,324.61165196684533,18,2023-11-08,45,4_Strong surge (>2.0)
2023-11-08 19:00:00,275,274.1524921835526,274.1524921835526,289.3144581061227,69,3.928571428571429,0,2.4439,24.439,17.06,189.2114330770969,3227.947048295273,2750.0,477.9470482952729,19,2023-11-08,45,4_Strong surge (>2.0)
2023-11-08 20:00:00,209,211.07924685608523,201.33782169689945,215.61460961314552,59,3.4833333333333334,0,2.219,22.19,18.34,136.6994458946332,2507.0678377075733,2090.0,417.0678377075733,20,2023-11-08,45,4_Strong surge (>2.0)
2023-11-08 21:00:00,123,124.91259038506456,119.07945697255862,141.13596338364033,61,1.9838709677419355,0,1.4527,14.527,17.39,83.50171667369759,1452.094852955601,1230.0,222.09485295560103,21,2023-11-08,45,3_Mild surge (1.2-2.0)
2023-11-08 22:00:00,77,73.35817721320913,64.40058974819794,77.63008403116919,62,1.2222222222222223,0,1.0815,10.815,15.75,56.0266085889348,882.4190852757231,770.0,112.41908527572309,22,2023-11-08,45,3_Mild surge (1.2-2.0)
2023-11-08 23:00:00,43,42.094539685182745,40.01644444048226,44.29251244284856,62,0.6825396825396826,0,0.8287,8.286999999999999,13.88,34.181870878013015,474.4443677868207,430.0,44.44436778682069,23,2023-11-08,45,1_Low (DSR<0.8)
2023-11-09 00:00:00,31,31.09545736948597,30.54207032190677,31.5840554010078,64,0.4769230769230769,0,0.8,8.0,12.41,26.651487098632376,330.7449548940278,310.0,20.744954894027785,0,2023-11-09,45,1_Low (DSR<0.8)
2023-11-09 01:00:00,33,32.51144681790845,31.1711259389542,33.27216855167567,67,0.4852941176470588,0,0.8,8.0,11.31,30.275415800720605,342.4149527061501,330.0,12.414952706150075,1,2023-11-09,45,1_Low (DSR<0.8)
2023-11-09 02:00:00,30,29.7895551822522,29.739409350166728,30.77556335814857,60,0.4918032786885246,0,0.8,8.0,10.48,29.031425219185326,304.24933629706226,300.0,4.249336297062257,2,2023-11-09,45,1_Low (DSR<0.8)
2023-11-09 03:00:00,29,29.126664864567683,28.838136373588064,29.599217278037944,58,0.4915254237288136,0,0.8,8.0,9.86,29.28762515214576,288.7759840001572,290.0,-1.224015999842777,3,2023-11-09,45,1_Low (DSR<0.8)
2023-11-09 04:00:00,29,29.121325586327064,28.818634402067445,29.62268495442133,62,0.4603174603174603,0,0.8,8.0,9.39,30.306241755387667,284.5756100830902,290.0,-5.4243899169097745,4,2023-11-09,45,1_Low (DSR<0.8)
2023-11-09 05:00:00,32,31.976735487112645,31.65895143360273,32.792172945764364,56,0.5614035087719298,0,0.8,8.0,9.04,34.34251344837026,310.45632157326713,320.0,-9.543678426732868,5,2023-11-09,45,1_Low (DSR<0.8)
2023-11-09 06:00:00,37,38.73584898802476,37.63956732950002,39.825458442038205,58,0.6271186440677966,0,0.8068,8.068,8.8,40.46353801598559,356.07913454067324,370.0,-13.920865459326762,6,2023-11-09,45,1_Low (DSR<0.8)
2023-11-09 07:00:00,83,83.48206336785381,76.74326730933059,87.38428338037897,73,1.1216216216216215,0,1.0408,10.408,9.2,87.98864165574972,809.4955032328974,830.0,-20.504496767102637,7,2023-11-09,45,2_Balanced (0.8-1.2)
2023-11-09 08:00:00,180,181.5067785409213,162.99312138786206,188.8513090674992,77,2.3076923076923075,0,1.6187,16.187,10.95,168.92060246042715,1849.680596941677,1800.0,49.680596941677095,8,2023-11-09,45,4_Strong surge (>2.0)
2023-11-09 09:00:00,299,296.0068510983446,265.52968309773246,301.95315908204964,79,3.7375,0,2.3252,23.252,14.03,235.90156312406745,3309.6989306306664,2990.0,319.6989306306664,9,2023-11-09,45,4_Strong surge (>2.0)
2023-11-09 10:00:00,151,150.0481796174091,150.0481796174091,206.22742011447224,83,1.7976190476190477,0,1.3208,13.208,13.82,120.39856679081396,1663.908193049049,1510.0,153.90819304904903,10,2023-11-09,45,3_Mild surge (1.2-2.0)
2023-11-09 11:00:00,97,97.28920841905304,93.1145217684521,101.41696444733394,96,1.0,0,1.0,10.0,12.87,81.29554585110003,1046.2736751036573,970.0,76.2736751036573,11,2023-11-09,45,2_Balanced (0.8-1.2)
2023-11-09 12:00:00,117,111.61642444407164,105.77220734448017,118.71916542342407,106,1.0934579439252337,0,1.0287,10.287,12.22,101.68011239631814,1242.5309734830078,1170.0,72.53097348300776,12,2023-11-09,45,2_Balanced (0.8-1.2)
2023-11-09 13:00:00,96,95.4039107268024,91.66137474717452,100.50168251150215,107,0.8888888888888888,0,0.9315,9.315,11.49,87.10582791684531,1000.8459627645528,960.0,40.84596276455284,13,2023-11-09,45,2_Balanced (0.8-1.2)
2023-11-09 14:00:00,59,57.71604031672397,57.1395059739592,60.60658162294524,100,0.5841584158415841,0,0.8,8.0,10.62,56.56722183501178,600.743895887825,590.0,10.743895887825033,14,2023-11-09,45,1_Low (DSR<0.8)
2023-11-09 15:00:00,73,71.65712780227459,66.46679223243952,74.0637787579163,108,0.6697247706422018,0,0.8218,8.218,10.02,72.89797342784547,730.4376937470116,730.0,0.4376937470116218,15,2023-11-09,45,1_Low (DSR<0.8)
2023-11-09 16:00:00,127,129.56500484330047,119.3055230244308,143.00684390117647,91,1.3804347826086956,0,1.1578,11.578,10.41,123.47760871955694,1285.401906770588,1270.0,15.401906770588084,16,2023-11-09,45,3_Mild surge (1.2-2.0)
2023-11-09 17:00:00,186,188.49388159138329,181.7436733799194,202.83804583679813,84,2.188235294117648,0,1.5675,15.675,11.73,166.34292569727216,1951.2025184290023,1860.0,91.20251842900234,17,2023-11-09,45,4_Strong surge (>2.0)
2023-11-09 18:00:00,296,296.4576612885349,277.1126070433168,297.45631881231867,66,4.417910447761194,0,2.5,25.0,15.05,222.339262672424,3346.2059032199813,2960.0,386.20590321998134,18,2023-11-09,45,4_Strong surge (>2.0)
2023-11-09 19:00:00,274,274.7996199082085,274.7996199082085,285.3747568362965,67,4.029411764705882,0,2.5,25.0,17.54,184.89699396276228,3243.0932741068505,2740.0,503.09327410685046,19,2023-11-09,45,4_Strong surge (>2.0)
2023-11-09 20:00:00,208,209.544626320792,203.4512381247781,220.57138055797705,63,3.25,0,2.0991,20.991,18.4,135.7346910804523,2497.5183158803225,2080.0,417.51831588032246,20,2023-11-09,45,4_Strong surge (>2.0)
2023-11-09 21:00:00,129,126.47238585745755,119.10015241463309,137.9121661382174,66,1.9253731343283584,0,1.4303,14.303,17.38,87.61023995475831,1522.6659704136994,1290.0,232.66597041369937,21,2023-11-09,45,3_Mild surge (1.2-2.0)
2023-11-09 22:00:00,82,80.59585606262307,75.6926449787673,89.79863676174583,57,1.4137931034482758,0,1.1756,11.756,15.97,59.08815248806852,943.6377952344544,820.0,123.63779523445442,22,2023-11-09,45,3_Mild surge (1.2-2.0)
2023-11-09 23:00:00,52,49.083564282061,44.44122965539227,50.9849226447315,62,0.8253968253968254,0,0.8948,8.948,14.21,40.66188325220261,577.805361013799,520.0,57.80536101379903,23,2023-11-09,45,2_Balanced (0.8-1.2)
2023-11-10 00:00:00,36,35.348439582029066,34.86184635006992,36.73541916057711,64,0.5538461538461539,0,0.8,8.0,12.66,30.521010394584543,386.3959915954403,360.0,26.395991595440307,0,2023-11-10,45,1_Low (DSR<0.8)
2023-11-10 01:00:00,34,33.843241475676365,33.34285997786145,34.1991796758382,60,0.5573770491803278,0,0.8,8.0,11.5,30.83120002115489,354.55880024328127,340.0,14.558800243281269,1,2023-11-10,45,1_Low (DSR<0.8)
2023-11-10 02:00:00,32,32.818567556630626,31.916484696703733,32.85271119639829,52,0.6037735849056604,0,0.8,8.0,10.62,30.68052709695554,325.8271977696678,320.0,5.827197769667805,2,2023-11-10,45,1_Low (DSR<0.8)
2023-11-10 03:00:00,37,36.41182804990374,35.82195518688611,37.04292252519972,61,0.5967741935483871,0,0.8,8.0,9.96,37.10395351277354,369.5553769872245,370.0,-0.4446230127754802,3,2023-11-10,45,1_Low (DSR<0.8)
2023-11-10 04:00:00,41,39.655172691631726,38.209909404374095,39.84395384453651,63,0.640625,0,0.8154,8.154,9.51,42.46757816994405,403.8666683961679,410.0,-6.133331603832119,4,2023-11-10,45,1_Low (DSR<0.8)
2023-11-10 05:00:00,36,36.649796930747456,35.73221514594612,36.84263998216838,57,0.6206896551724138,0,0.8068,8.068,9.15,38.309610363927234,350.5329348299342,360.0,-9.46706517006578,5,2023-11-10,45,1_Low (DSR<0.8)
2023-11-10 06:00:00,39,40.50440774475617,39.27223789639351,41.72258259068989,59,0.65,0,0.8177,8.177,8.91,42.28148325854166,376.7280158336062,390.0,-13.271984166393793,6,2023-11-10,45,1_Low (DSR<0.8)
2023-11-10 07:00:00,105,105.59779729402474,91.06680160352155,108.23432447852691,64,1.6153846153846154,0,1.2761,12.761,9.87,105.96618331066706,1045.8862292762838,1050.0,-4.113770723716243,7,2023-11-10,45,3_Mild surge (1.2-2.0)
2023-11-10 08:00:00,235,236.7165650954652,217.93215989136948,243.1983350039766,66,3.5074626865671643,0,2.2178,22.178,12.95,196.100646020316,2539.503365963092,2350.0,189.50336596309216,8,2023-11-10,45,4_Strong surge (>2.0)
2023-11-10 09:00:00,257,268.7698076900197,252.3808007926509,288.7212434453124,90,2.8241758241758244,0,1.8735,18.735,14.4,199.10372207261503,2867.093597845657,2570.0,297.09359784565686,9,2023-11-10,45,4_Strong surge (>2.0)
2023-11-10 10:00:00,221,212.99837200698948,203.07603841705128,229.73215612841008,91,2.402173913043478,0,1.6693,16.693,14.97,166.62379184193554,2494.358163873775,2210.0,284.3581638737751,10,2023-11-10,45,4_Strong surge (>2.0)
2023-11-10 11:00:00,119,117.50271716943148,109.04219226955534,123.94802048661744,106,1.1121495327102804,0,1.0361,10.361,13.82,94.88363872918453,1311.29188723733,1190.0,121.29188723733,11,2023-11-10,45,2_Balanced (0.8-1.2)
2023-11-10 12:00:00,117,118.73177166920374,110.86843576911428,120.87714175853849,104,1.1142857142857143,0,1.0439,10.439,12.97,97.52767667579774,1264.9339664850968,1170.0,94.93396648509679,12,2023-11-10,45,2_Balanced (0.8-1.2)
2023-11-10 13:00:00,103,102.6312113518142,100.50238930911566,108.76927759007108,98,1.0404040404040404,0,1.008,10.08,12.25,89.3597536054209,1094.6569816664062,1030.0,64.65698166640618,13,2023-11-10,45,2_Balanced (0.8-1.2)
2023-11-10 14:00:00,70,65.49015680574138,63.971322555175,66.39267352052525,99,0.7,0,0.8454,8.454,11.3,64.26035635190529,726.1420267765297,700.0,26.142026776529747,14,2023-11-10,45,1_Low (DSR<0.8)
2023-11-10 15:00:00,81,83.79912363810371,80.62175277804737,88.60296080605197,99,0.81,0,0.8922,8.922,10.71,77.20268225373354,826.8407269374864,810.0,16.84072693748635,15,2023-11-10,45,2_Balanced (0.8-1.2)
2023-11-10 16:00:00,138,139.03838063804247,126.71515727631754,151.6248023087748,97,1.4081632653061225,0,1.172,11.72,10.96,129.42307033955578,1418.4768509215314,1380.0,38.47685092153142,16,2023-11-10,45,3_Mild surge (1.2-2.0)
2023-11-10 17:00:00,218,218.82337539244045,208.3378454849615,230.13831542993844,87,2.477272727272727,0,1.7128,17.128,12.5,186.4745142384632,2330.93142798079,2180.0,150.93142798078998,17,2023-11-10,45,4_Strong surge (>2.0)
2023-11-10 18:00:00,373,367.43830636565855,315.64952335196267,367.43830636565855,83,4.440476190476191,0,2.5,25.0,15.62,272.9808056261854,4263.960183881015,3730.0,533.9601838810149,18,2023-11-10,45,4_Strong surge (>2.0)
2023-11-10 19:00:00,354,334.72617576197405,331.01435031662123,387.0306100539568,68,5.130434782608695,0,2.5,25.0,17.96,234.95723860827383,4219.832005404598,3540.0,679.832005404598,19,2023-11-10,45,4_Strong surge (>2.0)
2023-11-10 20:00:00,259,262.15485665035914,251.96873971019824,275.454588449485,57,4.465517241379311,0,2.5,25.0,19.72,161.01447735046403,3175.2054933511504,2590.0,585.2054933511504,20,2023-11-10,45,4_Strong surge (>2.0)
2023-11-10 21:00:00,150,148.398028964916,139.26299102057774,152.53962272393642,60,2.459016393442623,0,1.7065,17.064999999999998,19.06,95.50040902233006,1820.2377959656108,1500.0,320.23779596561076,21,2023-11-10,45,4_Strong surge (>2.0)
2023-11-10 22:00:00,80,83.61597997136123,77.30573268295183,92.37218557337926,61,1.2903225806451613,0,1.1146,11.146,17.08,54.99820057710834,939.3692658570104,800.0,139.36926585701042,22,2023-11-10,45,3_Mild surge (1.2-2.0)
2023-11-10 23:00:00,45,48.00088801560449,45.91367940554549,49.95957358985864,56,0.7894736842105263,0,0.8837,8.837,15.02,33.84882214450307,508.4093086104361,450.0,58.409308610436085,23,2023-11-10,45,1_Low (DSR<0.8)
2023-11-11 00:00:00,39,39.03659944090854,38.17433987596583,40.42720061764277,49,0.78,0,0.8825,8.825,13.47,31.65973606678265,426.4566448195623,390.0,36.456644819562314,0,2023-11-11,45,1_Low (DSR<0.8)
2023-11-11 01:00:00,34,35.3002667648254,33.86537674504868,36.04927465982836,54,0.6181818181818182,0,0.8018,8.017999999999999,12.11,29.735689748729488,360.0992028571141,340.0,20.099202857114108,1,2023-11-11,45,1_Low (DSR<0.8)
2023-11-11 02:00:00,38,38.18211044302594,35.93403857014641,38.779698201087584,52,0.7169811320754716,0,0.8491,8.491,11.21,35.08000671288796,393.246875251474,380.0,13.246875251474023,2,2023-11-11,45,1_Low (DSR<0.8)
2023-11-11 03:00:00,40,40.82371993198767,38.65418215737913,40.82371993198767,52,0.7547169811320755,0,0.8705,8.705,10.58,38.45209653406294,406.8231813303859,400.0,6.823181330385921,3,2023-11-11,45,1_Low (DSR<0.8)
2023-11-11 04:00:00,43,43.19807285529057,40.93671735334147,44.06685951365154,52,0.8113207547169812,0,0.896,8.96,10.18,42.466357448193534,432.3075188226102,430.0,2.3075188226101773,4,2023-11-11,45,2_Balanced (0.8-1.2)
2023-11-11 05:00:00,41,39.86262438566848,38.96875947253768,41.86741269378979,58,0.6949152542372882,0,0.8384,8.384,9.73,41.79312717919305,406.6471274535484,410.0,-3.3528725464515787,5,2023-11-11,45,1_Low (DSR<0.8)
2023-11-11 06:00:00,57,52.023759202223744,49.71493071583399,59.60935003028074,57,0.9827586206896552,0,1.0,10.0,9.8,57.81181479205172,566.5557849621069,570.0,-3.444215037893059,6,2023-11-11,45,2_Balanced (0.8-1.2)
2023-11-11 07:00:00,126,125.19436812223609,125.19436812223609,130.54639901990402,56,2.210526315789474,0,1.5951,15.951,11.34,115.38288850624812,1308.4419556608536,1260.0,48.44195566085364,7,2023-11-11,45,4_Strong surge (>2.0)
2023-11-11 08:00:00,268,264.6551059493085,253.33150394952847,272.9213737129518,66,4.0,0,2.4723,24.723000000000003,14.69,204.7479381253552,3007.747211061468,2680.0,327.7472110614681,8,2023-11-11,45,4_Strong surge (>2.0)
2023-11-11 09:00:00,345,351.0339641673591,316.3164841459237,356.54054249891306,79,4.3125,0,2.5,25.0,17.27,235.350138802182,4064.4968971136823,3450.0,614.4968971136823,9,2023-11-11,45,4_Strong surge (>2.0)
2023-11-11 10:00:00,248,252.97950142523243,232.20642081254817,264.2695223796224,83,2.952380952380953,0,1.9388,19.388,17.8,165.63712326811012,2948.3407941723603,2480.0,468.34079417236035,10,2023-11-11,45,4_Strong surge (>2.0)
2023-11-11 11:00:00,120,125.767492928433,117.86546047657352,139.1749670242359,84,1.411764705882353,0,1.1755,11.755,16.29,85.2778980129609,1389.176958631133,1200.0,189.17695863113295,11,2023-11-11,45,3_Mild surge (1.2-2.0)
2023-11-11 12:00:00,142,142.55827018997758,130.85833954359018,156.09912028282875,81,1.7317073170731707,0,1.3298,13.298000000000002,15.54,104.29719637365416,1620.7784316465857,1420.0,200.77843164658566,12,2023-11-11,45,3_Mild surge (1.2-2.0)
2023-11-11 13:00:00,143,140.529571815336,125.86345144475791,149.1007277312996,84,1.6823529411764706,0,1.3081,13.081,14.93,108.0175125554468,1612.7014624528208,1430.0,182.7014624528208,13,2023-11-11,45,3_Mild surge (1.2-2.0)
2023-11-11 14:00:00,75,72.09360418055851,67.73738965439172,77.4497984324642,84,0.8823529411764706,0,0.9224,9.224,13.5,60.78936760859367,820.6564627160145,750.0,70.65646271601452,14,2023-11-11,45,2_Balanced (0.8-1.2)
2023-11-11 15:00:00,111,106.3988733062779,90.08732259108832,107.56462246253216,86,1.2758620689655171,0,1.1102,11.102,12.9,92.87742828696764,1198.1188249018826,1110.0,88.11882490188259,15,2023-11-11,45,3_Mild surge (1.2-2.0)
2023-11-11 16:00:00,156,156.6723228829082,145.71841995047228,165.57793521437682,89,1.7333333333333334,0,1.3408,13.408,13.03,129.6174601922834,1688.9155063054527,1560.0,128.9155063054527,16,2023-11-11,45,3_Mild surge (1.2-2.0)
2023-11-11 17:00:00,267,266.7939669882135,258.05786698150393,282.58713701112214,72,3.6575342465753424,0,2.2968,22.968000000000004,15.51,196.3735552525208,3045.753841966598,2670.0,375.753841966598,17,2023-11-11,45,4_Strong surge (>2.0)
2023-11-11 18:00:00,411,430.690008950857,347.9113410239928,446.6157619314068,64,6.323076923076923,0,2.5,25.0,17.88,273.6431378143528,4892.739304120627,4110.0,782.7393041206269,18,2023-11-11,45,4_Strong surge (>2.0)
2023-11-11 19:00:00,392,478.6522443654874,358.3880152321944,478.6522443654874,60,6.426229508196721,0,2.5,25.0,19.66,244.2179647224975,4801.325186444301,3920.0,881.3251864443009,19,2023-11-11,45,4_Strong surge (>2.0)
2023-11-11 20:00:00,325,316.68562337269503,301.5540166113079,384.3446901838237,56,5.701754385964913,0,2.5,25.0,21.0,193.34362399558188,4060.2161039072193,3250.0,810.2161039072193,20,2023-11-11,45,4_Strong surge (>2.0)
2023-11-11 21:00:00,176,179.92708871046284,178.56642544876615,213.15790652385013,48,3.591836734693877,0,2.2301,22.301,21.33,103.56644499952274,2209.07227183982,1760.0,449.07227183982013,21,2023-11-11,45,4_Strong surge (>2.0)
2023-11-11 22:00:00,88,85.3911705611256,82.90825472096107,95.63517087882364,58,1.4915254237288136,0,1.2182,12.182,19.04,56.06809639325228,1067.5365553275235,880.0,187.5365553275235,22,2023-11-11,45,3_Mild surge (1.2-2.0)
2023-11-11 23:00:00,55,55.3430658663861,50.84143225621471,59.3586861424477,52,1.0377358490566038,0,1.0,10.0,16.78,38.28320773105127,642.3922257270403,550.0,92.39222572704034,23,2023-11-11,45,2_Balanced (0.8-1.2)
2023-11-12 00:00:00,33,38.6381673494874,35.63797304635425,50.166006603681744,51,0.6346153846153846,0,0.8,8.0,14.59,25.332335755943564,369.5987786792166,330.0,39.59877867921659,0,2023-11-12,45,1_Low (DSR<0.8)
2023-11-12 01:00:00,34,34.15205295032503,33.1374622691523,51.97266256546115,48,0.6938775510204082,0,0.8,8.0,12.94,28.3873546543676,367.3323692275167,340.0,27.332369227516722,1,2023-11-12,45,1_Low (DSR<0.8)
2023-11-12 02:00:00,40,39.184474262248685,38.97221772052043,57.41511706062676,55,0.7142857142857143,0,0.8,8.0,11.71,35.81542959693355,419.3986805800919,400.0,19.398680580091877,2,2023-11-12,45,1_Low (DSR<0.8)
2023-11-12 03:00:00,40,47.52247529205304,40.04746451399896,53.492718825212286,52,0.7547169811320755,0,0.8409,8.408999999999999,10.88,37.7068075665684,410.25006632426425,400.0,10.250066324264253,3,2023-11-12,45,1_Low (DSR<0.8)
2023-11-12 04:00:00,38,37.42382162006874,37.34413273467808,57.79085063784925,53,0.7037037037037037,0,0.8,8.0,10.16,37.58010602579348,381.8138772220617,380.0,1.8138772220617057,4,2023-11-12,45,1_Low (DSR<0.8)
2023-11-12 05:00:00,33,35.66722743119254,35.66722743119254,50.865682608328505,50,0.6470588235294118,0,0.8,8.0,9.62,33.907157957555576,326.1868595516846,330.0,-3.81314044831538,5,2023-11-12,45,1_Low (DSR<0.8)
2023-11-12 06:00:00,48,49.9112024189295,47.75994013122414,50.99246642329719,52,0.9056603773584906,0,0.9438,9.438,9.57,49.499735799586944,473.7124716020471,480.0,-6.287528397952883,6,2023-11-12,45,2_Balanced (0.8-1.2)
2023-11-12 07:00:00,94,98.67576870891088,92.30650223220584,103.72212035886142,59,1.5666666666666669,0,1.2613,12.613,10.33,91.8877523669346,949.2004819504344,940.0,9.200481950434437,7,2023-11-12,45,3_Mild surge (1.2-2.0)
2023-11-12 08:00:00,249,243.3085031907349,228.9824743696176,252.01981744771825,68,3.608695652173913,0,2.2718,22.718,13.43,202.556478571624,2720.33350721691,2490.0,230.33350721691022,8,2023-11-12,45,4_Strong surge (>2.0)
2023-11-12 09:00:00,292,292.43358797327204,292.43358797327204,309.6489745604292,72,4.0,0,2.478,24.78,16.27,207.68807662180808,3379.085006636817,2920.0,459.08500663681707,9,2023-11-12,45,4_Strong surge (>2.0)
2023-11-12 10:00:00,209,214.08158155462525,214.08158155462525,243.47284165644328,73,2.824324324324324,0,1.873,18.73,16.89,144.81232670215255,2445.8801979993564,2090.0,355.88019799935637,10,2023-11-12,45,4_Strong surge (>2.0)
2023-11-12 11:00:00,120,116.50364039379237,105.5867354921974,119.92444134776332,100,1.188118811881188,0,1.074,10.74,15.35,88.90074085432845,1364.6263721139417,1200.0,164.62637211394167,11,2023-11-12,45,2_Balanced (0.8-1.2)
2023-11-12 12:00:00,117,119.03879456976529,111.6540516419428,128.8229762787772,80,1.4444444444444444,0,1.196,11.96,14.5,90.204511756859,1307.9654204744554,1170.0,137.9654204744554,12,2023-11-12,45,3_Mild surge (1.2-2.0)
2023-11-12 13:00:00,129,131.48314389070032,120.86737810528292,136.89090766972382,89,1.4333333333333331,0,1.1946,11.946000000000002,13.86,102.6491716547276,1422.7175191345243,1290.0,132.7175191345243,13,2023-11-12,45,3_Mild surge (1.2-2.0)
2023-11-12 14:00:00,63,67.05932831097712,61.3204398133642,76.1880445000585,78,0.7974683544303798,0,0.8693,8.693,12.57,53.679177789867296,674.747264818632,630.0,44.74726481863195,14,2023-11-12,45,1_Low (DSR<0.8)
2023-11-12 15:00:00,78,83.99825091385414,79.67676979600344,92.04644340278378,75,1.0263157894736843,0,1.0,10.0,11.93,68.93603368014425,822.4068818041209,780.0,42.40688180412087,15,2023-11-12,45,2_Balanced (0.8-1.2)
2023-11-12 16:00:00,137,141.1590044342678,133.1924304677069,151.23853977624432,81,1.670731707317073,0,1.3099,13.099,12.22,119.06132819056056,1454.92943048865,1370.0,84.92943048865004,16,2023-11-12,45,3_Mild surge (1.2-2.0)
2023-11-12 17:00:00,268,266.0344735309932,264.046066765352,276.1375955090686,76,3.4805194805194803,0,2.225,22.25,14.73,204.3585776209128,3010.201848356045,2680.0,330.20184835604505,17,2023-11-12,45,4_Strong surge (>2.0)
2023-11-12 18:00:00,337,338.93136582625294,328.5966041137554,346.1308742442704,73,4.554054054054054,0,2.5,25.0,17.3,229.61361107998687,3972.315471683774,3370.0,602.3154716837739,18,2023-11-12,45,4_Strong surge (>2.0)
2023-11-12 19:00:00,315,307.7008539838609,307.7008539838609,340.69047271479974,62,5.0,0,2.5,25.0,19.23,199.30814854353463,3832.695696492172,3150.0,682.6956964921719,19,2023-11-12,45,4_Strong surge (>2.0)
2023-11-12 20:00:00,296,295.626172060043,279.84903191656355,331.51287520579336,52,5.584905660377358,0,2.5,25.0,20.67,178.05467353741565,3680.3901020183816,2960.0,720.3901020183816,20,2023-11-12,45,4_Strong surge (>2.0)
2023-11-12 21:00:00,171,164.92639055784556,158.54936030656788,179.76507402279066,50,3.3529411764705883,0,2.1347,21.347,20.84,102.2745812832652,2131.402273943247,1710.0,421.4022739432471,21,2023-11-12,45,4_Strong surge (>2.0)
2023-11-12 22:00:00,87,85.62324560537063,81.56624444658448,93.61569033796978,58,1.4745762711864407,0,1.2115,12.115,18.66,56.21873964485411,1049.0416817729777,870.0,179.04168177297765,22,2023-11-12,45,3_Mild surge (1.2-2.0)
2023-11-12 23:00:00,58,51.965756734588496,49.03448030386271,57.36996749738848,56,1.0175438596491229,0,1.0,10.0,16.5,40.84973397347924,674.0206105624075,580.0,94.02061056240746,23,2023-11-12,45,2_Balanced (0.8-1.2)
2023-11-13 00:00:00,29,28.52299977873624,28.52299977873624,29.29341825294702,56,0.5087719298245614,0,0.8,8.0,14.38,22.488825659221927,323.3893129796113,290.0,33.389312979611304,0,2023-11-13,46,1_Low (DSR<0.8)
2023-11-13 01:00:00,26,25.98244852011089,25.810333605151133,27.30230428882481,60,0.4262295081967213,0,0.8,8.0,12.79,21.8858776402582,279.92037501890235,260.0,19.920375018902348,1,2023-11-13,46,1_Low (DSR<0.8)
2023-11-13 02:00:00,25,25.67977001994373,24.59238621718221,26.18780824480832,61,0.4032258064516129,0,0.8,8.0,11.59,22.546628212358403,261.3154209812339,250.0,11.315420981233899,2,2023-11-13,46,1_Low (DSR<0.8)
2023-11-13 03:00:00,29,28.72120290530209,28.32294844284645,29.28667261741216,59,0.4833333333333333,0,0.8,8.0,10.69,27.676655262515368,295.86344475628925,290.0,5.863444756289255,3,2023-11-13,46,1_Low (DSR<0.8)
2023-11-13 04:00:00,28,27.95444845700526,27.1457548130852,28.2965002547793,63,0.4375,0,0.8,8.0,10.02,27.96086652026949,280.16788253310034,280.0,0.16788253310033951,4,2023-11-13,46,1_Low (DSR<0.8)
2023-11-13 05:00:00,29,28.937507585702715,27.88647986137289,29.853243481502183,63,0.453125,0,0.8,8.0,9.52,30.01595281777263,285.7518708251954,290.0,-4.248129174804603,5,2023-11-13,46,1_Low (DSR<0.8)
2023-11-13 06:00:00,34,34.198588522817694,34.18731742264207,34.832687882904,59,0.5666666666666667,0,0.8,8.0,9.14,36.20900409777367,330.9502974536514,340.0,-9.049702546348612,6,2023-11-13,46,1_Low (DSR<0.8)
2023-11-13 07:00:00,81,80.88412034163338,69.97437181924545,84.93397364524137,68,1.173913043478261,0,1.0572,10.572,9.5,83.96117257602482,797.6311394722358,810.0,-12.368860527764241,7,2023-11-13,46,2_Balanced (0.8-1.2)
2023-11-13 08:00:00,158,152.29665772110735,142.61993512530327,177.43450004232093,85,1.837209302325581,0,1.3703,13.703,10.55,152.18798439843115,1605.5832354034487,1580.0,25.583235403448725,8,2023-11-13,46,3_Mild surge (1.2-2.0)
2023-11-13 09:00:00,224,224.5668299334162,215.98114802626324,234.57051759202804,90,2.4615384615384617,0,1.7094,17.094,12.19,195.00485515911177,2377.1091843895724,2240.0,137.10918438957242,9,2023-11-13,46,4_Strong surge (>2.0)
2023-11-13 10:00:00,189,184.8783960183353,171.1600978686805,194.13259563307489,92,2.032258064516129,0,1.488,14.88,12.86,158.48681076072162,2038.14038638288,1890.0,148.14038638288002,10,2023-11-13,46,4_Strong surge (>2.0)
2023-11-13 11:00:00,84,83.26858210193431,77.67985160569592,93.2302713751649,87,0.9545454545454546,0,1.0,10.0,12.14,73.33751758231723,890.3174634493313,840.0,50.317463449331285,11,2023-11-13,46,2_Balanced (0.8-1.2)
2023-11-13 12:00:00,80,81.43300593102262,80.78367725559117,86.90685009062074,101,0.7843137254901961,0,0.8822,8.822,11.31,73.39494739568632,830.0968550452122,800.0,30.096855045212237,12,2023-11-13,46,1_Low (DSR<0.8)
2023-11-13 13:00:00,78,79.24437426420641,76.32062312350939,85.29454551518761,104,0.7428571428571429,0,0.8568,8.568,10.62,74.78378479882913,794.2037945635653,780.0,14.203794563565339,13,2023-11-13,46,1_Low (DSR<0.8)
2023-11-13 14:00:00,54,52.45460636043797,49.48753119874572,55.847021336434985,84,0.6352941176470588,0,0.8031,8.031,9.97,54.11368995293172,539.5134888307293,540.0,-0.4865111692706705,14,2023-11-13,46,1_Low (DSR<0.8)
2023-11-13 15:00:00,66,61.1349949722269,58.227159396948096,65.91585307895929,98,0.6666666666666666,0,0.8179,8.179,9.52,68.31216848182736,650.3318439469964,660.0,-9.6681560530036,15,2023-11-13,46,1_Low (DSR<0.8)
2023-11-13 16:00:00,119,121.27324477125931,110.67284785530546,124.29384202833342,89,1.3222222222222222,0,1.1417,11.417,9.99,119.0833708687835,1189.642874979147,1190.0,-0.3571250208528909,16,2023-11-13,46,3_Mild surge (1.2-2.0)
2023-11-13 17:00:00,191,190.6310447369277,177.73519811456666,207.91884040803868,84,2.247058823529412,0,1.5852,15.852,11.46,173.62175223018036,1989.7052805578671,1910.0,79.70528055786713,17,2023-11-13,46,4_Strong surge (>2.0)
2023-11-13 18:00:00,271,266.4995912468309,253.1885724313587,276.6599178626699,73,3.6621621621621614,0,2.3004,23.004,14.35,210.4616447763561,3020.1246025407104,2710.0,310.1246025407104,18,2023-11-13,46,4_Strong surge (>2.0)
2023-11-13 19:00:00,244,241.1564371920304,241.1564371920304,264.18199851777894,68,3.536231884057971,0,2.2358,22.358,16.35,172.9527199827891,2827.776971718602,2440.0,387.776971718602,19,2023-11-13,46,4_Strong surge (>2.0)
2023-11-13 20:00:00,204,200.7838578694428,191.5424577716666,216.88921662364672,65,3.090909090909091,0,2.0069,20.069,17.28,139.1071813129376,2403.7720930875616,2040.0,363.77209308756164,20,2023-11-13,46,4_Strong surge (>2.0)
2023-11-13 21:00:00,113,116.35872329268638,111.25978157577649,124.6472208906121,58,1.915254237288136,0,1.4327,14.327000000000002,16.54,79.45177239899493,1314.132315479376,1130.0,184.13231547937608,21,2023-11-13,46,3_Mild surge (1.2-2.0)
2023-11-13 22:00:00,60,58.05156171210594,56.36511693342494,65.12473512775881,64,0.9230769230769232,0,0.9401,9.401,14.76,45.686806303961504,674.3372610464718,600.0,74.33726104647178,22,2023-11-13,46,2_Balanced (0.8-1.2)
2023-11-13 23:00:00,36,37.69060382872415,36.91192366133198,39.59270891255333,57,0.6206896551724138,0,0.8019,8.019,13.07,29.84761192741688,390.10828789133865,360.0,30.108287891338648,23,2023-11-13,46,1_Low (DSR<0.8)
2023-11-14 00:00:00,28,28.330392777551545,27.29589677571052,29.06929533290893,63,0.4375,0,0.8,8.0,11.8,24.93679449296352,294.25417501696955,280.0,14.254175016969555,0,2023-11-14,46,1_Low (DSR<0.8)
2023-11-14 01:00:00,29,29.29918534366668,28.44880685015323,30.35113510293421,60,0.4754098360655737,0,0.8,8.0,10.85,27.39032473274689,297.18502335030377,290.0,7.185023350303766,1,2023-11-14,46,1_Low (DSR<0.8)
2023-11-14 02:00:00,30,29.77417729013628,29.47677889929165,30.279108146152925,61,0.4838709677419355,0,0.8,8.0,10.14,29.70945508109256,301.2538745222785,300.0,1.2538745222785224,2,2023-11-14,46,1_Low (DSR<0.8)
2023-11-14 03:00:00,22,23.26259844693323,22.6553382287946,25.17693520232218,60,0.360655737704918,0,0.8,8.0,9.61,22.62123489747793,217.3900673647629,220.0,-2.609932635237101,3,2023-11-14,46,1_Low (DSR<0.8)
2023-11-14 04:00:00,27,26.969008241166662,26.95982935970476,27.895791151917354,62,0.4285714285714285,0,0.8,8.0,9.21,28.60105301668179,263.4156982836393,270.0,-6.584301716360699,4,2023-11-14,46,1_Low (DSR<0.8)
2023-11-14 05:00:00,29,29.578011350247543,29.578011350247543,31.11956444624777,51,0.5576923076923077,0,0.8,8.0,8.91,31.440077294813037,280.1310886967841,290.0,-9.868911303215896,5,2023-11-14,46,1_Low (DSR<0.8)
2023-11-14 06:00:00,43,42.68277686493164,40.37104955338754,44.00541894170436,55,0.7678571428571429,0,0.8729,8.729,8.86,46.80204720004119,414.6661381923649,430.0,-15.333861807635117,6,2023-11-14,46,1_Low (DSR<0.8)
2023-11-14 07:00:00,75,79.13703121046339,73.63848024921822,83.78091687075376,71,1.0416666666666667,0,1.0015,10.015,9.15,79.81168825818175,730.276947562363,750.0,-19.723052437636966,7,2023-11-14,46,2_Balanced (0.8-1.2)
2023-11-14 08:00:00,180,190.65464810767708,163.59596190660903,204.63813768804823,68,2.608695652173913,0,1.7464,17.464,11.23,165.9612417831073,1863.7447452242952,1800.0,63.74474522429523,8,2023-11-14,46,4_Strong surge (>2.0)
2023-11-14 09:00:00,269,267.86394565255296,243.36014310209487,268.43378403752064,82,3.240963855421686,0,2.0908,20.908,13.65,216.35125762134643,2953.194666531379,2690.0,263.19466653137897,9,2023-11-14,46,4_Strong surge (>2.0)
2023-11-14 10:00:00,160,163.32280028910475,153.5840048629575,168.85954702600608,91,1.7391304347826086,0,1.3505,13.505,13.61,128.94939088521636,1755.001209947795,1600.0,155.0012099477949,10,2023-11-14,46,3_Mild surge (1.2-2.0)
2023-11-14 11:00:00,97,97.55805236200472,91.47234699660864,100.14698129542508,91,1.0543478260869563,0,1.0136,10.136,12.74,81.87534342892731,1043.091875284534,970.0,73.0918752845339,11,2023-11-14,46,2_Balanced (0.8-1.2)
2023-11-14 12:00:00,90,91.04572128694277,84.13168613919983,93.5148649930831,95,0.9375,0,0.9539,9.539,11.94,79.49493904725641,949.1695722242416,900.0,49.16957222424162,12,2023-11-14,46,2_Balanced (0.8-1.2)
2023-11-14 13:00:00,86,86.43129793725612,81.92947586186024,88.95125698647722,102,0.8349514563106796,0,0.9064,9.064,11.22,79.34205621771218,890.2178707627307,860.0,30.21787076273074,13,2023-11-14,46,2_Balanced (0.8-1.2)
2023-11-14 14:00:00,49,48.78762041405304,45.44717197247814,52.74996398844042,105,0.4622641509433962,0,0.8,8.0,10.42,47.60895804619269,496.0853428413278,490.0,6.085342841327815,14,2023-11-14,46,1_Low (DSR<0.8)
2023-11-14 15:00:00,65,66.41947205944899,60.25221042193086,72.35872370111846,91,0.7065217391304348,0,0.8303,8.303,9.89,65.50522648010356,647.8466898882242,650.0,-2.153310111775795,15,2023-11-14,46,1_Low (DSR<0.8)
2023-11-14 16:00:00,158,149.17633665474094,124.20129950656045,149.8975077048131,88,1.7752808988764044,0,1.352,13.52,10.8,149.71332581014738,1616.903918749592,1580.0,36.903918749592094,16,2023-11-14,46,3_Mild surge (1.2-2.0)
2023-11-14 17:00:00,225,223.4227406433781,206.98225947239408,234.6105302937497,81,2.7439024390243905,0,1.8374,18.374,12.69,190.4405305219259,2416.690332323239,2250.0,166.6903323232391,17,2023-11-14,46,4_Strong surge (>2.0)
2023-11-14 18:00:00,301,297.09953477737906,277.24325355849413,307.49283374779145,67,4.426470588235294,0,2.5,25.0,15.77,218.8186378745977,3450.7699192824057,3010.0,440.7699192824057,18,2023-11-14,46,4_Strong surge (>2.0)
2023-11-14 19:00:00,287,284.15666034913994,266.3286450718494,284.15666034913994,69,4.1,0,2.5,25.0,18.08,189.6020368002613,3428.004825348724,2870.0,558.0048253487239,19,2023-11-14,46,4_Strong surge (>2.0)
2023-11-14 20:00:00,185,190.7947335872271,188.3705059935684,203.79629756941648,63,2.890625,0,1.9218,19.218,18.36,120.9096195395534,2219.9006147462,1850.0,369.90061474620006,20,2023-11-14,46,4_Strong surge (>2.0)
2023-11-14 21:00:00,131,128.50992082917824,117.50301118553637,136.02016558703937,64,2.015384615384616,0,1.4754,14.754,17.46,88.68299018578415,1548.4050086437912,1310.0,238.40500864379123,21,2023-11-14,46,4_Strong surge (>2.0)
2023-11-14 22:00:00,74,72.50123017569916,59.83545064800633,79.16073857170124,57,1.2758620689655171,0,1.0931,10.931,15.83,53.65313204420066,849.3290802596964,740.0,109.32908025969641,22,2023-11-14,46,3_Mild surge (1.2-2.0)
2023-11-14 23:00:00,38,39.712556710185225,37.49205400701236,41.10335754434217,56,0.6666666666666666,0,0.8222,8.222000000000001,13.93,30.131296227285382,419.72895644608536,380.0,39.72895644608536,23,2023-11-14,46,1_Low (DSR<0.8)
2023-11-15 00:00:00,32,32.108272944883474,30.977880817163165,32.41269977197312,60,0.5245901639344263,0,0.8,8.0,12.45,27.449310022795803,341.74390978380774,320.0,21.743909783807737,0,2023-11-15,46,1_Low (DSR<0.8)
2023-11-15 01:00:00,32,31.65092771558371,30.86260167938337,31.879541214059547,63,0.5,0,0.8,8.0,11.34,29.303590731745555,332.30271889799457,320.0,12.302718897994566,1,2023-11-15,46,1_Low (DSR<0.8)
2023-11-15 02:00:00,35,34.34514144431806,33.512650162789015,35.31783390166104,61,0.5645161290322581,0,0.8,8.0,10.5,33.82482318074684,355.1606433978418,350.0,5.160643397841795,2,2023-11-15,46,1_Low (DSR<0.8)
2023-11-15 03:00:00,29,29.136303007552502,28.322018297689123,29.480174890479635,61,0.4677419354838709,0,0.8,8.0,9.88,29.246111856242933,288.9515851396802,290.0,-1.048414860319781,3,2023-11-15,46,1_Low (DSR<0.8)
2023-11-15 04:00:00,27,27.385036598825167,26.73508300819711,27.666286406241326,64,0.4153846153846154,0,0.8,8.0,9.41,28.17416331793724,265.1188768217894,270.0,-4.881123178210601,4,2023-11-15,46,1_Low (DSR<0.8)
2023-11-15 05:00:00,30,29.734711274261983,29.734711274261983,30.38703480688056,57,0.5172413793103449,0,0.8,8.0,9.06,32.14633871044775,291.24582871665666,300.0,-8.75417128334334,5,2023-11-15,46,1_Low (DSR<0.8)
2023-11-15 06:00:00,44,43.31487600429077,40.52294080734628,44.72340078682885,59,0.7333333333333333,0,0.8543,8.543,8.93,47.6273760298155,425.3124679462524,440.0,-14.687532053747589,6,2023-11-15,46,1_Low (DSR<0.8)
2023-11-15 07:00:00,72,75.91569844729126,70.04283880668413,79.50275611196722,76,0.935064935064935,0,0.9497,9.497,9.07,77.09165966934032,699.2213532009167,720.0,-20.778646799083276,7,2023-11-15,46,2_Balanced (0.8-1.2)
2023-11-15 08:00:00,154,156.17765750384348,150.4842332748998,168.2949697378765,76,2.0,0,1.4745,14.745,10.49,148.9285218660557,1562.260194374924,1540.0,22.260194374923913,8,2023-11-15,46,4_Strong surge (>2.0)
2023-11-15 09:00:00,246,244.5994416168677,240.82257759818745,256.9949475861946,79,3.075,0,2.0174,20.174,12.91,205.7248420311225,2655.9077106217915,2460.0,195.90771062179147,9,2023-11-15,46,4_Strong surge (>2.0)
2023-11-15 10:00:00,176,174.4706676572549,163.56788840887884,178.74828820224906,88,1.9775280898876404,0,1.4694,14.694,13.36,143.6971474932201,1919.79389050942,1760.0,159.79389050941995,10,2023-11-15,46,3_Mild surge (1.2-2.0)
2023-11-15 11:00:00,96,97.98599109546682,95.05745517267358,106.08895006511064,91,1.0434782608695652,0,1.0047,10.047,12.53,81.97954117987413,1027.2036509838229,960.0,67.20365098382285,11,2023-11-15,46,2_Balanced (0.8-1.2)
2023-11-15 12:00:00,106,102.39339058215944,93.83214285958444,102.39339058215944,101,1.03921568627451,0,1.0069,10.069,11.91,93.79239639606548,1117.0674410771398,1060.0,57.06744107713985,12,2023-11-15,46,2_Balanced (0.8-1.2)
2023-11-15 13:00:00,88,88.92817754070391,88.92817754070391,92.22378908922512,95,0.9166666666666666,0,0.9531,9.531,11.32,80.68451139233836,913.3486689612704,880.0,33.34866896127039,13,2023-11-15,46,2_Balanced (0.8-1.2)
2023-11-15 14:00:00,46,49.97980922899741,47.822463902815976,59.22980915111086,101,0.4509803921568627,0,0.8,8.0,10.49,44.4851428950556,466.6491489691332,460.0,6.6491489691331935,14,2023-11-15,46,1_Low (DSR<0.8)
2023-11-15 15:00:00,82,78.33863252485703,68.28073365243083,81.22657754760817,92,0.8817204301075269,0,0.9178,9.178,10.16,81.09391300302804,823.9141561107649,820.0,3.9141561107649068,15,2023-11-15,46,2_Balanced (0.8-1.2)
2023-11-15 16:00:00,120,125.39289605612034,120.80705421092252,135.28325315832757,80,1.4814814814814814,0,1.2194,12.194,10.67,114.67431443763894,1223.5749350496076,1200.0,23.574935049607575,16,2023-11-15,46,3_Mild surge (1.2-2.0)
2023-11-15 17:00:00,198,198.24460242565235,191.2959038730092,215.3671640915172,87,2.25,0,1.5956,15.956,11.99,174.37802802848583,2090.792556061545,1980.0,110.79255606154493,17,2023-11-15,46,4_Strong surge (>2.0)
2023-11-15 18:00:00,308,304.65327851387514,282.4723415210202,306.9750720617709,78,3.8987341772151898,0,2.4199,24.199,15.04,231.4606834293145,3481.1686787768904,3080.0,401.1686787768904,18,2023-11-15,46,4_Strong surge (>2.0)
2023-11-15 19:00:00,274,282.3249714007437,267.79026453065416,290.49757224639984,71,3.8055555555555554,0,2.3739,23.739,17.21,187.3716812255395,3224.666633891535,2740.0,484.6666338915352,19,2023-11-15,46,4_Strong surge (>2.0)
2023-11-15 20:00:00,214,212.71062229296825,202.7391347038775,229.09121161368904,58,3.6271186440677967,0,2.2708,22.708,18.58,138.70169761890173,2577.077541759194,2140.0,437.077541759194,20,2023-11-15,46,4_Strong surge (>2.0)
2023-11-15 21:00:00,135,135.3944092309876,122.3648253367866,138.89623371537425,57,2.327586206896552,0,1.6335,16.335,18.02,89.39339222789239,1610.868927946621,1350.0,260.86892794662094,21,2023-11-15,46,4_Strong surge (>2.0)
2023-11-15 22:00:00,76,77.1288765538929,69.28457786483796,83.66836102051353,61,1.2258064516129032,0,1.0822,10.822,16.22,54.17239012149347,878.676167770624,760.0,118.67616777062403,22,2023-11-15,46,3_Mild surge (1.2-2.0)
2023-11-15 23:00:00,40,40.509313451945246,37.932426888629486,41.20082837422352,66,0.5970149253731343,0,0.8,8.0,14.16,31.355643205159765,443.9959077850623,400.0,43.995907785062286,23,2023-11-15,46,1_Low (DSR<0.8)
2023-11-16 00:00:00,35,34.2211300118024,34.09186902286724,34.96882794754473,60,0.5737704918032787,0,0.8,8.0,12.62,29.739009245476726,375.3062966779162,350.0,25.30629667791618,0,2023-11-16,46,1_Low (DSR<0.8)
2023-11-16 01:00:00,26,26.7438775811132,26.37370146123332,27.37115829376533,62,0.4126984126984127,0,0.8,8.0,11.46,23.6343746491345,270.8499334790814,260.0,10.849933479081415,1,2023-11-16,46,1_Low (DSR<0.8)
2023-11-16 02:00:00,33,32.89145110490622,31.779613530515924,33.17772655026452,59,0.55,0,0.8,8.0,10.6,31.681069497896797,335.819336677706,330.0,5.819336677706019,2,2023-11-16,46,1_Low (DSR<0.8)
2023-11-16 03:00:00,29,28.71374997387672,28.5403309679792,29.78673087355593,55,0.5178571428571429,0,0.8,8.0,9.95,29.10193332520789,289.5642365858185,290.0,-0.4357634141815083,3,2023-11-16,46,1_Low (DSR<0.8)
2023-11-16 04:00:00,34,33.805750126452224,32.231256491251834,34.17026984809977,64,0.5230769230769231,0,0.8,8.0,9.46,35.347208493320466,334.38459234681164,340.0,-5.615407653188356,4,2023-11-16,46,1_Low (DSR<0.8)
2023-11-16 05:00:00,32,31.736106359097725,31.33466180230507,32.13557030067359,63,0.5,0,0.8,8.0,9.1,34.18385232844277,311.0730561888292,320.0,-8.926943811170815,5,2023-11-16,46,1_Low (DSR<0.8)
2023-11-16 06:00:00,38,37.45356519866471,35.618915335491856,39.25528992651834,63,0.59375,0,0.8,8.0,8.82,41.49116096719864,365.952039730692,380.0,-14.047960269308021,6,2023-11-16,46,1_Low (DSR<0.8)
2023-11-16 07:00:00,91,88.67480060496393,79.60730241774694,93.21424879059188,68,1.318840579710145,0,1.133,11.33,9.45,94.67583113378004,894.6866042142212,910.0,-15.313395785778766,7,2023-11-16,46,3_Mild surge (1.2-2.0)
2023-11-16 08:00:00,201,198.96003792222243,178.60922340145325,198.96003792222243,80,2.4814814814814814,0,1.7142,17.142,11.37,183.72308620291065,2088.931490127094,2010.0,78.9314901270941,8,2023-11-16,46,4_Strong surge (>2.0)
2023-11-16 09:00:00,266,267.1356392234752,254.1246925367712,288.132263039054,90,2.923076923076923,0,1.9242,19.242,13.34,217.40651576025436,2900.202920241793,2660.0,240.20292024179298,9,2023-11-16,46,4_Strong surge (>2.0)
2023-11-16 10:00:00,173,168.6200949338534,149.83160959155288,168.6200949338534,101,1.696078431372549,0,1.3256,13.255999999999998,13.32,141.54454794680757,1885.373378651477,1730.0,155.37337865147697,10,2023-11-16,46,3_Mild surge (1.2-2.0)
2023-11-16 11:00:00,95,97.93658751050955,93.1110959219818,98.8444867910394,102,0.9223300970873788,0,0.9528,9.528,12.37,81.85869476490619,1012.5920542418896,950.0,62.59205424188963,11,2023-11-16,46,2_Balanced (0.8-1.2)
2023-11-16 12:00:00,102,103.72696701792216,101.56686568531708,108.922233588372,99,1.02,0,1.0,10.0,11.78,90.94911311991144,1071.3805525525563,1020.0,51.38055255255631,12,2023-11-16,46,2_Balanced (0.8-1.2)
2023-11-16 13:00:00,95,94.97438698172256,92.7701253494912,100.37422958349812,92,1.021505376344086,0,1.0,10.0,11.33,87.04877590752274,986.2626310322328,950.0,36.262631032232775,13,2023-11-16,46,2_Balanced (0.8-1.2)
2023-11-16 14:00:00,59,56.122059260977885,53.37188085241625,58.4349492284409,100,0.5841584158415841,0,0.8,8.0,10.5,57.01898764754468,598.6993702992191,590.0,8.69937029921914,14,2023-11-16,46,1_Low (DSR<0.8)
2023-11-16 15:00:00,61,63.642586719460176,63.27453231836451,70.23801591795761,98,0.6161616161616161,0,0.8,8.0,9.88,61.51768355968341,607.7947135696721,610.0,-2.205286430327874,15,2023-11-16,46,1_Low (DSR<0.8)
2023-11-16 16:00:00,138,136.17344598891302,123.46418945564876,137.4260514227447,95,1.4375,0,1.2001,12.001,10.41,134.17251971101464,1396.7359301916624,1380.0,16.73593019166242,16,2023-11-16,46,3_Mild surge (1.2-2.0)
2023-11-16 17:00:00,217,210.66542043715648,183.0132985566846,214.24958716298727,92,2.333333333333333,0,1.6298,16.298,11.88,192.3482437917036,2285.0971362454397,2170.0,115.09713624543974,17,2023-11-16,46,4_Strong surge (>2.0)
2023-11-16 18:00:00,272,269.5547610806971,269.5547610806971,285.6974787172136,77,3.4871794871794872,0,2.2235,22.235,14.47,210.010462927678,3038.851398563501,2720.0,318.8513985635009,18,2023-11-16,46,4_Strong surge (>2.0)
2023-11-16 19:00:00,275,274.90720681602795,259.26833362035734,278.32442088151714,78,3.481012658227848,0,2.2173,22.173,16.4,194.51002971387425,3189.9644873075367,2750.0,439.96448730753673,19,2023-11-16,46,4_Strong surge (>2.0)
2023-11-16 20:00:00,218,220.2857039879712,217.2666125146468,242.9880186101492,54,3.963636363636364,0,2.4385,24.385,18.4,142.26039738239712,2617.591311836107,2180.0,437.5913118361068,20,2023-11-16,46,4_Strong surge (>2.0)
2023-11-16 21:00:00,100,107.2525787955454,105.25071801484718,116.21589632601292,62,1.5873015873015872,0,1.274,12.74,16.98,69.03091339376599,1172.1449094261466,1000.0,172.14490942614657,21,2023-11-16,46,3_Mild surge (1.2-2.0)
2023-11-16 22:00:00,68,71.05352647533276,67.31216385825654,78.7884555007969,57,1.1724137931034482,0,1.0603,10.603,15.39,50.2853964927511,773.8922520234394,680.0,93.89225202343937,22,2023-11-16,46,2_Balanced (0.8-1.2)
2023-11-16 23:00:00,40,44.280758313793726,43.21571121621935,45.192126678634025,54,0.7272727272727273,0,0.858,8.58,13.69,32.10536248205611,439.5224123793481,400.0,39.52241237934811,23,2023-11-16,46,1_Low (DSR<0.8)
2023-11-17 00:00:00,37,37.08460605661004,36.24514574636902,37.78569363056938,59,0.6166666666666667,0,0.8034,8.034,12.28,32.045191209258284,393.5149480496917,370.0,23.514948049691725,0,2023-11-17,46,1_Low (DSR<0.8)
2023-11-17 01:00:00,33,33.40773291552277,32.19221688867416,34.09310257249875,55,0.5892857142857143,0,0.8,8.0,11.21,30.46421635592901,341.50386534996426,330.0,11.503865349964258,1,2023-11-17,46,1_Low (DSR<0.8)
2023-11-17 02:00:00,35,35.059394068625856,33.93777560195445,35.25627948595214,59,0.5833333333333334,0,0.8,8.0,10.41,34.02926224554719,354.2446199761462,350.0,4.244619976146225,2,2023-11-17,46,1_Low (DSR<0.8)
2023-11-17 03:00:00,40,38.97905936489786,37.72252039530539,39.65580586145672,60,0.6557377049180327,0,0.8219,8.219,9.86,40.396724347787256,398.31170206918233,400.0,-1.6882979308176687,3,2023-11-17,46,1_Low (DSR<0.8)
2023-11-17 04:00:00,39,38.09951992970232,36.93315043994567,38.39494397120135,64,0.6,0,0.8,8.0,9.39,40.75666994690065,382.7051308013972,390.0,-7.2948691986027825,4,2023-11-17,46,1_Low (DSR<0.8)
2023-11-17 05:00:00,39,38.67553354374675,38.51183883380246,39.051110712316216,55,0.6964285714285714,0,0.8465,8.465,9.16,41.47035713649009,379.8684713702492,390.0,-10.13152862975079,5,2023-11-17,46,1_Low (DSR<0.8)
2023-11-17 06:00:00,45,43.74478794966144,40.83741763149252,45.91054260682689,63,0.703125,0,0.8371,8.370999999999999,8.96,48.59559534196028,435.4165342639642,450.0,-14.583465736035805,6,2023-11-17,46,1_Low (DSR<0.8)
2023-11-17 07:00:00,104,102.67391123910632,93.03565009421705,106.4077905200928,69,1.4857142857142858,0,1.2188,12.188,9.77,105.70782685923922,1032.7654684147672,1040.0,-7.234531585232844,7,2023-11-17,46,3_Mild surge (1.2-2.0)
2023-11-17 08:00:00,213,214.1232455970564,206.1611604948403,224.96226856193425,82,2.566265060240964,0,1.7598,17.598,11.73,190.48947942752136,2234.4415936848254,2130.0,104.44159368482542,8,2023-11-17,46,4_Strong surge (>2.0)
2023-11-17 09:00:00,288,289.79553606206963,258.0738893887363,291.7159275683865,83,3.4285714285714284,0,2.1759,21.759,14.24,224.8720583781835,3202.178111305333,2880.0,322.178111305333,9,2023-11-17,46,4_Strong surge (>2.0)
2023-11-17 10:00:00,225,225.1241237270516,210.6807048826548,237.6370969019932,84,2.647058823529412,0,1.7909,17.909,15.16,168.14853087381712,2549.131728047068,2250.0,299.131728047068,10,2023-11-17,46,4_Strong surge (>2.0)
2023-11-17 11:00:00,109,110.18486428722936,101.16446067283464,116.42376793853096,89,1.211111111111111,0,1.0828,10.828,14.08,85.78367341202963,1207.8341216413771,1090.0,117.83412164137712,11,2023-11-17,46,3_Mild surge (1.2-2.0)
2023-11-17 12:00:00,133,131.27965868092218,116.27893209318492,132.51214972286417,92,1.4301075268817205,0,1.1927,11.927,13.54,107.57678870248068,1456.5897190315882,1330.0,126.58971903158817,12,2023-11-17,46,3_Mild surge (1.2-2.0)
2023-11-17 13:00:00,109,107.53621000934292,101.3123503806728,107.62135560158308,103,1.0480769230769231,0,1.0151,10.151,12.69,92.25785700839964,1170.752205436591,1090.0,80.75220543659111,13,2023-11-17,46,2_Balanced (0.8-1.2)
2023-11-17 14:00:00,67,64.97639732758329,64.97639732758329,71.50443051062041,108,0.6146788990825688,0,0.8,8.0,11.52,60.681745868755,699.0537124080575,670.0,29.05371240805755,14,2023-11-17,46,1_Low (DSR<0.8)
2023-11-17 15:00:00,94,91.9969887909811,82.44691429156113,95.42769017934909,93,1.0,0,1.0,10.0,11.14,87.15819346560612,970.9422752068522,940.0,30.942275206852173,15,2023-11-17,46,2_Balanced (0.8-1.2)
2023-11-17 16:00:00,169,164.49225253165025,145.9485646403861,165.0675636575325,95,1.7604166666666667,0,1.3563,13.563,11.75,150.9594128490895,1773.7731009768015,1690.0,83.77310097680152,16,2023-11-17,46,3_Mild surge (1.2-2.0)
2023-11-17 17:00:00,230,230.24482196361632,218.0421656995997,237.54908486197897,78,2.911392405063291,0,1.9309,19.309,13.64,185.07926954426347,2524.481236583754,2300.0,224.4812365837538,17,2023-11-17,46,4_Strong surge (>2.0)
2023-11-17 18:00:00,350,351.9644457044545,314.39518389179955,351.9644457044545,78,4.430379746835443,0,2.5,25.0,16.48,246.7163885557007,4065.886083397948,3500.0,565.8860833979479,18,2023-11-17,46,4_Strong surge (>2.0)
2023-11-17 19:00:00,361,354.2010074916074,324.1598337536653,362.961104275535,72,4.945205479452055,0,2.5,25.0,18.61,233.71400662767505,4349.4176633410325,3610.0,739.4176633410325,19,2023-11-17,46,4_Strong surge (>2.0)
2023-11-17 20:00:00,276,266.60291087541526,253.6579383946369,279.7316652651608,55,4.928571428571429,0,2.5,25.0,20.21,168.66022004673292,3408.6230471444724,2760.0,648.6230471444724,20,2023-11-17,46,4_Strong surge (>2.0)
2023-11-17 21:00:00,142,139.44973067966717,123.249626965582,148.29249340506706,59,2.3666666666666667,0,1.6383,16.383000000000003,19.25,89.78149456480595,1728.2937703725147,1420.0,308.2937703725147,21,2023-11-17,46,4_Strong surge (>2.0)
2023-11-17 22:00:00,79,80.22537407237064,68.83840164254532,86.05540125014657,63,1.234375,0,1.0817,10.817,17.14,54.17756963112191,928.6035434774296,790.0,138.60354347742964,22,2023-11-17,46,3_Mild surge (1.2-2.0)
2023-11-17 23:00:00,54,51.00192755249482,45.4996194866958,55.69282223521228,50,1.0588235294117647,0,0.9991,9.991,15.35,40.0053333844478,614.0818674512738,540.0,74.08186745127375,23,2023-11-17,46,2_Balanced (0.8-1.2)
2023-11-18 00:00:00,38,37.606572141576464,37.2025081128116,38.74336259805594,57,0.6551724137931034,0,0.8226,8.225999999999999,13.57,30.6886442837833,416.4449029309394,380.0,36.444902930939406,0,2023-11-18,46,1_Low (DSR<0.8)
2023-11-18 01:00:00,40,39.574984417355296,38.641049991907465,40.23940133936865,54,0.7272727272727273,0,0.8585,8.585,12.32,34.56467644334626,425.8368137820259,400.0,25.8368137820259,1,2023-11-18,46,1_Low (DSR<0.8)
2023-11-18 02:00:00,46,44.557634848303074,42.02551555855904,46.753393201794864,55,0.8214285714285714,0,0.8965,8.965,11.48,41.7636560136117,479.4467710362624,460.0,19.44677103626242,2,2023-11-18,46,2_Balanced (0.8-1.2)
2023-11-18 03:00:00,40,41.05814993070561,38.79426713582334,41.05814993070561,52,0.7547169811320755,0,0.8703,8.703,10.79,37.92669333163901,409.2290210483849,400.0,9.22902104838488,3,2023-11-18,46,1_Low (DSR<0.8)
2023-11-18 04:00:00,38,38.81608907233527,38.11393327988628,40.25093424729528,48,0.7755102040816326,0,0.8806,8.806000000000001,10.29,37.247131678080656,383.27298496744993,380.0,3.272984967449929,4,2023-11-18,46,1_Low (DSR<0.8)
2023-11-18 05:00:00,39,39.08690933450547,37.71161310560901,39.81927666442881,55,0.6964285714285714,0,0.8415,8.415000000000001,9.82,39.49904228125727,387.8805952019464,390.0,-2.1194047980536084,5,2023-11-18,46,1_Low (DSR<0.8)
2023-11-18 06:00:00,55,54.52236305414271,50.88807082338803,56.927206525150254,53,1.0185185185185186,0,1.0,10.0,9.87,55.506096019873226,547.8451677161487,550.0,-2.154832283851306,6,2023-11-18,46,2_Balanced (0.8-1.2)
2023-11-18 07:00:00,102,102.53414173872682,100.0431865476374,109.90332567752868,61,1.6451612903225807,0,1.3037,13.037,10.66,97.5371650393248,1039.7461793192024,1020.0,19.746179319202383,7,2023-11-18,46,3_Mild surge (1.2-2.0)
2023-11-18 08:00:00,242,240.32468924410452,233.49599785459608,250.6587397353797,73,3.27027027027027,0,2.1124,21.124,13.28,198.41601064666563,2634.9646213877195,2420.0,214.9646213877195,8,2023-11-18,46,4_Strong surge (>2.0)
2023-11-18 09:00:00,341,342.6392680776542,316.7020450098479,348.2547565977813,78,4.316455696202532,0,2.5,25.0,16.21,243.16791364343888,3941.751880160145,3410.0,531.751880160145,9,2023-11-18,46,4_Strong surge (>2.0)
2023-11-18 10:00:00,274,272.06204410736404,238.18191828395263,292.5492517238101,90,3.010989010989011,0,1.9456,19.456,17.02,188.83342651926236,3213.944919357845,2740.0,473.9449193578448,10,2023-11-18,46,4_Strong surge (>2.0)
2023-11-18 11:00:00,137,134.1032952014367,119.20532555639146,138.79817859024095,85,1.5930232558139534,0,1.2683,12.683,15.94,98.85047151106583,1575.6765158863896,1370.0,205.67651588638955,11,2023-11-18,46,3_Mild surge (1.2-2.0)
2023-11-18 12:00:00,126,131.97369552811787,129.19828305779572,138.5994758990187,84,1.4823529411764709,0,1.228,12.28,15.03,94.73255675215364,1423.8303279848692,1260.0,163.8303279848692,12,2023-11-18,46,3_Mild surge (1.2-2.0)
2023-11-18 13:00:00,137,134.80083894967137,121.91334085846285,151.20045229616474,87,1.556818181818182,0,1.2371,12.371,14.37,106.29206133541948,1527.416921389978,1370.0,157.41692138997792,13,2023-11-18,46,3_Mild surge (1.2-2.0)
2023-11-18 14:00:00,71,71.74360364866773,66.20693773254708,78.32232699307042,89,0.7888888888888889,0,0.8721,8.721,12.96,59.21542459183148,767.431902710136,710.0,57.431902710136,14,2023-11-18,46,1_Low (DSR<0.8)
2023-11-18 15:00:00,86,87.67829507287354,85.5100394991181,97.61702506426782,90,0.945054945054945,0,0.9526,9.526,12.1,75.25731020766403,910.6134535127348,860.0,50.61345351273485,15,2023-11-18,46,2_Balanced (0.8-1.2)
2023-11-18 16:00:00,174,176.25937745166894,157.55883110286052,180.05923248917304,74,2.32,0,1.6284,16.284,13.15,143.64854165082838,1888.9783227083933,1740.0,148.9783227083933,16,2023-11-18,46,4_Strong surge (>2.0)
2023-11-18 17:00:00,328,330.22998069557167,290.74719106404586,334.3051723854545,75,4.315789473684211,0,2.5,25.0,16.11,234.91295363175385,3784.447683007554,3280.0,504.44768300755413,17,2023-11-18,46,4_Strong surge (>2.0)
2023-11-18 18:00:00,389,367.1661455904754,342.24027970562395,396.2413469578808,75,5.118421052631579,0,2.5,25.0,18.33,254.52818219958755,4665.50157971844,3890.0,775.5015797184396,18,2023-11-18,46,4_Strong surge (>2.0)
2023-11-18 19:00:00,384,421.02092539841607,356.9526946214861,421.02092539841607,60,6.295081967213115,0,2.5,25.0,20.0,236.37972736222395,4727.594547244479,3840.0,887.5945472444791,19,2023-11-18,46,4_Strong surge (>2.0)
2023-11-18 20:00:00,333,292.4491999826776,291.9400581262191,331.62937832025807,56,5.842105263157895,0,2.5,25.0,21.25,196.46852263345704,4174.956105960962,3330.0,844.9561059609623,20,2023-11-18,46,4_Strong surge (>2.0)
2023-11-18 21:00:00,157,149.9019205533287,149.9019205533287,169.50637638121825,54,2.8545454545454545,0,1.8897,18.897,20.66,94.47315743657184,1951.8154326395745,1570.0,381.8154326395745,21,2023-11-18,46,4_Strong surge (>2.0)
2023-11-18 22:00:00,85,93.8673781512651,79.13944877027211,94.40382174425294,56,1.4912280701754386,0,1.2156,12.156,18.53,55.195812692071,1022.7784091840756,850.0,172.7784091840756,22,2023-11-18,46,3_Mild surge (1.2-2.0)
2023-11-18 23:00:00,49,51.44848761845181,49.2637600123701,58.20509085366831,50,0.9607843137254902,0,1.0,10.0,16.4,34.65815074901759,568.3936722838883,490.0,78.39367228388835,23,2023-11-18,46,2_Balanced (0.8-1.2)
2023-11-19 00:00:00,38,37.10553066715067,36.38304923241972,39.04566795816363,50,0.7450980392156863,0,0.8634,8.634,14.46,29.35389872657856,424.457375586326,380.0,44.45737558632601,0,2023-11-19,46,1_Low (DSR<0.8)
2023-11-19 01:00:00,38,37.47178625757367,36.08403955091356,38.43623386391181,53,0.7037037037037037,0,0.844,8.44,12.96,31.692762457599947,410.73820145049535,380.0,30.738201450495353,1,2023-11-19,46,1_Low (DSR<0.8)
2023-11-19 02:00:00,42,42.30179166469973,39.61747736342676,42.81308445153637,48,0.8571428571428571,0,0.9183,9.183,12.02,36.92463092121265,443.8340636729761,420.0,23.83406367297607,2,2023-11-19,46,2_Balanced (0.8-1.2)
2023-11-19 03:00:00,38,38.14931673769238,36.287890045713645,38.60091807732352,52,0.7169811320754716,0,0.8509,8.509,11.14,35.23416331588332,392.50857933894025,380.0,12.508579338940251,3,2023-11-19,46,1_Low (DSR<0.8)
2023-11-19 04:00:00,36,36.4109038278358,35.34616631605105,37.10296304359595,54,0.6545454545454545,0,0.8214,8.214,10.41,35.001526881134254,364.3658948326076,360.0,4.36589483260758,4,2023-11-19,46,1_Low (DSR<0.8)
2023-11-19 05:00:00,38,36.81901791290407,36.31841455366713,37.60979150549738,59,0.6333333333333333,0,0.8125,8.125,9.84,38.431472761915984,378.1656919772533,380.0,-1.8343080227467112,5,2023-11-19,46,1_Low (DSR<0.8)
2023-11-19 06:00:00,50,50.85898760300309,47.53100300916232,51.994784005802295,54,0.9090909090909092,0,0.9422,9.422,9.74,50.930593198882775,496.0639777571183,500.0,-3.936022242881677,6,2023-11-19,46,2_Balanced (0.8-1.2)
2023-11-19 07:00:00,91,95.57696010191329,89.05339503696034,101.6983406646914,63,1.421875,0,1.1872,11.872,10.27,89.31863590487214,917.3023907430368,910.0,7.302390743036767,7,2023-11-19,46,3_Mild surge (1.2-2.0)
2023-11-19 08:00:00,282,274.6071361598689,251.1844884841418,276.1667496593285,73,3.810810810810811,0,2.3727,23.727,13.63,227.039807158278,3094.5525715673293,2820.0,274.5525715673293,8,2023-11-19,46,4_Strong surge (>2.0)
2023-11-19 09:00:00,319,321.17761100715165,296.8800050241507,347.219189253857,71,4.430555555555555,0,2.5,25.0,16.47,224.9599276361594,3705.090008167545,3190.0,515.090008167545,9,2023-11-19,46,4_Strong surge (>2.0)
2023-11-19 10:00:00,231,229.7950023789205,219.8160281190501,237.392043292818,80,2.851851851851852,0,1.9039,19.039,17.11,158.61234033466636,2713.857143126141,2310.0,403.8571431261412,10,2023-11-19,46,4_Strong surge (>2.0)
2023-11-19 11:00:00,126,126.45724729242492,114.29854615553396,132.12333533808555,98,1.2727272727272727,0,1.1125,11.125,15.61,92.25470255968796,1440.095906956729,1260.0,180.0959069567291,11,2023-11-19,46,3_Mild surge (1.2-2.0)
2023-11-19 12:00:00,130,127.8149772542234,113.19004923007653,131.2159155292027,87,1.4772727272727273,0,1.2126,12.126,14.74,99.0820797305875,1460.4698552288596,1300.0,160.46985522885961,12,2023-11-19,46,3_Mild surge (1.2-2.0)
2023-11-19 13:00:00,114,116.38030020885158,114.01369865817348,125.04326298522967,94,1.2,0,1.0845,10.845,13.77,91.12784353101836,1254.8304054221228,1140.0,114.8304054221228,13,2023-11-19,46,3_Mild surge (1.2-2.0)
2023-11-19 14:00:00,64,63.47314329689907,61.15645272761615,72.09325096484065,92,0.6881720430107527,0,0.8226,8.225999999999999,12.38,55.11572476484984,682.332672588841,640.0,42.33267258884098,14,2023-11-19,46,1_Low (DSR<0.8)
2023-11-19 15:00:00,92,91.75175064453386,85.10251252420079,92.37998717676042,77,1.1794871794871795,0,1.0769,10.769,11.98,81.07147129312484,971.2362260916356,920.0,51.23622609163556,15,2023-11-19,46,2_Balanced (0.8-1.2)
2023-11-19 16:00:00,167,161.43544685606628,152.91456465223854,176.30371649827413,82,2.0120481927710845,0,1.4735,14.735,12.67,141.5053437629582,1792.8727054766805,1670.0,122.8727054766805,16,2023-11-19,46,4_Strong surge (>2.0)
2023-11-19 17:00:00,252,252.04280971456075,250.67538450150835,260.6643833587661,75,3.3157894736842106,0,2.1451,21.451,14.87,190.88986148339427,2838.5322402580728,2520.0,318.53224025807276,17,2023-11-19,46,4_Strong surge (>2.0)
2023-11-19 18:00:00,395,386.5372470669487,344.24477564309456,391.6364829630893,69,5.642857142857143,0,2.5,25.0,17.4,268.0480312789087,4664.035744253011,3950.0,714.0357442530112,18,2023-11-19,46,4_Strong surge (>2.0)
2023-11-19 19:00:00,361,350.0076316267861,340.43812439299063,376.1356621636179,58,6.11864406779661,0,2.5,25.0,19.3,227.8332396471993,4397.181525190946,3610.0,787.1815251909456,19,2023-11-19,46,4_Strong surge (>2.0)
2023-11-19 20:00:00,285,276.3840042483404,276.3840042483404,377.1998767206234,49,5.7,0,2.5,25.0,20.73,171.09028452539485,3546.701598211436,2850.0,696.7015982114358,20,2023-11-19,46,4_Strong surge (>2.0)
2023-11-19 21:00:00,181,170.2452144324558,164.104135666216,186.3440045501616,51,3.480769230769231,0,2.1967,21.967,21.04,107.53418799338262,2262.51931538077,1810.0,452.51931538076997,21,2023-11-19,46,4_Strong surge (>2.0)
2023-11-19 22:00:00,87,84.62067579289238,80.84926431249141,92.36389663063105,52,1.6415094339622642,0,1.2941,12.941,19.02,55.471753417838016,1055.072750007279,870.0,185.07275000727896,22,2023-11-19,46,3_Mild surge (1.2-2.0)
2023-11-19 23:00:00,53,54.10429469718322,52.0140242323052,56.70095191292198,57,0.913793103448276,0,0.9447,9.447,16.63,37.12370347959808,617.367188865716,530.0,87.367188865716,23,2023-11-19,46,2_Balanced (0.8-1.2)
2023-11-20 00:00:00,29,28.473600757003368,27.636509126864087,29.74846929659678,67,0.4264705882352941,0,0.8,8.0,14.47,22.39082141508332,323.9951858762557,290.0,33.995185876255675,0,2023-11-20,47,1_Low (DSR<0.8)
2023-11-20 01:00:00,26,25.85121446419433,25.85121446419433,26.649602696341795,65,0.3939393939393939,0,0.8,8.0,12.85,21.814293829401773,280.3136757078128,260.0,20.31367570781282,1,2023-11-20,47,1_Low (DSR<0.8)
2023-11-20 02:00:00,28,27.546683325851067,27.18541197846801,28.180286073676285,63,0.4375,0,0.8,8.0,11.64,25.176244356839295,293.0514843136094,280.0,13.051484313609421,2,2023-11-20,47,1_Low (DSR<0.8)
2023-11-20 03:00:00,28,27.906989362627275,27.791148370608084,29.61158215129588,56,0.4912280701754385,0,0.8,8.0,10.73,26.65251681183508,285.9815053909904,280.0,5.981505390990378,3,2023-11-20,47,1_Low (DSR<0.8)
2023-11-20 04:00:00,26,26.07853962420192,25.887261001223457,27.20224386696067,59,0.4333333333333333,0,0.8,8.0,10.05,25.90938501763658,260.38931942724764,260.0,0.3893194272476421,4,2023-11-20,47,1_Low (DSR<0.8)
2023-11-20 05:00:00,34,33.49454691300397,32.14103134260505,33.824230838598574,61,0.5483870967741935,0,0.8,8.0,9.54,35.13945769316471,335.2304263927913,340.0,-4.769573607208713,5,2023-11-20,47,1_Low (DSR<0.8)
2023-11-20 06:00:00,32,32.56293695238349,32.547319878767446,34.788693910844465,58,0.5423728813559322,0,0.8,8.0,9.15,34.05298699015754,311.58483095994154,320.0,-8.415169040058458,6,2023-11-20,47,1_Low (DSR<0.8)
2023-11-20 07:00:00,69,70.27109494962289,65.95777267943737,79.35786224181207,71,0.9583333333333334,0,1.0,10.0,9.36,72.2696575172962,676.4439943618924,690.0,-13.55600563810765,7,2023-11-20,47,2_Balanced (0.8-1.2)
2023-11-20 08:00:00,186,180.943740172276,162.49450270292058,192.1383677500822,81,2.268292682926829,0,1.5942,15.942,11.01,173.88488038874414,1914.472533080073,1860.0,54.472533080072935,8,2023-11-20,47,4_Strong surge (>2.0)
2023-11-20 09:00:00,239,233.9254132818443,220.97354683595452,247.93094233686108,88,2.6853932584269664,0,1.811,18.11,12.79,201.18172138545037,2573.11421651991,2390.0,183.11421651990986,9,2023-11-20,47,4_Strong surge (>2.0)
2023-11-20 10:00:00,155,159.943145997196,156.9075154428812,184.1509249336992,97,1.5816326530612246,0,1.258,12.58,12.74,130.83173434519313,1666.7962955577605,1550.0,116.79629555776046,10,2023-11-20,47,3_Mild surge (1.2-2.0)
2023-11-20 11:00:00,93,91.99344783526423,87.5601743255191,97.84254887335214,91,1.0108695652173914,0,1.0,10.0,12.05,81.61914024522082,983.510639954911,930.0,53.51063995491097,11,2023-11-20,47,2_Balanced (0.8-1.2)
2023-11-20 12:00:00,102,100.55201103860604,89.74237885502079,100.55201103860604,105,0.9622641509433962,0,1.0,10.0,11.54,92.26906199105473,1064.7849753767714,1020.0,44.7849753767714,12,2023-11-20,47,2_Balanced (0.8-1.2)
2023-11-20 13:00:00,85,82.82751790212163,80.13713092867663,87.97361183551497,96,0.8762886597938144,0,0.925,9.25,10.97,79.66623378480884,873.938584619353,850.0,23.938584619353037,13,2023-11-20,47,2_Balanced (0.8-1.2)
2023-11-20 14:00:00,61,57.81268611098523,55.60221932628204,60.000289348408046,94,0.6421052631578947,0,0.8118,8.118,10.26,59.91377476964068,614.7153291365133,610.0,4.715329136513333,14,2023-11-20,47,1_Low (DSR<0.8)
2023-11-20 15:00:00,56,59.65256726564182,59.24962886892694,70.88777698478218,99,0.56,0,0.8,8.0,9.7,57.20682079671284,554.9061617281145,560.0,-5.093838271885488,15,2023-11-20,47,1_Low (DSR<0.8)
2023-11-20 16:00:00,127,126.61208506340876,113.44153952230678,133.7779690583266,98,1.2828282828282829,0,1.1141,11.141000000000002,10.06,126.46930573123537,1272.281215656228,1270.0,2.2812156562279142,16,2023-11-20,47,3_Mild surge (1.2-2.0)
2023-11-20 17:00:00,218,214.9504013814285,197.31200572889344,220.64592660293172,87,2.477272727272727,0,1.7105,17.105,11.82,193.9207401202474,2292.1431482213243,2180.0,112.14314822132428,17,2023-11-20,47,4_Strong surge (>2.0)
2023-11-20 18:00:00,280,279.0705869912479,269.45638794115115,285.38281005281186,77,3.58974358974359,0,2.2753,22.753,14.55,215.3544925133238,3133.407866068861,2800.0,333.40786606886104,18,2023-11-20,47,4_Strong surge (>2.0)
2023-11-20 19:00:00,256,251.58733926685585,246.05834074398183,264.42215840432914,70,3.6056338028169015,0,2.2777,22.777,16.61,179.46560303824688,2980.923666465281,2560.0,420.9236664652808,19,2023-11-20,47,4_Strong surge (>2.0)
2023-11-20 20:00:00,194,196.4806797498776,191.2646588918864,209.43589135919265,60,3.180327868852459,0,2.0613,20.613,17.61,130.54798735989078,2298.9500574076765,1940.0,358.95005740767647,20,2023-11-20,47,4_Strong surge (>2.0)
2023-11-20 21:00:00,124,120.91850981058482,120.91850981058482,130.98211089478616,56,2.175438596491228,0,1.5681,15.681,17.13,85.07295751658205,1457.2997622590503,1240.0,217.29976225905034,21,2023-11-20,47,4_Strong surge (>2.0)
2023-11-20 22:00:00,68,64.20248608855042,59.73488840357972,68.82709482738855,56,1.1929824561403508,0,1.0736,10.736,15.53,49.96764641363199,775.9975488037047,680.0,95.99754880370472,22,2023-11-20,47,2_Balanced (0.8-1.2)
2023-11-20 23:00:00,40,39.15255233454703,38.68427178634833,42.75420729650448,60,0.6557377049180327,0,0.8153,8.153,13.69,32.10536248205611,439.5224123793481,400.0,39.52241237934811,23,2023-11-20,47,1_Low (DSR<0.8)
2023-11-21 00:00:00,32,31.866352734316013,31.18797912714145,32.25576236003248,60,0.5245901639344263,0,0.8,8.0,12.27,27.730569224041684,340.2540843789914,320.0,20.254084378991422,0,2023-11-21,47,1_Low (DSR<0.8)
2023-11-21 01:00:00,27,27.19029881832236,26.65165991475785,27.94808369670095,60,0.4426229508196721,0,0.8,8.0,11.2,24.940844134461383,279.3374543059675,270.0,9.337454305967526,1,2023-11-21,47,1_Low (DSR<0.8)
2023-11-21 02:00:00,29,29.08150299838972,28.40886391447211,29.463373381630767,62,0.4603174603174603,0,0.8,8.0,10.4,28.21464955376444,293.43235535915016,290.0,3.432355359150165,2,2023-11-21,47,1_Low (DSR<0.8)
2023-11-21 03:00:00,27,26.80873734169065,26.32460357013904,27.565156719521283,59,0.45,0,0.8,8.0,9.8,27.384543848866603,268.3685297188927,270.0,-1.6314702811072834,3,2023-11-21,47,1_Low (DSR<0.8)
2023-11-21 04:00:00,28,28.181526443311384,27.420409044394543,28.91431848058311,62,0.4444444444444444,0,0.8,8.0,9.35,29.348769928726306,274.4109988335909,280.0,-5.589001166409105,4,2023-11-21,47,1_Low (DSR<0.8)
2023-11-21 05:00:00,33,32.85162851696887,32.10425175390516,33.1114821098577,59,0.55,0,0.8,8.0,9.01,35.49822078269793,319.8389692521083,330.0,-10.161030747891687,5,2023-11-21,47,1_Low (DSR<0.8)
2023-11-21 06:00:00,39,38.721728657786336,36.26372583899136,40.05403884122726,67,0.5735294117647058,0,0.8,8.0,8.76,42.786989715268646,374.8140299057533,390.0,-15.185970094246727,6,2023-11-21,47,1_Low (DSR<0.8)
2023-11-21 07:00:00,100,91.96717983195194,81.16118451682232,98.31426921795315,69,1.4285714285714286,0,1.1807,11.807,9.52,103.5032855785263,985.3512787075704,1000.0,-14.648721292429627,7,2023-11-21,47,3_Mild surge (1.2-2.0)
2023-11-21 08:00:00,180,177.6905403965698,161.90142131349225,183.11118493425417,89,2.0,0,1.4733,14.733,10.82,170.33873691318863,1843.065133400701,1800.0,43.065133400700915,8,2023-11-21,47,4_Strong surge (>2.0)
2023-11-21 09:00:00,240,240.97396624333587,233.1739804859893,257.0829964055891,87,2.727272727272727,0,1.836,18.36,12.71,202.91275915187487,2579.0211688203303,2400.0,179.02116882033033,9,2023-11-21,47,4_Strong surge (>2.0)
2023-11-21 10:00:00,180,178.91930572178347,162.51670065294215,178.91930572178347,90,1.978021978021978,0,1.4686,14.686,13.2,148.20769510084963,1956.3415753312152,1800.0,156.34157533121515,10,2023-11-21,47,3_Mild surge (1.2-2.0)
2023-11-21 11:00:00,89,91.16070564706324,87.75733558754256,96.49843367851469,91,0.967391304347826,0,1.0,10.0,12.4,76.55874877908762,949.3284848606866,890.0,59.32848486068656,11,2023-11-21,47,2_Balanced (0.8-1.2)
2023-11-21 12:00:00,96,97.56404815268328,89.49466588734822,100.40633381361522,91,1.0434782608695652,0,1.0048,10.047999999999998,11.81,85.44689872163866,1009.1278739025528,960.0,49.12787390255278,12,2023-11-21,47,2_Balanced (0.8-1.2)
2023-11-21 13:00:00,98,95.6272888620998,90.13906295317425,97.96965065861788,94,1.0315789473684212,0,1.0034,10.034,11.37,89.57643008898131,1018.4840101117176,980.0,38.484010111717566,13,2023-11-21,47,2_Balanced (0.8-1.2)
2023-11-21 14:00:00,53,53.341846574983045,49.03476938277538,56.035975561867176,94,0.5578947368421052,0,0.8,8.0,10.53,51.11825378476281,538.2752123535523,530.0,8.27521235355232,14,2023-11-21,47,1_Low (DSR<0.8)
2023-11-21 15:00:00,64,64.27041736931795,60.33080687420948,67.90425944216385,98,0.6464646464646465,0,0.8089,8.088999999999999,9.92,64.3608547980977,638.4596795971293,640.0,-1.5403204028707478,15,2023-11-21,47,1_Low (DSR<0.8)
2023-11-21 16:00:00,118,118.4504881747257,118.4504881747257,138.30498942135085,88,1.3258426966292134,0,1.1339,11.339,10.27,115.81976963488914,1189.4690341503117,1180.0,9.4690341503117,16,2023-11-21,47,3_Mild surge (1.2-2.0)
2023-11-21 17:00:00,203,199.2042672751544,193.32956053798355,221.1468448636771,86,2.333333333333333,0,1.6319,16.319,11.78,181.00656826805903,2132.2573741977358,2030.0,102.25737419773577,17,2023-11-21,47,4_Strong surge (>2.0)
2023-11-21 18:00:00,278,278.19255766465966,261.74587910467744,297.4196954780477,84,3.2705882352941176,0,2.0944,20.944,14.07,218.8965555194178,3079.8745361582087,2780.0,299.8745361582087,18,2023-11-21,47,4_Strong surge (>2.0)
2023-11-21 19:00:00,304,311.0700753529444,283.5326802196346,311.0700753529444,69,4.342857142857143,0,2.5,25.0,16.8,211.42536372474467,3551.9461105757105,3040.0,511.94611057571046,19,2023-11-21,47,4_Strong surge (>2.0)
2023-11-21 20:00:00,189,193.05729279190007,167.46411766138482,211.03530377253315,68,2.739130434782609,0,1.8066,18.066,17.12,129.72066666092152,2220.8178132349767,1890.0,330.8178132349767,20,2023-11-21,47,4_Strong surge (>2.0)
2023-11-21 21:00:00,124,129.43717392526764,123.91522794209132,134.3963787998577,56,2.175438596491228,0,1.5686,15.686,16.76,86.38331676462347,1447.7843889750895,1240.0,207.78438897508954,21,2023-11-21,47,4_Strong surge (>2.0)
2023-11-21 22:00:00,69,67.87652509123451,65.5052270493865,76.6230000167493,59,1.15,0,1.049,10.489999999999998,15.19,51.49423955268491,782.1974988052838,690.0,92.19749880528377,22,2023-11-21,47,2_Balanced (0.8-1.2)
2023-11-21 23:00:00,35,36.62228722349491,34.73113018529347,37.56223335965037,58,0.5932203389830508,0,0.8,8.0,13.39,28.531305265023345,382.0341774986626,350.0,32.03417749866259,23,2023-11-21,47,1_Low (DSR<0.8)
2023-11-22 00:00:00,28,28.14131604890811,27.401917771937487,28.85730703206521,63,0.4375,0,0.8,8.0,12.04,24.587789731940447,296.036988372563,280.0,16.036988372562973,0,2023-11-22,47,1_Low (DSR<0.8)
2023-11-22 01:00:00,28,28.80277231140549,27.84122941066764,30.317204083210488,52,0.5283018867924528,0,0.8,8.0,11.03,26.142984934661293,288.35712382931405,280.0,8.357123829314048,1,2023-11-22,47,1_Low (DSR<0.8)
2023-11-22 02:00:00,28,28.59369209414168,27.84765284432485,29.1947014335472,55,0.5,0,0.8,8.0,10.27,27.48265720149912,282.246889459396,280.0,2.246889459396016,2,2023-11-22,47,1_Low (DSR<0.8)
2023-11-22 03:00:00,30,29.754443068081564,29.49149779258124,30.37643555475333,60,0.4918032786885246,0,0.8,8.0,9.7,30.646511141096163,297.2711580686328,300.0,-2.7288419313671852,3,2023-11-22,47,1_Low (DSR<0.8)
2023-11-22 04:00:00,29,28.5499642585158,27.862299034998763,29.153472001228096,66,0.4328358208955223,0,0.8,8.0,9.27,30.58033114885027,283.479669749842,290.0,-6.520330250157997,4,2023-11-22,47,1_Low (DSR<0.8)
2023-11-22 05:00:00,29,29.136303007552502,28.735411802173854,29.619419064771414,61,0.4677419354838709,0,0.8,8.0,8.95,31.341651208749887,280.50777831831147,290.0,-9.492221681688534,5,2023-11-22,47,1_Low (DSR<0.8)
2023-11-22 06:00:00,41,41.03863016919082,40.548990898178936,41.756873930298376,55,0.7321428571428571,0,0.8623,8.623,8.87,44.58998464925808,395.5131638389191,410.0,-14.486836161080873,6,2023-11-22,47,1_Low (DSR<0.8)
2023-11-22 07:00:00,96,94.2865357669776,80.96422548083287,96.08569041207195,64,1.476923076923077,0,1.209,12.09,9.68,98.21062682654414,950.6788676809472,960.0,-9.321132319052822,7,2023-11-22,47,3_Mild surge (1.2-2.0)
2023-11-22 08:00:00,207,192.48403736821203,172.16364373839846,192.74665754084552,86,2.3793103448275863,0,1.6627,16.627000000000002,11.42,188.62709343103523,2154.1214069824223,2070.0,84.12140698242229,8,2023-11-22,47,4_Strong surge (>2.0)
2023-11-22 09:00:00,210,211.04007296557,211.04007296557,230.7284049765753,82,2.5301204819277108,0,1.7405,17.405,12.92,175.52360704998677,2267.765003085829,2100.0,167.765003085829,9,2023-11-22,47,4_Strong surge (>2.0)
2023-11-22 10:00:00,191,188.52371619258443,171.0751781070225,191.0484929805716,86,2.1954022988505746,0,1.5724,15.724,13.62,153.85421260443772,2095.494375672441,1910.0,185.49437567244104,10,2023-11-22,47,4_Strong surge (>2.0)
2023-11-22 11:00:00,94,95.21524466943268,89.3567046904862,95.21524466943268,105,0.8867924528301887,0,0.9348,9.348,12.55,80.18206660575854,1006.2849359022696,940.0,66.28493590226958,11,2023-11-22,47,2_Balanced (0.8-1.2)
2023-11-22 12:00:00,100,100.08991888911618,95.10323628114251,103.23555479906275,105,0.9433962264150944,0,0.96,9.6,11.81,89.0071861683736,1051.1748686484923,1000.0,51.17486864849229,12,2023-11-22,47,2_Balanced (0.8-1.2)
2023-11-22 13:00:00,89,88.59770037612942,82.23764727620258,91.83763865248048,108,0.8165137614678899,0,0.8937,8.937000000000001,11.09,82.78238306800414,918.0566282241658,890.0,28.05662822416582,13,2023-11-22,47,2_Balanced (0.8-1.2)
2023-11-22 14:00:00,54,49.75275491627971,47.67489954667439,54.725457301669024,94,0.5684210526315789,0,0.8,8.0,10.32,52.82238079650606,545.1269698199426,540.0,5.1269698199425875,14,2023-11-22,47,1_Low (DSR<0.8)
2023-11-22 15:00:00,71,72.96464193462467,67.33192946084877,79.99962273360433,88,0.797752808988764,0,0.8758,8.758000000000001,9.93,71.34998313103152,708.505332491143,710.0,-1.4946675088569918,15,2023-11-22,47,1_Low (DSR<0.8)
2023-11-22 16:00:00,124,125.40376690836248,112.54285867522914,125.40376690836248,92,1.3333333333333333,0,1.1489,11.489,10.32,121.29583738456948,1251.7730418087572,1240.0,11.77304180875717,16,2023-11-22,47,3_Mild surge (1.2-2.0)
2023-11-22 17:00:00,200,199.65243162774448,189.75775952958136,207.61321167802487,87,2.272727272727273,0,1.6145,16.145,11.78,178.3315943527675,2100.746181475601,2000.0,100.74618147560113,17,2023-11-22,47,4_Strong surge (>2.0)
2023-11-22 18:00:00,272,275.9536273283385,265.9000000030596,288.9924084682757,79,3.4,0,2.1725,21.725,14.27,212.06652642761455,3026.18933212206,2720.0,306.18933212206,18,2023-11-22,47,4_Strong surge (>2.0)
2023-11-22 19:00:00,288,289.9089671511948,271.91356157017344,289.9414990708355,75,3.789473684210526,0,2.3725,23.725,16.63,201.72880381366505,3354.750007421249,2880.0,474.75000742124894,19,2023-11-22,47,4_Strong surge (>2.0)
2023-11-22 20:00:00,226,226.1026189520408,218.32334122983744,242.3632888512693,54,4.109090909090909,0,2.5,25.0,18.72,145.71167416036187,2727.722540281974,2260.0,467.72254028197403,20,2023-11-22,47,4_Strong surge (>2.0)
2023-11-22 21:00:00,139,135.3142315732965,126.90898124190387,146.40143641824417,63,2.171875,0,1.5519,15.519,17.92,92.40132449845582,1655.8317350123284,1390.0,265.8317350123284,21,2023-11-22,47,4_Strong surge (>2.0)
2023-11-22 22:00:00,67,69.73395806843052,63.85601239016752,75.51725658618608,56,1.1754385964912282,0,1.0608,10.608,16.09,48.02701243994203,772.7546301586672,670.0,102.75463015866717,22,2023-11-22,47,2_Balanced (0.8-1.2)
2023-11-22 23:00:00,42,41.58187217688772,39.64368336961293,43.02893294646572,63,0.65625,0,0.8182,8.182,14.11,33.00504891784121,465.7012402307394,420.0,45.701240230739415,23,2023-11-22,47,1_Low (DSR<0.8)
2023-11-23 00:00:00,33,32.696652353247856,32.31380798885333,33.49897789445264,58,0.559322033898305,0,0.8,8.0,12.58,28.102016931110445,353.5233729933694,330.0,23.523372993369378,0,2023-11-23,47,1_Low (DSR<0.8)
2023-11-23 01:00:00,34,33.196138771536134,32.87096429594386,34.74768030960355,57,0.5862068965517241,0,0.8,8.0,11.44,30.94430264230812,354.00282222800485,340.0,14.002822228004845,1,2023-11-23,47,1_Low (DSR<0.8)
2023-11-23 02:00:00,31,31.40822968437344,30.18335074152132,31.46872732624871,58,0.5254237288135594,0,0.8,8.0,10.58,29.800374813898777,315.28796553104905,310.0,5.287965531049053,2,2023-11-23,47,1_Low (DSR<0.8)
2023-11-23 03:00:00,30,29.96234872916392,29.87148856733857,30.4121380531825,55,0.5357142857142857,0,0.8,8.0,9.94,30.126646089407966,299.4588621287152,300.0,-0.541137871284775,3,2023-11-23,47,1_Low (DSR<0.8)
2023-11-23 04:00:00,31,30.82681928460568,30.78689251590996,31.657426225673245,60,0.5081967213114754,0,0.8,8.0,9.46,32.228337155674545,304.88006949268123,310.0,-5.11993050731877,4,2023-11-23,47,1_Low (DSR<0.8)
2023-11-23 05:00:00,29,29.15584857380379,29.12522109684578,29.59485062506981,57,0.5,0,0.8,8.0,9.1,30.97911617265126,281.90995717112645,290.0,-8.09004282887355,5,2023-11-23,47,1_Low (DSR<0.8)
2023-11-23 06:00:00,40,39.197779964331104,37.94362387215836,41.195263437266085,63,0.625,0,0.8026,8.026,8.83,43.64027702820109,385.3436461590156,400.0,-14.656353840984423,6,2023-11-23,47,1_Low (DSR<0.8)
2023-11-23 07:00:00,91,89.52169667533938,82.26899586551917,95.052304303464,72,1.2465753424657535,0,1.0995,10.995,9.37,95.2409412252643,892.4076192807264,910.0,-17.592380719273592,7,2023-11-23,47,3_Mild surge (1.2-2.0)
2023-11-23 08:00:00,197,191.8487208695953,186.76771502803592,204.59246784196617,86,2.264367816091954,0,1.6096,16.096,11.05,183.7014699802817,2029.901243282113,1970.0,59.901243282113,8,2023-11-23,47,4_Strong surge (>2.0)
2023-11-23 09:00:00,247,251.2009997949893,230.87226834737007,258.92407821219297,87,2.8068181818181817,0,1.8717,18.717,12.97,205.89176187112852,2670.416151468537,2470.0,200.416151468537,9,2023-11-23,47,4_Strong surge (>2.0)
2023-11-23 10:00:00,191,191.30890930420333,170.7058171640846,199.0206539383316,94,2.0105263157894737,0,1.472,14.72,13.41,155.53682262558385,2085.74879140908,1910.0,175.7487914090798,10,2023-11-23,47,4_Strong surge (>2.0)
2023-11-23 11:00:00,93,94.4054225225776,89.53553825538802,94.4054225225776,104,0.8857142857142857,0,0.9356,9.356,12.4,79.99959142084437,991.9949336184702,930.0,61.99493361847021,11,2023-11-23,47,2_Balanced (0.8-1.2)
2023-11-23 12:00:00,108,104.25463402836732,101.88228806370329,109.95777582947647,95,1.125,0,1.0503,10.503,11.93,95.44989278789204,1138.717220959552,1080.0,58.71722095955192,12,2023-11-23,47,2_Balanced (0.8-1.2)
2023-11-23 13:00:00,94,96.22233183667984,92.31467329024514,97.99083487245596,91,1.0217391304347827,0,1.002,10.02,11.45,85.49958621716326,978.9702621865192,940.0,38.97026218651922,13,2023-11-23,47,2_Balanced (0.8-1.2)
2023-11-23 14:00:00,54,53.76753254020443,52.78056756166655,56.77761397619566,100,0.5346534653465347,0,0.8,8.0,10.59,51.87601268146797,549.3669742967458,540.0,9.366974296745752,14,2023-11-23,47,1_Low (DSR<0.8)
2023-11-23 15:00:00,70,67.52529915350713,61.80987039508273,69.88858157308682,88,0.7865168539325843,0,0.8775,8.774999999999999,10.14,69.32206185588262,702.9257072186498,700.0,2.9257072186497908,15,2023-11-23,47,1_Low (DSR<0.8)
2023-11-23 16:00:00,133,131.57393763556612,119.22874016465336,142.54560500754374,106,1.2429906542056075,0,1.0919,10.919,10.33,130.01139430640745,1343.017703185189,1330.0,13.01770318518902,16,2023-11-23,47,3_Mild surge (1.2-2.0)
2023-11-23 17:00:00,214,211.8574201759716,194.6280367924697,218.58236653580664,93,2.276595744680851,0,1.6106,16.106,11.77,190.92827524197529,2247.225799598049,2140.0,107.22579959804898,17,2023-11-23,47,4_Strong surge (>2.0)
2023-11-23 18:00:00,307,301.8691648423737,266.90788098959564,301.8691648423737,88,3.449438202247191,0,2.1862,21.862,14.29,239.1199522592433,3417.0241177845865,3070.0,347.02411778458645,18,2023-11-23,47,4_Strong surge (>2.0)
2023-11-23 19:00:00,282,284.9169421806544,274.4085441474461,290.0110850556652,69,4.0285714285714285,0,2.4937,24.937,16.95,194.90829236098955,3303.695555518773,2820.0,483.69555551877284,19,2023-11-23,47,4_Strong surge (>2.0)
2023-11-23 20:00:00,252,246.09030062079407,234.25133816991428,254.0782784381756,62,4.0,0,2.4699,24.699,18.89,161.45004493857698,3049.7913488897198,2520.0,529.7913488897198,20,2023-11-23,47,4_Strong surge (>2.0)
2023-11-23 21:00:00,151,137.7243798300262,117.2273729448878,145.7314733106354,58,2.559322033898305,0,1.7248,17.248,18.48,98.23937039781632,1815.4635649516456,1510.0,305.4635649516456,21,2023-11-23,47,4_Strong surge (>2.0)
2023-11-23 22:00:00,67,67.62372227383182,61.3601307452217,77.8151649834964,63,1.046875,0,1.0,10.0,16.36,47.47079370984656,776.6221850930896,670.0,106.62218509308957,22,2023-11-23,47,2_Balanced (0.8-1.2)
2023-11-23 23:00:00,43,43.07974091695819,41.126085744812,43.73445875512322,56,0.7543859649122807,0,0.8694,8.693999999999999,14.44,33.24845125979022,480.1076361913708,430.0,50.10763619137077,23,2023-11-23,47,1_Low (DSR<0.8)
2023-11-24 00:00:00,34,35.17716366859967,34.02792307971274,36.37065496191431,52,0.6415094339622641,0,0.8128,8.128,12.86,28.5108548458441,366.6495933175551,340.0,26.649593317555116,0,2023-11-24,47,1_Low (DSR<0.8)
2023-11-24 01:00:00,35,34.68559679013091,34.20132907055845,35.118433417710264,57,0.603448275862069,0,0.8,8.0,11.64,31.470305446049124,366.3143553920118,350.0,16.314355392011805,1,2023-11-24,47,1_Low (DSR<0.8)
2023-11-24 02:00:00,42,41.658569733500414,39.13073611421285,41.66553454695104,55,0.75,0,0.8672,8.672,10.9,39.5412816375981,430.9999698498193,420.0,10.999969849819308,2,2023-11-24,47,1_Low (DSR<0.8)
2023-11-24 03:00:00,35,35.49823339899861,33.30428131634368,36.56456897878389,66,0.5223880597014925,0,0.8,8.0,10.18,34.56563978341334,351.8782129951478,350.0,1.8782129951478055,3,2023-11-24,47,1_Low (DSR<0.8)
2023-11-24 04:00:00,37,36.61799349325457,34.693818645168186,37.60465909351221,67,0.5441176470588235,0,0.8,8.0,9.63,37.98947773505813,365.8386705886098,370.0,-4.161329411390227,4,2023-11-24,47,1_Low (DSR<0.8)
2023-11-24 05:00:00,38,38.23774232839071,38.14642005480029,38.913936701845856,55,0.6785714285714286,0,0.8368,8.368,9.31,39.950187314309794,371.9362438962242,380.0,-8.063756103775802,5,2023-11-24,47,1_Low (DSR<0.8)
2023-11-24 06:00:00,43,42.60839849279742,40.6911217110005,43.72945106968955,65,0.6515151515151515,0,0.8171,8.171000000000001,9.03,46.18351995817231,417.0371852222959,430.0,-12.962814777704125,6,2023-11-24,47,1_Low (DSR<0.8)
2023-11-24 07:00:00,93,95.44016500982475,87.9360426865597,101.43697184754876,73,1.2567567567567568,0,1.1047,11.047,9.53,96.18734074092144,916.6653572609812,930.0,-13.334642739018818,7,2023-11-24,47,3_Mild surge (1.2-2.0)
2023-11-24 08:00:00,197,202.82532395220204,193.35398350112808,218.3540491452524,70,2.7746478873239435,0,1.8526,18.526,11.78,175.656620437476,2069.234988753467,1970.0,99.23498875346695,8,2023-11-24,47,4_Strong surge (>2.0)
2023-11-24 09:00:00,272,273.01169935032226,259.127358405802,279.9439537472735,83,3.238095238095238,0,2.0949,20.949,14.07,214.17216942907064,3013.4024238670245,2720.0,293.4024238670245,9,2023-11-24,47,4_Strong surge (>2.0)
2023-11-24 10:00:00,173,172.83629417649476,172.57152642103725,214.71822225417105,88,1.9438202247191008,0,1.4184,14.184,14.1,136.01685357784933,1917.8376354476757,1730.0,187.83763544767567,10,2023-11-24,47,3_Mild surge (1.2-2.0)
2023-11-24 11:00:00,120,118.18377199665298,107.43727933743176,119.41564307437017,100,1.188118811881188,0,1.0776,10.776,13.27,98.43999886933211,1306.298784996037,1200.0,106.29878499603706,11,2023-11-24,47,2_Balanced (0.8-1.2)
2023-11-24 12:00:00,139,135.03956209174626,122.23245279894026,137.99754449927389,92,1.4946236559139785,0,1.2256,12.256,13.02,115.55456613626583,1504.520451094181,1390.0,114.520451094181,12,2023-11-24,47,3_Mild surge (1.2-2.0)
2023-11-24 13:00:00,111,111.5859238702392,106.05244168067011,115.54543080264928,99,1.11,0,1.0417,10.417000000000002,12.37,95.64542230425882,1183.1338739036814,1110.0,73.13387390368143,13,2023-11-24,47,2_Balanced (0.8-1.2)
2023-11-24 14:00:00,57,59.56435061299721,56.09549313425448,68.78120008478852,95,0.59375,0,0.8,8.0,11.28,52.39121689035274,590.9729265231789,570.0,20.9729265231789,14,2023-11-24,47,1_Low (DSR<0.8)
2023-11-24 15:00:00,79,78.58339507010808,78.58339507010808,83.48409934998294,99,0.79,0,0.8867,8.867,10.68,75.4444356829264,805.7465730936539,790.0,15.746573093653865,15,2023-11-24,47,1_Low (DSR<0.8)
2023-11-24 16:00:00,150,147.63347569865206,142.42981865137992,161.05363308528894,90,1.6483516483516485,0,1.2993,12.993,11.26,138.04299896043892,1554.3641682945422,1500.0,54.364168294542196,16,2023-11-24,47,3_Mild surge (1.2-2.0)
2023-11-24 17:00:00,237,238.38567580328288,226.73225479116093,244.7729311402749,82,2.855421686746988,0,1.9059,19.059,13.21,195.0367150711516,2576.435006089913,2370.0,206.4350060899128,17,2023-11-24,47,4_Strong surge (>2.0)
2023-11-24 18:00:00,361,368.70790972983616,322.8350492382209,369.11068029515263,76,4.688311688311688,0,2.5,25.0,16.16,257.98725546102816,4169.074048250215,3610.0,559.0740482502151,18,2023-11-24,47,4_Strong surge (>2.0)
2023-11-24 19:00:00,360,353.1589951212199,322.8027658514465,353.1589951212199,78,4.556962025316456,0,2.5,25.0,18.37,235.1939204084974,4320.5123179040975,3600.0,720.5123179040975,19,2023-11-24,47,4_Strong surge (>2.0)
2023-11-24 20:00:00,235,242.98397926239164,242.98397926239164,263.35124743551773,59,3.9166666666666665,0,2.4276,24.276,19.85,145.42380525853824,2886.662534381984,2350.0,536.6625343819842,20,2023-11-24,47,4_Strong surge (>2.0)
2023-11-24 21:00:00,164,176.02843529858745,155.15977406125285,176.02843529858745,56,2.8771929824561404,0,1.9043,19.043,19.65,102.20921664086352,2008.411106992968,1640.0,368.4111069929679,21,2023-11-24,47,4_Strong surge (>2.0)
2023-11-24 22:00:00,94,87.10498377076686,76.84900841479667,93.66031705885057,62,1.492063492063492,0,1.2104,12.104,17.76,62.88075978049046,1116.7622937015103,940.0,176.76229370151032,22,2023-11-24,47,3_Mild surge (1.2-2.0)
2023-11-24 23:00:00,58,53.28246071972772,50.05874897101723,58.325581972398304,59,0.9666666666666668,0,1.0,10.0,15.82,42.07106036256199,665.5641749357306,580.0,85.56417493573065,23,2023-11-24,47,2_Balanced (0.8-1.2)
2023-11-25 00:00:00,51,46.49666478003304,43.95774525548482,49.22294236024305,49,1.02,0,1.0,10.0,14.37,39.568577577418935,568.6004597875101,510.0,58.60045978751009,0,2023-11-25,47,2_Balanced (0.8-1.2)
2023-11-25 01:00:00,38,37.621533233729146,35.80267602786514,38.558192403031576,60,0.6229508196721312,0,0.8028,8.027999999999999,12.78,32.00457017457384,409.0184068310536,380.0,29.018406831053596,1,2023-11-25,47,1_Low (DSR<0.8)
2023-11-25 02:00:00,51,48.47980974841706,44.225818278887786,49.9448466036286,52,0.9622641509433962,0,1.0,10.0,12.08,44.68104502668634,539.747023922371,510.0,29.747023922371,2,2023-11-25,47,2_Balanced (0.8-1.2)
2023-11-25 03:00:00,39,39.34358458527667,38.31108150760661,39.8349313332634,52,0.7358490566037735,0,0.863,8.629999999999999,11.22,35.980699912683434,403.7034530203081,390.0,13.703453020308075,3,2023-11-25,47,1_Low (DSR<0.8)
2023-11-25 04:00:00,39,39.90408131738379,38.97791060101228,40.17529877058749,53,0.7222222222222222,0,0.8573,8.573,10.56,37.54048371624361,396.4275080435325,390.0,6.427508043532498,4,2023-11-25,47,1_Low (DSR<0.8)
2023-11-25 05:00:00,43,41.3098200665663,39.35060871453766,42.73738543389393,59,0.7166666666666667,0,0.848,8.48,10.04,42.880007891736255,430.515279233032,430.0,0.515279233032004,5,2023-11-25,47,1_Low (DSR<0.8)
2023-11-25 06:00:00,51,49.95021492130501,48.8264929702072,54.31406617374496,48,1.0408163265306123,0,1.0039,10.039,10.04,50.8576837785709,510.6111451368518,510.0,0.6111451368518033,6,2023-11-25,47,2_Balanced (0.8-1.2)
2023-11-25 07:00:00,117,115.54476810488435,101.25068767158946,115.54476810488435,62,1.8571428571428568,0,1.4023,14.023,11.04,109.17105578895534,1205.248455910067,1170.0,35.24845591006692,7,2023-11-25,47,3_Mild surge (1.2-2.0)
2023-11-25 08:00:00,222,224.5401316814099,209.78389753879853,228.082796470294,77,2.8461538461538463,0,1.8997,18.997,13.03,184.45561642748024,2403.4566820500672,2220.0,183.45668205006723,8,2023-11-25,47,4_Strong surge (>2.0)
2023-11-25 09:00:00,326,324.0865597716827,311.0759050239802,327.0365812609813,75,4.289473684210527,0,2.5,25.0,16.02,234.39796766975388,3755.055442069457,3260.0,495.05544206945706,9,2023-11-25,47,4_Strong surge (>2.0)
2023-11-25 10:00:00,274,269.32481868953056,255.67132574478697,309.0611653664527,75,3.6052631578947367,0,2.2344,22.344,17.6,184.45553653619976,3246.417443037116,2740.0,506.41744303711585,10,2023-11-25,47,4_Strong surge (>2.0)
2023-11-25 11:00:00,129,131.82052853251832,124.49044792807535,143.94396050792037,81,1.5731707317073171,0,1.2583,12.583,16.35,91.43811835155653,1495.0132350479494,1290.0,205.01323504794937,11,2023-11-25,47,3_Mild surge (1.2-2.0)
2023-11-25 12:00:00,135,134.7413195066524,121.72437168129738,137.5624075255372,88,1.5168539325842696,0,1.2364,12.364,15.35,100.0133334611195,1535.2046686281842,1350.0,185.2046686281842,12,2023-11-25,47,3_Mild surge (1.2-2.0)
2023-11-25 13:00:00,130,128.8043428733177,120.34762857764264,139.09262580482076,95,1.3541666666666667,0,1.1516,11.516,14.39,100.7629321019847,1449.97859294756,1300.0,149.97859294755995,13,2023-11-25,47,3_Mild surge (1.2-2.0)
2023-11-25 14:00:00,80,77.3674108403069,70.29868138291984,80.99249120438458,85,0.9302325581395348,0,0.9454,9.454,13.16,66.01017201839049,868.6938637620189,800.0,68.69386376201885,14,2023-11-25,47,2_Balanced (0.8-1.2)
2023-11-25 15:00:00,83,84.71173139647178,78.00152650267941,89.35074984623009,89,0.9222222222222224,0,0.942,9.42,12.23,72.09075476365705,881.6699307595258,830.0,51.669930759525755,15,2023-11-25,47,2_Balanced (0.8-1.2)
2023-11-25 16:00:00,185,182.61416337946804,165.81442963965048,189.0092751480509,74,2.466666666666667,0,1.7005,17.005,13.42,150.57225943404416,2020.6797216048728,1850.0,170.67972160487284,16,2023-11-25,47,4_Strong surge (>2.0)
2023-11-25 17:00:00,286,286.445327635479,286.445327635479,298.2106848904417,69,4.085714285714285,0,2.5,25.0,16.31,203.07116503299244,3312.0907016881065,2860.0,452.0907016881065,17,2023-11-25,47,4_Strong surge (>2.0)
2023-11-25 18:00:00,389,401.97430105545897,353.1921499027193,401.97430105545897,66,5.8059701492537314,0,2.5,25.0,18.48,253.0802323493414,4676.922693815829,3890.0,786.922693815829,18,2023-11-25,47,4_Strong surge (>2.0)
2023-11-25 19:00:00,417,413.1951112210998,359.84648852091595,417.873325433664,66,6.223880597014926,0,2.5,25.0,20.11,255.7099371932684,5142.326836956628,4170.0,972.3268369566276,19,2023-11-25,47,4_Strong surge (>2.0)
2023-11-25 20:00:00,266,241.0882686936536,241.0882686936536,342.7964646716501,53,4.925925925925926,0,2.5,25.0,21.33,156.52655891973325,3338.71150175791,2660.0,678.7115017579099,20,2023-11-25,47,4_Strong surge (>2.0)
2023-11-25 21:00:00,163,151.28654048407847,151.28654048407847,161.2594705654596,54,2.963636363636364,0,1.9624,19.624,20.9,97.29380855344306,2033.44059876696,1630.0,403.44059876695997,21,2023-11-25,47,4_Strong surge (>2.0)
2023-11-25 22:00:00,81,85.66037555414992,78.84525827165722,91.74179331418804,54,1.4727272727272729,0,1.2088,12.088,18.7,52.26318759000053,977.32160793301,810.0,167.32160793301,22,2023-11-25,47,3_Mild surge (1.2-2.0)
2023-11-25 23:00:00,54,52.14629942492715,48.34259273416336,56.40461963873875,56,0.9473684210526316,0,0.9515,9.515,16.4,38.1946967438153,626.3930265985708,540.0,86.39302659857083,23,2023-11-25,47,2_Balanced (0.8-1.2)
2023-11-26 00:00:00,41,40.24694688609004,40.23162138624528,43.50755585715986,51,0.7884615384615384,0,0.8836,8.836,14.51,31.59487692973549,458.44166425046205,410.0,48.441664250462054,0,2023-11-26,47,1_Low (DSR<0.8)
2023-11-26 01:00:00,37,37.24245610922775,36.9685317825664,37.85812972073696,55,0.6607142857142857,0,0.8275,8.275,12.95,30.87542086277316,399.83670017291234,370.0,29.836700172912344,1,2023-11-26,47,1_Low (DSR<0.8)
2023-11-26 02:00:00,33,33.928364528934495,33.928364528934495,36.09191427276078,50,0.6470588235294118,0,0.8159,8.158999999999999,11.75,29.47728179893463,346.3580611374819,330.0,16.35806113748191,2,2023-11-26,47,1_Low (DSR<0.8)
2023-11-26 03:00:00,36,35.682679201848046,34.39749809959909,36.74883571345922,59,0.6,0,0.8,8.0,10.81,34.08980484370663,368.5107903604687,360.0,8.510790360468718,3,2023-11-26,47,1_Low (DSR<0.8)
2023-11-26 04:00:00,33,34.05106657700345,33.0012990029486,34.66485256149981,50,0.6470588235294118,0,0.8177,8.177,10.15,32.657859049706545,331.47726935452147,330.0,1.477269354521468,4,2023-11-26,47,1_Low (DSR<0.8)
2023-11-26 05:00:00,35,35.509883371531544,35.17090654067111,36.26706662241236,50,0.6862745098039216,0,0.8393,8.393,9.71,35.72848354156452,346.92357518859154,350.0,-3.076424811408458,5,2023-11-26,47,1_Low (DSR<0.8)
2023-11-26 06:00:00,51,51.770471641206,47.75769645637829,51.89237693447261,55,0.9107142857142856,0,0.9441,9.441,9.64,52.32584523622232,504.4211480771832,510.0,-5.578851922816796,6,2023-11-26,47,2_Balanced (0.8-1.2)
2023-11-26 07:00:00,95,92.26108513944968,86.50720506477683,97.68903651167766,61,1.532258064516129,0,1.2434,12.434,10.34,92.80240434440265,959.5768609211232,950.0,9.57686092112317,7,2023-11-26,47,3_Mild surge (1.2-2.0)
2023-11-26 08:00:00,248,247.95196950672613,240.20232499365483,265.6087658116405,69,3.5428571428571427,0,2.2367,22.367,13.35,202.58850278714627,2704.556512208402,2480.0,224.55651220840218,8,2023-11-26,47,4_Strong surge (>2.0)
2023-11-26 09:00:00,304,299.5447933825516,299.5447933825516,301.79506700561404,76,3.948051948051948,0,2.4712,24.712,16.19,216.97054979922515,3512.753201249456,3040.0,472.7532012494562,9,2023-11-26,47,4_Strong surge (>2.0)
2023-11-26 10:00:00,229,232.044317339451,229.49989243796,257.0157358026213,75,3.013157894736842,0,1.971,19.71,17.07,157.49690273309503,2688.4721296539324,2290.0,398.47212965393237,10,2023-11-26,47,4_Strong surge (>2.0)
2023-11-26 11:00:00,117,116.34712395061028,106.8176502728392,126.7865008947366,93,1.24468085106383,0,1.0937,10.937,15.54,85.93501391350378,1335.4301162158488,1170.0,165.43011621584878,11,2023-11-26,47,3_Mild surge (1.2-2.0)
2023-11-26 12:00:00,131,130.71467035475155,122.60306705239668,136.32841974297332,92,1.4086021505376345,0,1.1855,11.855,14.62,100.4172063208483,1468.099556410802,1310.0,158.09955641080205,12,2023-11-26,47,3_Mild surge (1.2-2.0)
2023-11-26 13:00:00,122,118.58913897346082,110.70912415711996,127.67574879867992,95,1.2708333333333333,0,1.1113,11.113,13.74,97.67178343275832,1342.0103043660995,1220.0,122.01030436609949,13,2023-11-26,47,3_Mild surge (1.2-2.0)
2023-11-26 14:00:00,69,69.28043097683177,62.74499134641112,78.0550306140898,84,0.8117647058823529,0,0.8763,8.763,12.5,59.02174991951357,737.7718739939197,690.0,47.77187399391971,14,2023-11-26,47,2_Balanced (0.8-1.2)
2023-11-26 15:00:00,91,88.7797401043646,84.6845100126658,95.02695948634222,87,1.0340909090909092,0,1.0,10.0,11.88,80.66216675135959,958.266541006152,910.0,48.26654100615201,15,2023-11-26,47,2_Balanced (0.8-1.2)
2023-11-26 16:00:00,160,160.04914977123127,156.3174882542845,170.65311927110005,81,1.951219512195122,0,1.4559,14.559,12.55,136.4801133715039,1712.8254228123742,1600.0,112.8254228123742,16,2023-11-26,47,3_Mild surge (1.2-2.0)
2023-11-26 17:00:00,281,277.22136592606074,258.38259952441985,280.59152438711794,80,3.469135802469136,0,2.2078,22.078000000000003,14.93,212.25818900755635,3169.014761882816,2810.0,359.01476188281595,17,2023-11-26,47,4_Strong surge (>2.0)
2023-11-26 18:00:00,343,338.6608285531799,325.9407968516941,355.77471651742866,73,4.635135135135135,0,2.5,25.0,17.45,232.2936393487209,4053.5240066351794,3430.0,623.5240066351794,18,2023-11-26,47,4_Strong surge (>2.0)
2023-11-26 19:00:00,353,355.74140675422666,350.45112542964,366.3034644731542,61,5.693548387096774,0,2.5,25.0,19.34,222.4616615260512,4302.40853391383,3530.0,772.4085339138301,19,2023-11-26,47,4_Strong surge (>2.0)
2023-11-26 20:00:00,263,273.19825269448205,266.46262612200496,280.50629098203314,48,5.36734693877551,0,2.5,25.0,20.75,157.77677610361923,3273.868104150099,2630.0,643.868104150099,20,2023-11-26,47,4_Strong surge (>2.0)
2023-11-26 21:00:00,156,153.39026577291295,142.33060702836266,164.26227680043664,59,2.6,0,1.7616,17.616,19.97,96.13022370132995,1919.7205673155595,1560.0,359.7205673155595,21,2023-11-26,47,4_Strong surge (>2.0)
2023-11-26 22:00:00,82,80.35821477428003,79.32002608510666,86.24054462580119,55,1.4642857142857142,0,1.2164,12.164,18.02,54.2982086124976,978.4537191972069,820.0,158.45371919720685,22,2023-11-26,47,3_Mild surge (1.2-2.0)
2023-11-26 23:00:00,54,53.44562419596596,50.24874951652121,57.56141809975326,51,1.0384615384615383,0,1.0,10.0,16.02,38.82665722137028,622.0030486863518,540.0,82.0030486863518,23,2023-11-26,47,2_Balanced (0.8-1.2)
2023-11-27 00:00:00,43,44.80194294074443,39.27560780551891,50.31313260463248,55,0.7678571428571429,1,0.852,8.52,14.14,33.74068294984743,477.09325691084274,430.0,47.09325691084274,0,2023-11-27,48,1_Low (DSR<0.8)
2023-11-27 01:00:00,42,42.21283136757775,38.5290870005834,48.12602097175985,49,0.84,1,0.8894,8.894,12.83,35.276917622322806,452.6028530944016,420.0,32.60285309440161,1,2023-11-27,48,2_Balanced (0.8-1.2)
2023-11-27 02:00:00,35,36.2825755920019,33.41165556377081,39.22268310692618,58,0.5932203389830508,1,0.8,8.0,11.62,31.50821169500841,366.12541989599765,350.0,16.125419895997652,2,2023-11-27,48,1_Low (DSR<0.8)
2023-11-27 03:00:00,43,43.99353964046158,39.27317312006277,47.516455069210686,49,0.86,1,0.9044,9.044,10.98,40.27604500761164,442.23097418357577,430.0,12.230974183575768,3,2023-11-27,48,2_Balanced (0.8-1.2)
2023-11-27 04:00:00,38,37.95179749417177,35.23997444675057,41.27978933762946,53,0.7037037037037037,1,0.832,8.32,10.31,37.1965388841546,383.4963158956339,380.0,3.496315895633927,4,2023-11-27,48,1_Low (DSR<0.8)
2023-11-27 05:00:00,41,40.911499841793535,38.98424894623983,44.42043306520074,55,0.7321428571428571,1,0.8492,8.491999999999999,9.86,41.40664245648193,408.2694946209118,410.0,-1.7305053790881857,5,2023-11-27,48,1_Low (DSR<0.8)
2023-11-27 06:00:00,45,44.59535517039333,40.828349155748505,51.36906840961295,58,0.7627118644067796,1,0.8508,8.508,9.52,46.576478510336834,443.40807541840667,450.0,-6.591924581593332,6,2023-11-27,48,1_Low (DSR<0.8)
2023-11-27 07:00:00,102,105.17128802157129,82.73084029700158,105.17128802157129,64,1.5692307692307692,1,1.2439,12.439,10.25,100.25209707993793,1027.5839950693637,1020.0,7.583995069363709,7,2023-11-27,48,3_Mild surge (1.2-2.0)
2023-11-27 08:00:00,172,172.866743557723,166.71756806355273,192.57282789237016,80,2.123456790123457,0,1.5269,15.268999999999998,11.5,155.96960010701886,1793.6504012307169,1720.0,73.65040123071685,8,2023-11-27,48,4_Strong surge (>2.0)
2023-11-27 09:00:00,201,200.88146221299647,200.88146221299647,218.0754655306109,85,2.3372093023255816,0,1.6473,16.473,12.74,169.65921679602462,2161.4584219813537,2010.0,151.4584219813537,9,2023-11-27,48,4_Strong surge (>2.0)
2023-11-27 10:00:00,177,174.40567647697134,162.32047500373082,182.4058764564246,91,1.923913043478261,0,1.4368,14.368,13.15,146.12524064480817,1921.546914479228,1770.0,151.546914479228,10,2023-11-27,48,3_Mild surge (1.2-2.0)
2023-11-27 11:00:00,98,98.39923038658333,93.8852281535388,104.60324016114716,97,1.0,0,1.0,10.0,12.36,84.49152448211329,1044.3152425989203,980.0,64.31524259892035,11,2023-11-27,48,2_Balanced (0.8-1.2)
2023-11-27 12:00:00,90,91.14368376529173,89.54389988258026,99.71594532972544,98,0.9090909090909092,0,0.9387,9.387,11.62,81.02111578716448,941.4653654468513,900.0,41.46536544685125,12,2023-11-27,48,2_Balanced (0.8-1.2)
2023-11-27 13:00:00,95,95.7213415727997,88.4951699709176,102.60171880556868,90,1.043956043956044,0,1.0,10.0,11.21,87.70001678221989,983.117188128685,950.0,33.11718812868503,13,2023-11-27,48,2_Balanced (0.8-1.2)
2023-11-27 14:00:00,49,52.85826290674913,50.636289592074135,58.31215986201105,95,0.5104166666666666,0,0.8,8.0,10.41,47.64096714376606,495.9424679666048,490.0,5.942467966604795,14,2023-11-27,48,1_Low (DSR<0.8)
2023-11-27 15:00:00,69,63.21372079517197,59.50508567688848,71.37433694911489,97,0.7040816326530612,0,0.8284,8.284,9.88,69.58557648554353,687.5054956771701,690.0,-2.4945043228299255,15,2023-11-27,48,1_Low (DSR<0.8)
2023-11-27 16:00:00,100,105.2579777380338,105.2579777380338,115.72427326972576,90,1.098901098901099,0,1.0339,10.339,9.99,100.07005955359958,999.6998949404598,1000.0,-0.3001050595402148,16,2023-11-27,48,2_Balanced (0.8-1.2)
2023-11-27 17:00:00,241,240.02577288467165,219.0335543739816,243.24914136866144,84,2.835294117647059,0,1.8887,18.887,12.21,209.5637097395309,2558.7728959196725,2410.0,148.77289591967246,17,2023-11-27,48,4_Strong surge (>2.0)
2023-11-27 18:00:00,294,292.00172668171734,280.2079221156329,298.32278822708025,76,3.8181818181818175,0,2.3867,23.867,15.12,220.1207969936655,3328.226450544222,2940.0,388.2264505442222,18,2023-11-27,48,4_Strong surge (>2.0)
2023-11-27 19:00:00,255,261.711624302916,250.06528158346669,277.8517972589767,65,3.863636363636364,0,2.3932,23.932,17.32,173.6027734269373,3006.800035754554,2550.0,456.80003575455385,19,2023-11-27,48,4_Strong surge (>2.0)
2023-11-27 20:00:00,170,177.26107007754905,177.26107007754905,192.83075073949212,58,2.8813559322033897,0,1.9153,19.153,17.78,113.63096417238332,2020.358542984976,1700.0,320.3585429849761,20,2023-11-27,48,4_Strong surge (>2.0)
2023-11-27 21:00:00,123,123.81067926039212,118.87116500217994,135.41199092991545,59,2.05,0,1.4947,14.947,17.07,84.59440627148773,1444.0265150542955,1230.0,214.0265150542955,21,2023-11-27,48,4_Strong surge (>2.0)
2023-11-27 22:00:00,57,59.66214614378809,58.55600250432666,73.20887725094101,60,0.9344262295081968,0,0.9322,9.322,15.13,42.65673452020263,645.3963932906659,570.0,75.39639329066586,22,2023-11-27,48,2_Balanced (0.8-1.2)
2023-11-27 23:00:00,40,39.44585754846379,38.90301604437391,43.7138276444387,61,0.6451612903225806,0,0.8079,8.078999999999999,13.37,32.641342032096034,436.414742969124,400.0,36.414742969124006,23,2023-11-27,48,1_Low (DSR<0.8)
2023-11-28 00:00:00,30,29.77985736644885,29.44252106341125,30.744622989008867,59,0.5,0,0.8,8.0,12.03,26.35938756238239,317.10343237546016,300.0,17.10343237546016,0,2023-11-28,48,1_Low (DSR<0.8)
2023-11-28 01:00:00,27,27.25954328772328,26.901090079274,27.85600193419672,56,0.4736842105263157,0,0.8,8.0,11.02,25.22531789383881,277.98300319010366,270.0,7.983003190103659,1,2023-11-28,48,1_Low (DSR<0.8)
2023-11-28 02:00:00,32,31.81745578067973,31.67649684086916,32.32600739676578,55,0.5714285714285714,0,0.8,8.0,10.27,31.408751087427564,322.5678736678811,320.0,2.567873667881088,2,2023-11-28,48,1_Low (DSR<0.8)
2023-11-28 03:00:00,31,29.481689150443938,28.856331975602977,30.78114886138741,70,0.4366197183098591,0,0.8,8.0,9.7,31.66806151246604,307.1801966709205,310.0,-2.819803329079491,3,2023-11-28,48,1_Low (DSR<0.8)
2023-11-28 04:00:00,32,31.71579225172461,31.234407305896458,32.77784835865159,56,0.5614035087719298,0,0.8,8.0,9.27,33.743813681489954,312.80515282741186,320.0,-7.19484717258814,4,2023-11-28,48,1_Low (DSR<0.8)
2023-11-28 05:00:00,30,30.141783280341063,30.088203485682502,30.66866617073072,58,0.5084745762711864,0,0.8,8.0,8.95,32.422397802155054,290.1804603292877,300.0,-9.819539670712288,5,2023-11-28,48,1_Low (DSR<0.8)
2023-11-28 06:00:00,34,34.58376918141583,34.31838570497794,36.456235506694654,62,0.5396825396825397,0,0.8,8.0,8.71,37.45124059462864,326.2003055792155,340.0,-13.799694420784476,6,2023-11-28,48,1_Low (DSR<0.8)
2023-11-28 07:00:00,88,92.35679010805347,77.05576351734994,98.54570822283014,70,1.2394366197183098,0,1.0811,10.811,9.24,93.0062838933717,859.3780631747545,880.0,-20.621936825245484,7,2023-11-28,48,3_Mild surge (1.2-2.0)
2023-11-28 08:00:00,174,177.04376204195248,164.20121791581388,184.97073302761137,80,2.1481481481481484,0,1.5465,15.465,10.8,164.8741689301623,1780.6410244457531,1740.0,40.641024445753146,8,2023-11-28,48,4_Strong surge (>2.0)
2023-11-28 09:00:00,214,214.84596567752723,206.379278543198,228.1063647002765,83,2.5476190476190474,0,1.747,17.470000000000002,12.47,183.36112121442983,2286.51318154394,2140.0,146.51318154393994,9,2023-11-28,48,4_Strong surge (>2.0)
2023-11-28 10:00:00,198,193.32876005168225,174.020339043653,194.12966249639047,93,2.106382978723404,0,1.5291,15.291,13.18,163.2015965784454,2150.9970429039104,1980.0,170.99704290391037,10,2023-11-28,48,4_Strong surge (>2.0)
2023-11-28 11:00:00,111,108.83626617803036,97.78069298467,108.83626617803036,96,1.1443298969072164,0,1.056,10.56,12.53,94.78884448922946,1187.704221450045,1110.0,77.704221450045,11,2023-11-28,48,2_Balanced (0.8-1.2)
2023-11-28 12:00:00,96,97.76954576466964,94.40195058052016,101.53387116593191,97,0.979591836734694,0,1.0,10.0,11.9,84.99401790975688,1011.4288131261068,960.0,51.428813126106775,12,2023-11-28,48,2_Balanced (0.8-1.2)
2023-11-28 13:00:00,107,106.0750839301047,99.24237814741431,106.0750839301047,101,1.0490196078431373,0,1.0147,10.146999999999998,11.46,97.26454182528428,1114.651649317758,1070.0,44.65164931775803,13,2023-11-28,48,2_Balanced (0.8-1.2)
2023-11-28 14:00:00,53,52.10595882941266,48.53201754784895,57.92908542281607,105,0.5,0,0.8,8.0,10.6,50.8817176784403,539.3462073914671,530.0,9.346207391467146,14,2023-11-28,48,1_Low (DSR<0.8)
2023-11-28 15:00:00,66,66.9635075360566,61.866350178921344,71.40598740808286,96,0.6804123711340206,0,0.8225,8.225,10.01,65.95383923468967,660.1979307392436,660.0,0.1979307392435885,15,2023-11-28,48,1_Low (DSR<0.8)
2023-11-28 16:00:00,121,121.79451941936108,109.74567830418222,125.13444964157686,91,1.315217391304348,0,1.1358,11.358,10.35,118.12100284528796,1222.5523794487303,1210.0,12.552379448730335,16,2023-11-28,48,3_Mild surge (1.2-2.0)
2023-11-28 17:00:00,240,236.05978728258933,212.4820867613737,236.05978728258933,91,2.608695652173913,0,1.7774,17.774,12.21,208.69415077795608,2548.155580998844,2400.0,148.15558099884402,17,2023-11-28,48,4_Strong surge (>2.0)
2023-11-28 18:00:00,259,257.19764801526287,248.75072164741923,280.2082013695564,82,3.1204819277108435,0,2.0226,20.226000000000003,14.21,202.52745696770145,2877.915163511037,2590.0,287.915163511037,18,2023-11-28,48,4_Strong surge (>2.0)
2023-11-28 19:00:00,293,289.3682654139251,280.2335545021129,293.1172430858336,76,3.805194805194805,0,2.3866,23.866,16.62,205.3174712578407,3412.376372305313,2930.0,482.376372305313,19,2023-11-28,48,4_Strong surge (>2.0)
2023-11-28 20:00:00,201,198.8421118644549,198.0167374328724,221.788621122462,54,3.654545454545455,0,2.2857,22.857,18.18,132.27578336663936,2404.773741605504,2010.0,394.7737416055038,20,2023-11-28,48,4_Strong surge (>2.0)
2023-11-28 21:00:00,122,121.87070617324116,111.6714067939071,131.53158771335958,63,1.90625,0,1.4179,14.178999999999998,17.18,83.53021880478249,1435.0491590661632,1220.0,215.04915906616316,21,2023-11-28,48,3_Mild surge (1.2-2.0)
2023-11-28 22:00:00,74,69.75555525843714,64.57645685883693,75.73747984660864,62,1.1746031746031746,0,1.0616,10.616,15.54,54.35206008204513,844.6310136749812,740.0,104.6310136749812,22,2023-11-28,48,2_Balanced (0.8-1.2)
2023-11-28 23:00:00,39,39.96402370017852,38.54144527675371,42.053499187900485,57,0.6724137931034483,0,0.8255,8.255,13.72,31.254800350988987,428.8158608155689,390.0,38.8158608155689,23,2023-11-28,48,1_Low (DSR<0.8)
2023-11-29 00:00:00,29,29.034761528727447,28.39775356509878,29.378953084135688,61,0.4677419354838709,0,0.8,8.0,12.29,25.102193897118774,308.5059629955897,290.0,18.505962995589698,0,2023-11-29,48,1_Low (DSR<0.8)
2023-11-29 01:00:00,33,32.424459841112544,31.82088158211615,33.032551178108754,64,0.5076923076923077,0,0.8,8.0,11.22,30.445207618424444,341.5952294787223,330.0,11.595229478722274,1,2023-11-29,48,1_Low (DSR<0.8)
2023-11-29 02:00:00,34,33.81319386307516,33.007667591990376,34.55073632518007,57,0.5862068965517241,0,0.8,8.0,10.42,33.034787215725544,344.22248278786014,340.0,4.2224827878601445,2,2023-11-29,48,1_Low (DSR<0.8)
2023-11-29 03:00:00,31,31.10462460236869,30.774150072483685,31.75939150954237,62,0.492063492063492,0,0.8,8.0,9.81,31.419074545366136,308.2211212900418,310.0,-1.7788787099581782,3,2023-11-29,48,1_Low (DSR<0.8)
2023-11-29 04:00:00,28,28.185361919727544,27.12308764502865,28.711334638577984,63,0.4375,0,0.8,8.0,9.36,29.32681754325063,274.4990122048259,280.0,-5.500987795174126,4,2023-11-29,48,1_Low (DSR<0.8)
2023-11-29 05:00:00,29,28.92271096876097,28.67558584278608,29.712010531061,56,0.5087719298245614,0,0.8,8.0,9.02,31.1711928192671,281.1641592297892,290.0,-8.83584077021078,5,2023-11-29,48,1_Low (DSR<0.8)
2023-11-29 06:00:00,39,39.97031242260757,37.41399570432967,39.97031242260757,59,0.65,0,0.8173,8.173,8.81,42.61686228582918,375.4545567381551,390.0,-14.545443261844923,6,2023-11-29,48,1_Low (DSR<0.8)
2023-11-29 07:00:00,85,86.97580817278553,82.24074622435194,95.9709486005191,70,1.1971830985915493,0,1.0729,10.729,9.29,89.49688628895912,831.4260736244302,850.0,-18.57392637556984,7,2023-11-29,48,2_Balanced (0.8-1.2)
2023-11-29 08:00:00,168,167.0187455775627,165.71671183924312,193.8479176859256,74,2.24,0,1.5793,15.793,10.92,157.96229499522536,1724.948261347861,1680.0,44.948261347861035,8,2023-11-29,48,4_Strong surge (>2.0)
2023-11-29 09:00:00,259,262.13406634004514,229.53117959957183,262.13406634004514,81,3.158536585365854,0,2.0406,20.406,13.29,212.24246328410337,2820.7023370457337,2590.0,230.70233704573366,9,2023-11-29,48,4_Strong surge (>2.0)
2023-11-29 10:00:00,183,184.92433012831412,172.93594206957926,199.84330349286788,91,1.9891304347826089,0,1.4621,14.621,13.62,147.41005710268118,2007.7249777385173,1830.0,177.72497773851728,10,2023-11-29,48,3_Mild surge (1.2-2.0)
2023-11-29 11:00:00,83,85.48949815643792,82.77037696456897,89.79327665937495,101,0.8137254901960784,0,0.8958,8.958,12.45,71.19664787162661,886.3982660017513,830.0,56.39826600175127,11,2023-11-29,48,2_Balanced (0.8-1.2)
2023-11-29 12:00:00,91,91.18506027268604,89.51692877291332,94.64790102025216,103,0.875,0,0.9297,9.297,11.66,81.72452537173488,952.9079658344288,910.0,42.90796583442875,12,2023-11-29,48,2_Balanced (0.8-1.2)
2023-11-29 13:00:00,88,91.15266246102584,85.55579411748225,94.43058044823712,95,0.9166666666666666,0,0.9445,9.445,11.11,81.7490719171871,908.2321889999486,880.0,28.232188999948562,13,2023-11-29,48,2_Balanced (0.8-1.2)
2023-11-29 14:00:00,53,52.15498617958839,48.50306469251272,54.16252357655112,103,0.5096153846153846,0,0.8,8.0,10.33,51.80905186646312,535.187505780564,530.0,5.187505780564038,14,2023-11-29,48,1_Low (DSR<0.8)
2023-11-29 15:00:00,81,78.20123414769495,69.54191611191733,80.53083504564665,91,0.8804347826086957,0,0.9206,9.206,10.05,80.71769947802166,811.2128797541177,810.0,1.2128797541176937,15,2023-11-29,48,2_Balanced (0.8-1.2)
2023-11-29 16:00:00,132,133.09057114872806,117.0122824032024,139.90240994199922,83,1.5714285714285714,0,1.2528,12.528,10.67,126.14174588140284,1345.9324285545683,1320.0,25.932428554568332,16,2023-11-29,48,3_Mild surge (1.2-2.0)
2023-11-29 17:00:00,201,203.619926964662,196.75688050484783,211.8108933876853,83,2.392857142857143,0,1.6777,16.777,12.2,174.88162333274872,2133.5558046595343,2010.0,123.55580465953426,17,2023-11-29,48,4_Strong surge (>2.0)
2023-11-29 18:00:00,287,287.8963383108992,260.5753177131821,288.96815106261107,83,3.4166666666666665,0,2.1758,21.758000000000003,14.59,220.31455642290317,3214.389378210157,2870.0,344.3893782101568,18,2023-11-29,48,4_Strong surge (>2.0)
2023-11-29 19:00:00,274,281.5094118985438,258.79970997867935,283.2280279027497,72,3.753424657534248,0,2.3459,23.459,16.81,190.48165834722843,3201.9966768169097,2740.0,461.9966768169097,19,2023-11-29,48,4_Strong surge (>2.0)
2023-11-29 20:00:00,221,220.53997105095632,214.36545073190595,240.1777345713104,60,3.622950819672131,0,2.2711,22.711,18.29,144.82471410833958,2648.8440210415306,2210.0,438.8440210415306,20,2023-11-29,48,4_Strong surge (>2.0)
2023-11-29 21:00:00,136,136.09734822371774,129.16677814148994,143.10833043824294,59,2.2666666666666666,0,1.6084,16.084,17.74,91.04820276733506,1615.1951170925238,1360.0,255.1951170925238,21,2023-11-29,48,4_Strong surge (>2.0)
2023-11-29 22:00:00,76,72.67212247550025,64.57360467471356,83.07667642725329,59,1.2666666666666666,0,1.0906,10.906,16.03,54.62106033205227,875.575597122798,760.0,115.57559712279794,22,2023-11-29,48,3_Mild surge (1.2-2.0)
2023-11-29 23:00:00,41,41.97657915440925,40.014694714777534,42.74606182848332,60,0.6721311475409836,0,0.8281,8.280999999999999,14.09,32.25122102168957,454.419704195606,410.0,44.419704195606016,23,2023-11-29,48,1_Low (DSR<0.8)
2023-11-30 00:00:00,35,35.01555097524177,34.42967343197205,35.01555097524177,56,0.6140350877192983,0,0.805,8.05,12.58,29.805169472389863,374.9490319626645,350.0,24.949031962664492,0,2023-11-30,48,1_Low (DSR<0.8)
2023-11-30 01:00:00,33,32.931756426744265,32.450015459377155,33.895979848971066,59,0.55,0,0.8,8.0,11.44,30.03417609400493,343.5909745154164,330.0,13.590974515416406,1,2023-11-30,48,1_Low (DSR<0.8)
2023-11-30 02:00:00,29,28.89542785706508,28.58661573270359,30.01704880220232,59,0.4833333333333333,0,0.8,8.0,10.58,27.87776998719563,294.9468064645298,290.0,4.9468064645298,2,2023-11-30,48,1_Low (DSR<0.8)
2023-11-30 03:00:00,37,36.29288963847332,35.951214709396176,36.47361030039091,55,0.6607142857142857,0,0.8286,8.286,10.01,36.97412199520481,370.11096117200015,370.0,0.11096117200014533,3,2023-11-30,48,1_Low (DSR<0.8)
2023-11-30 04:00:00,32,31.826917237085937,31.826917237085937,32.65920965452588,57,0.5517241379310345,0,0.8,8.0,9.51,33.145426864346575,315.2130094799359,320.0,-4.78699052006408,4,2023-11-30,48,1_Low (DSR<0.8)
2023-11-30 05:00:00,30,29.813999878073624,29.522696182679248,30.717844737887287,61,0.4838709677419355,0,0.8,8.0,9.13,31.973612732952684,291.919084251858,300.0,-8.08091574814199,5,2023-11-30,48,1_Low (DSR<0.8)
2023-11-30 06:00:00,46,44.93950915309164,41.41683115180493,45.07938087899388,60,0.7540983606557377,0,0.8666,8.666,9.01,49.48236836376074,445.83613895748425,460.0,-14.163861042515748,6,2023-11-30,48,1_Low (DSR<0.8)
2023-11-30 07:00:00,102,95.36121032195705,90.6225099005515,99.4313407850996,68,1.4782608695652173,0,1.2221,12.221,9.81,103.3788904395918,1014.1469152123956,1020.0,-5.853084787604416,7,2023-11-30,48,3_Mild surge (1.2-2.0)
2023-11-30 08:00:00,187,192.228659372534,183.18291242846752,204.05490358176715,73,2.527027027027027,0,1.7349,17.349,11.69,167.63760545652244,1959.6836077867472,1870.0,89.68360778674719,8,2023-11-30,48,4_Strong surge (>2.0)
2023-11-30 09:00:00,242,240.3571580919364,227.21334771179608,245.7155596741441,93,2.574468085106383,0,1.7667,17.666999999999998,13.18,199.46861804032216,2628.996385771446,2420.0,208.99638577144606,9,2023-11-30,48,4_Strong surge (>2.0)
2023-11-30 10:00:00,185,183.64513250955528,176.86486678467048,200.83366845543503,87,2.102272727272727,0,1.5209,15.209,13.69,148.4873014795095,2032.7911572544847,1850.0,182.7911572544847,10,2023-11-30,48,4_Strong surge (>2.0)
2023-11-30 11:00:00,105,102.89570613930736,98.26281575932516,102.9064667714206,97,1.0714285714285714,0,1.0288,10.288,12.84,88.1442085260089,1131.771637473954,1050.0,81.77163747395389,11,2023-11-30,48,2_Balanced (0.8-1.2)
2023-11-30 12:00:00,113,111.29972169396848,105.24691768909904,116.4318283264552,96,1.1649484536082475,0,1.0663,10.663,12.3,97.75632475451624,1202.4027944805496,1130.0,72.40279448054957,12,2023-11-30,48,2_Balanced (0.8-1.2)
2023-11-30 13:00:00,99,98.80288968556329,95.89193655077024,100.15444021720546,100,0.9801980198019802,0,1.0,10.0,11.73,88.53736367758036,1038.5432759380176,990.0,48.54327593801759,13,2023-11-30,48,2_Balanced (0.8-1.2)
2023-11-30 14:00:00,56,55.67013391256746,51.42627925004665,56.95297064193776,102,0.5436893203883495,0,0.8,8.0,10.8,53.06295092005224,573.0798699365643,560.0,13.07986993656425,14,2023-11-30,48,1_Low (DSR<0.8)
2023-11-30 15:00:00,81,79.10389325317739,72.61793939283618,84.14148652562785,88,0.9101123595505618,0,0.9344,9.344,10.44,78.5949550334496,820.5313305492137,810.0,10.531330549213749,15,2023-11-30,48,2_Balanced (0.8-1.2)
2023-11-30 16:00:00,131,134.4627116966695,124.33853245743455,137.5309783580585,91,1.423913043478261,0,1.1943,11.943,10.82,123.96874742015396,1341.3418470860656,1310.0,31.341847086065627,16,2023-11-30,48,3_Mild surge (1.2-2.0)
2023-11-30 17:00:00,241,238.5313306257856,213.9145633222268,238.5313306257856,91,2.619565217391304,0,1.7819,17.819,12.57,205.3441563072701,2581.176044782386,2410.0,171.17604478238582,17,2023-11-30,48,4_Strong surge (>2.0)
2023-11-30 18:00:00,285,284.9933275663298,263.8441241230807,302.11280544596383,86,3.2758620689655173,0,2.095,20.950000000000003,14.67,217.94342937985823,3197.2301090025203,2850.0,347.2301090025203,18,2023-11-30,48,4_Strong surge (>2.0)
2023-11-30 19:00:00,302,298.9347308128332,281.7928722480717,306.1719095305773,68,4.376811594202898,0,2.5,25.0,17.25,206.18381609069175,3556.670827564433,3020.0,536.6708275644328,19,2023-11-30,48,4_Strong surge (>2.0)
2023-11-30 20:00:00,220,217.5829996678559,216.3428297949649,241.2708539021624,60,3.60655737704918,0,2.2639,22.639,18.6,142.48318673809925,2650.1872733286464,2200.0,450.18727332864637,20,2023-11-30,48,4_Strong surge (>2.0)
2023-11-30 21:00:00,133,129.79939426799623,122.47815074080096,149.03785047340952,69,1.9,0,1.4058,14.058,17.46,90.0369289672465,1572.0447797681238,1330.0,242.04477976812382,21,2023-11-30,48,3_Mild surge (1.2-2.0)
2023-11-30 22:00:00,70,69.67808044700128,64.87089616564471,78.74744200402266,64,1.0769230769230769,0,1.0079,10.079,15.61,51.25261253315998,800.0532816426273,700.0,100.05328164262733,22,2023-11-30,48,2_Balanced (0.8-1.2)
2023-11-30 23:00:00,48,47.2716050754322,43.763220473696094,49.79118116468233,58,0.8135593220338984,0,0.8898,8.898,13.93,38.06058470814996,530.1839449845289,480.0,50.18394498452892,23,2023-11-30,48,2_Balanced (0.8-1.2)
2023-12-01 00:00:00,37,36.568253586397496,36.29173727038249,37.46662546189702,58,0.6271186440677966,0,0.8097,8.097,12.47,31.70262376137338,395.3317183043261,370.0,25.331718304326102,0,2023-12-01,48,1_Low (DSR<0.8)
2023-12-01 01:00:00,37,36.60794138688373,36.16980187156104,37.15054973138445,64,0.5692307692307692,0,0.8,8.0,11.35,33.86137746249746,384.3266341993461,370.0,14.326634199346074,1,2023-12-01,48,1_Low (DSR<0.8)
2023-12-01 02:00:00,47,45.43296949755135,41.7594353127329,46.69509108893227,56,0.8245614035087719,0,0.8977,8.977,10.76,44.65080241994335,480.4426340385904,470.0,10.442634038590427,2,2023-12-01,48,2_Balanced (0.8-1.2)
2023-12-01 03:00:00,43,41.31881714736521,39.85093654464249,41.31881714736521,64,0.6615384615384615,0,0.8264,8.264,10.14,42.583552282899326,431.7972201485992,430.0,1.7972201485991945,3,2023-12-01,48,1_Low (DSR<0.8)
2023-12-01 04:00:00,33,33.666762141270866,33.18576434214668,35.04793058827379,61,0.532258064516129,0,0.8,8.0,9.61,33.93185234621689,326.0851010471443,330.0,-3.914898952855708,4,2023-12-01,48,1_Low (DSR<0.8)
2023-12-01 05:00:00,39,38.47888316609394,37.09466713504357,39.96946737358114,62,0.6190476190476191,0,0.8007,8.007,9.21,41.31263213520703,380.4893419652568,390.0,-9.510658034743187,5,2023-12-01,48,1_Low (DSR<0.8)
2023-12-01 06:00:00,45,45.29847242221655,41.415954981622384,46.61462470500165,59,0.75,0,0.8603,8.603,9.06,48.219508065671626,436.8687430749849,450.0,-13.131256925015123,6,2023-12-01,48,1_Low (DSR<0.8)
2023-12-01 07:00:00,103,100.71992924494972,93.84756994117288,105.16837070907071,66,1.537313432835821,0,1.2475,12.475,9.91,103.65390463168548,1027.210194900003,1030.0,-2.789805099997011,7,2023-12-01,48,3_Mild surge (1.2-2.0)
2023-12-01 08:00:00,188,189.23897362261812,177.35775393670937,198.82600973985552,84,2.211764705882353,0,1.5787,15.787,11.38,171.73478306331145,1954.3418312604845,1880.0,74.34183126048447,8,2023-12-01,48,4_Strong surge (>2.0)
2023-12-01 09:00:00,321,316.2046118233638,278.485618547435,319.46657517472863,84,3.776470588235294,0,2.342,23.42,14.39,248.80693234413144,3580.3317564320514,3210.0,370.3317564320514,9,2023-12-01,48,4_Strong surge (>2.0)
2023-12-01 10:00:00,221,214.7443331333349,187.4600582007105,214.7443331333349,89,2.455555555555556,0,1.695,16.95,15.03,166.15789716052345,2497.353194322667,2210.0,287.35319432266715,10,2023-12-01,48,4_Strong surge (>2.0)
2023-12-01 11:00:00,128,127.1224973195774,116.96094224005527,130.11444443815003,96,1.3195876288659794,0,1.1419,11.419,14.13,100.48713318852197,1419.8831919538154,1280.0,139.8831919538154,11,2023-12-01,48,3_Mild surge (1.2-2.0)
2023-12-01 12:00:00,115,115.02999878505491,115.02999878505491,130.86471546265926,100,1.1386138613861383,0,1.0474,10.474,13.22,94.5879518779124,1250.452723826002,1150.0,100.45272382600206,12,2023-12-01,48,2_Balanced (0.8-1.2)
2023-12-01 13:00:00,123,120.19611589497552,111.53423108786544,125.81555206019034,94,1.2947368421052632,0,1.1271,11.271,12.73,103.87839453404018,1322.3719624183316,1230.0,92.37196241833158,13,2023-12-01,48,3_Mild surge (1.2-2.0)
2023-12-01 14:00:00,69,65.7113975983494,62.786612867434336,67.74027063068156,96,0.711340206185567,0,0.8461,8.461,11.66,61.96694780933744,722.5346114568746,690.0,32.534611456874586,14,2023-12-01,48,1_Low (DSR<0.8)
2023-12-01 15:00:00,105,99.10036033389734,89.66676915887653,99.10036033389734,93,1.1170212765957446,0,1.0435,10.435,11.35,96.09309820438467,1090.656664619766,1050.0,40.656664619765934,15,2023-12-01,48,2_Balanced (0.8-1.2)
2023-12-01 16:00:00,193,186.2750724073635,159.54138495723345,186.2750724073635,96,1.9896907216494848,0,1.4628,14.628,12.17,168.21081082418348,2047.125567730313,1930.0,117.12556773031292,16,2023-12-01,48,3_Mild surge (1.2-2.0)
2023-12-01 17:00:00,304,302.1954467119647,269.31414035377645,304.48295317280974,81,3.707317073170732,0,2.3127,23.127,14.91,229.8472082832557,3427.0218755033425,3040.0,387.02187550334247,17,2023-12-01,48,4_Strong surge (>2.0)
2023-12-01 18:00:00,365,365.4684422790871,337.7549262896944,376.6417394202097,70,5.140845070422535,0,2.5,25.0,17.43,247.39145422117167,4312.033047075022,3650.0,662.0330470750223,18,2023-12-01,48,4_Strong surge (>2.0)
2023-12-01 19:00:00,439,422.7456269174031,348.42965746459834,464.1841592435984,61,7.080645161290323,0,2.5,25.0,19.32,276.85956664864455,5348.926827651812,4390.0,958.9268276518123,19,2023-12-01,48,4_Strong surge (>2.0)
2023-12-01 20:00:00,252,216.35044068272828,216.35044068272828,320.2252861598743,55,4.5,0,2.5,25.0,20.74,151.22876806784052,3136.4846497270123,2520.0,616.4846497270123,20,2023-12-01,48,4_Strong surge (>2.0)
2023-12-01 21:00:00,154,154.66898862274653,140.42388558102277,166.59227016413627,65,2.333333333333333,0,1.6246,16.246000000000002,19.62,96.07965140718107,1885.082760608893,1540.0,345.08276060889307,21,2023-12-01,48,4_Strong surge (>2.0)
2023-12-01 22:00:00,92,113.36652936872434,83.00668561565853,113.36652936872434,60,1.5081967213114753,0,1.2042,12.042,17.73,61.6157462049604,1092.4471802139478,920.0,172.44718021394783,22,2023-12-01,48,3_Mild surge (1.2-2.0)
2023-12-01 23:00:00,66,61.81154971812276,54.26336677793768,64.15680510276358,62,1.0476190476190477,0,1.0,10.0,15.8,47.91637715934717,757.0787591176853,660.0,97.07875911768531,23,2023-12-01,48,2_Balanced (0.8-1.2)
2023-12-02 00:00:00,44,41.16459173994864,41.16459173994864,47.40654279832055,55,0.7857142857142857,0,0.873,8.73,14.03,34.71461129584939,487.04599648076686,440.0,47.04599648076686,0,2023-12-02,48,1_Low (DSR<0.8)
2023-12-02 01:00:00,44,43.74921473858141,41.95801621211866,44.84538308737304,53,0.8148148148148148,0,0.8986,8.985999999999999,12.77,37.0782346367253,473.4890563109821,440.0,33.48905631098211,1,2023-12-02,48,2_Balanced (0.8-1.2)
2023-12-02 02:00:00,40,43.716632810562025,40.54573166863756,43.7861904233444,53,0.7407407407407407,0,0.8609,8.609,11.73,35.77267219296176,419.6134448234414,400.0,19.613444823441398,2,2023-12-02,48,1_Low (DSR<0.8)
2023-12-02 03:00:00,49,47.27106243562765,43.37590011870248,48.30622040003079,56,0.8596491228070176,0,0.9156,9.156,11.09,45.57681764418205,505.44690767397896,490.0,15.446907673978956,3,2023-12-02,48,2_Balanced (0.8-1.2)
2023-12-02 04:00:00,49,47.11506471642233,43.886067265560165,48.31280285342865,53,0.9074074074074074,0,0.9405,9.405,10.67,46.8253450620359,499.6264318119231,490.0,9.626431811923112,4,2023-12-02,48,2_Balanced (0.8-1.2)
2023-12-02 05:00:00,49,45.86051951596078,43.31519541248144,47.96055063211988,57,0.8448275862068966,0,0.9087,9.087,10.27,48.09465010262346,493.9320565539429,490.0,3.932056553942914,5,2023-12-02,48,2_Balanced (0.8-1.2)
2023-12-02 06:00:00,56,54.89518873947076,49.20083586618965,55.348210800969085,55,1.0,0,1.0,10.0,10.2,55.22909245234095,563.3367430138777,560.0,3.336743013877708,6,2023-12-02,48,2_Balanced (0.8-1.2)
2023-12-02 07:00:00,119,120.73989369765393,114.37665018415522,124.35900271360012,58,2.016949152542373,0,1.4899,14.899,11.37,108.771379393763,1236.730583707085,1190.0,46.73058370708509,7,2023-12-02,48,4_Strong surge (>2.0)
2023-12-02 08:00:00,247,248.7161990011476,226.076310524476,248.7161990011476,66,3.6865671641791047,0,2.3114,23.114,14.31,192.1981529072485,2750.355568102726,2470.0,280.355568102726,8,2023-12-02,48,4_Strong surge (>2.0)
2023-12-02 09:00:00,371,373.5034784711848,333.5633606267206,397.52857652281983,72,5.082191780821918,0,2.5,25.0,16.98,256.1046886908718,4348.657613971003,3710.0,638.6576139710032,9,2023-12-02,48,4_Strong surge (>2.0)
2023-12-02 10:00:00,252,245.8839425714347,238.34482263616297,270.1544071731575,86,2.896551724137931,0,1.9106,19.106,17.51,170.25514250772127,2981.1675453102,2520.0,461.1675453101998,10,2023-12-02,48,4_Strong surge (>2.0)
2023-12-02 11:00:00,131,131.27551757589742,125.54651397324284,142.9858604511386,82,1.5783132530120485,0,1.2637,12.637,16.29,93.095038664149,1516.518179838987,1310.0,206.51817983898695,11,2023-12-02,48,3_Mild surge (1.2-2.0)
2023-12-02 12:00:00,144,143.89665737482866,131.10612617038984,152.9519776294243,83,1.7142857142857142,0,1.3265,13.265,15.53,105.81383946416186,1643.2889268784336,1440.0,203.28892687843359,12,2023-12-02,48,3_Mild surge (1.2-2.0)
2023-12-02 13:00:00,133,132.12367534631255,122.91734341417047,134.56236297954916,90,1.4615384615384617,0,1.2146,12.146,14.68,101.6584308969601,1492.3457655673742,1330.0,162.3457655673742,13,2023-12-02,48,3_Mild surge (1.2-2.0)
2023-12-02 14:00:00,78,78.41845880843935,70.10065368111843,82.38390273487417,87,0.8863636363636364,0,0.9213,9.213,13.31,63.851332347712976,849.8612335480598,780.0,69.86123354805977,14,2023-12-02,48,2_Balanced (0.8-1.2)
2023-12-02 15:00:00,110,104.59740079454316,91.61705099459638,107.43092883787467,86,1.264367816091954,0,1.1068,11.068,12.75,92.79734604824375,1183.166162115108,1100.0,83.16616211510791,15,2023-12-02,48,3_Mild surge (1.2-2.0)
2023-12-02 16:00:00,197,198.205132793126,177.63249052417294,201.16561969179,90,2.1648351648351647,0,1.5544,15.544,13.45,160.08868126570923,2153.192763023789,1970.0,183.1927630237892,16,2023-12-02,48,4_Strong surge (>2.0)
2023-12-02 17:00:00,317,316.26888855357834,289.0522136698132,343.3938272634295,79,3.9625,0,2.4175,24.175,16.13,226.83768427741305,3658.891847394672,3170.0,488.8918473946719,17,2023-12-02,48,4_Strong surge (>2.0)
2023-12-02 18:00:00,432,469.9394121924408,356.9526789910583,469.9394121924408,68,6.260869565217392,0,2.5,25.0,18.35,282.44799670739343,5182.92073958067,4320.0,862.9207395806698,18,2023-12-02,48,4_Strong surge (>2.0)
2023-12-02 19:00:00,394,432.58811535494186,347.9074900598145,514.5457970289654,56,6.912280701754386,0,2.5,25.0,20.01,242.4505980825693,4851.436467632211,3940.0,911.4364676322111,19,2023-12-02,48,4_Strong surge (>2.0)
2023-12-02 20:00:00,328,346.58132966854544,280.0611725006654,437.7721282549418,51,6.307692307692308,0,2.5,25.0,21.26,193.45482301890596,4112.8495373819405,3280.0,832.8495373819405,20,2023-12-02,48,4_Strong surge (>2.0)
2023-12-02 21:00:00,198,173.29198927101848,167.8551986260075,196.97593001660132,55,3.5357142857142856,0,2.211,22.11,21.47,115.97990779809273,2490.0886204250505,1980.0,510.0886204250505,21,2023-12-02,48,4_Strong surge (>2.0)
2023-12-02 22:00:00,93,94.62590568516278,81.21796119586362,99.36850987233932,49,1.86,0,1.3893,13.893,19.58,58.10507516482746,1137.6973717273215,930.0,207.69737172732152,22,2023-12-02,48,3_Mild surge (1.2-2.0)
2023-12-02 23:00:00,68,65.07230155117371,55.02218992049466,71.0762171108693,60,1.1147540983606556,0,1.0188,10.188,17.23,46.46321084780174,800.561122907624,680.0,120.56112290762405,23,2023-12-02,48,2_Balanced (0.8-1.2)
2023-12-03 00:00:00,39,39.92399281007136,38.6316709367005,40.97971784719874,53,0.7222222222222222,0,0.8537,8.537,15.06,29.281082398310488,440.973100918556,390.0,50.973100918555986,0,2023-12-03,48,1_Low (DSR<0.8)
2023-12-03 01:00:00,42,41.87348255476402,39.428243037246446,42.54559691084158,53,0.7777777777777778,0,0.8792,8.792,13.49,34.05970841327795,459.4654664951196,420.0,39.465466495119585,1,2023-12-03,48,1_Low (DSR<0.8)
2023-12-03 02:00:00,45,43.90995815965184,39.79643597503863,44.591306473875726,51,0.8653846153846154,0,0.9178,9.178,12.41,38.68764256253087,480.11364420100807,450.0,30.11364420100807,2,2023-12-03,48,2_Balanced (0.8-1.2)
2023-12-03 03:00:00,45,43.76809167663698,41.67982146475101,44.736853926636414,54,0.8181818181818182,0,0.8998,8.998000000000001,11.56,40.657627249014965,470.002170998613,450.0,20.002170998612996,3,2023-12-03,48,2_Balanced (0.8-1.2)
2023-12-03 04:00:00,42,41.21385455125456,39.572424254122616,41.9236620507734,49,0.84,0,0.9123,9.123,10.95,39.414807240766336,431.5921392863913,420.0,11.592139286391273,4,2023-12-03,48,2_Balanced (0.8-1.2)
2023-12-03 05:00:00,41,40.04121991954657,38.71228881192435,40.04121991954657,60,0.6721311475409836,0,0.832,8.32,10.29,40.18769470529755,413.53137851751177,410.0,3.5313785175117687,5,2023-12-03,48,1_Low (DSR<0.8)
2023-12-03 06:00:00,59,56.68339903277411,51.02745696110261,58.840476669823424,57,1.0172413793103448,0,1.0,10.0,10.22,58.10806110919548,593.8643845359778,590.0,3.8643845359778197,6,2023-12-03,48,2_Balanced (0.8-1.2)
2023-12-03 07:00:00,122,115.83013455537012,109.01581004103302,119.98570126990602,64,1.876923076923077,0,1.4182,14.182,11.21,112.62528470979817,1262.5294415968376,1220.0,42.529441596837614,7,2023-12-03,48,3_Mild surge (1.2-2.0)
2023-12-03 08:00:00,240,247.85418293482743,238.04533695608885,267.9440764440667,63,3.75,0,2.3322,23.322,14.24,187.3933819818196,2668.481759421111,2400.0,268.48175942111084,8,2023-12-03,48,4_Strong surge (>2.0)
2023-12-03 09:00:00,319,317.37536281929283,304.3685732405238,349.3871302305689,76,4.142857142857143,0,2.5,25.0,16.93,220.663657524312,3735.835721886601,3190.0,545.8357218866008,9,2023-12-03,48,4_Strong surge (>2.0)
2023-12-03 10:00:00,214,212.1917069771655,212.1917069771655,234.2053011446472,86,2.4597701149425286,0,1.7031,17.031,16.96,147.84807686317885,2507.503383599513,2140.0,367.5033835995132,10,2023-12-03,48,4_Strong surge (>2.0)
2023-12-03 11:00:00,135,132.09448480776425,114.5313854587659,134.34506651910584,88,1.5168539325842696,0,1.2303,12.303,15.8,98.01077146230102,1548.570189104356,1350.0,198.5701891043559,11,2023-12-03,48,3_Mild surge (1.2-2.0)
2023-12-03 12:00:00,136,139.15448582369467,129.03306422600537,142.55591557162603,82,1.6385542168674698,0,1.3002,13.002,15.1,101.91897452010076,1538.9765152535213,1360.0,178.97651525352126,12,2023-12-03,48,3_Mild surge (1.2-2.0)
2023-12-03 13:00:00,140,137.09352236271764,120.636302401588,139.58635856893534,85,1.627906976744186,0,1.2869,12.869,14.54,107.7290800247699,1566.3808235601543,1400.0,166.38082356015434,13,2023-12-03,48,3_Mild surge (1.2-2.0)
2023-12-03 14:00:00,77,71.83217840799281,68.9815229860249,80.85177255026159,85,0.8953488372093024,0,0.9245,9.245,13.22,63.33280256173265,837.2596498661056,770.0,67.25964986610563,14,2023-12-03,48,2_Balanced (0.8-1.2)
2023-12-03 15:00:00,108,105.30964203667185,96.11440341344502,107.9243542483522,82,1.3012048192771084,0,1.1314,11.314,12.74,91.16017618890876,1161.3806446466974,1080.0,81.38064464669742,15,2023-12-03,48,3_Mild surge (1.2-2.0)
2023-12-03 16:00:00,170,171.21903500485075,158.58981503722055,175.73825610317957,88,1.9101123595505616,0,1.4333,14.333,13.14,140.42103369404526,1845.1323827397548,1700.0,145.1323827397548,16,2023-12-03,48,3_Mild surge (1.2-2.0)
2023-12-03 17:00:00,327,313.9524558641949,298.82779172660173,365.10974019380296,67,4.8088235294117645,0,2.5,25.0,16.11,234.19675560238872,3772.9097327544814,3270.0,502.9097327544814,17,2023-12-03,48,4_Strong surge (>2.0)
2023-12-03 18:00:00,376,371.1079471281207,348.39735534299246,377.481505572524,71,5.222222222222222,0,2.5,25.0,18.33,246.02209898983267,4509.5850744836325,3760.0,749.5850744836325,18,2023-12-03,48,4_Strong surge (>2.0)
2023-12-03 19:00:00,417,472.7688699232097,345.6643070305731,472.7688699232097,56,7.315789473684211,0,2.5,25.0,20.0,256.69361018241506,5133.872203648301,4170.0,963.8722036483014,19,2023-12-03,48,4_Strong surge (>2.0)
2023-12-03 20:00:00,266,254.06777992031232,254.06777992031232,343.84004419848475,50,5.215686274509804,0,2.5,25.0,21.25,156.9388198813801,3334.949922479328,2660.0,674.949922479328,20,2023-12-03,48,4_Strong surge (>2.0)
2023-12-03 21:00:00,184,195.15233370120728,167.7380638619594,211.19921931705272,47,3.8333333333333335,0,2.3363,23.363,21.78,106.70316713174044,2323.994980129307,1840.0,483.9949801293069,21,2023-12-03,48,4_Strong surge (>2.0)
2023-12-03 22:00:00,82,86.08930927787965,77.09625808011927,98.79104758467808,51,1.5769230769230769,0,1.2403,12.403,19.44,51.490424226798446,1000.973846968962,820.0,180.973846968962,22,2023-12-03,48,3_Mild surge (1.2-2.0)
2023-12-03 23:00:00,56,53.802485589831726,50.46040830679651,63.14093599818656,58,0.9491525423728814,0,0.9408,9.408,16.93,38.73719379737138,655.8206909894975,560.0,95.8206909894975,23,2023-12-03,48,2_Balanced (0.8-1.2)
2023-12-04 00:00:00,32,31.785491324016323,30.93056016938521,34.12027674142558,61,0.5161290322580645,0,0.8,8.0,14.7,24.43587213795665,359.2073204279628,320.0,39.20732042796283,0,2023-12-04,49,1_Low (DSR<0.8)
2023-12-04 01:00:00,29,29.3193023137364,29.3193023137364,30.951033786539785,56,0.5087719298245614,0,0.8,8.0,13.02,24.10850660396913,313.89275598367806,290.0,23.892755983678057,1,2023-12-04,49,1_Low (DSR<0.8)
2023-12-04 02:00:00,28,28.6282230263684,28.15081355380709,29.57674998129321,64,0.4307692307692308,0,0.8,8.0,11.77,24.98126965782854,294.0295438726419,280.0,14.02954387264191,2,2023-12-04,49,1_Low (DSR<0.8)
2023-12-04 03:00:00,33,32.98021329381822,32.15991840468485,34.283423564337845,65,0.5,0,0.8,8.0,10.83,31.208580837744883,337.9889304727771,330.0,7.988930472777099,3,2023-12-04,49,1_Low (DSR<0.8)
2023-12-04 04:00:00,30,30.34605056562436,29.89104118272458,31.31067836525153,60,0.4918032786885246,0,0.8,8.0,10.12,29.75054294438291,301.07549459715506,300.0,1.075494597155057,4,2023-12-04,49,1_Low (DSR<0.8)
2023-12-04 05:00:00,30,29.87979599160684,29.87979599160684,31.72427407025352,68,0.4347826086956521,0,0.8,8.0,9.59,30.89215674097566,296.25578314595657,300.0,-3.7442168540434295,5,2023-12-04,49,1_Low (DSR<0.8)
2023-12-04 06:00:00,40,40.466087508477685,39.09777687887547,43.74944044465761,63,0.625,0,0.8,8.0,9.19,42.43645853005291,389.9910538911862,400.0,-10.008946108813802,6,2023-12-04,49,1_Low (DSR<0.8)
2023-12-04 07:00:00,106,101.50365018810156,89.76040579073157,108.84386536044256,72,1.452054794520548,0,1.1918,11.918,9.87,106.97538505648296,1055.8470505074863,1060.0,-4.152949492513699,7,2023-12-04,49,3_Mild surge (1.2-2.0)
2023-12-04 08:00:00,204,203.02816943103687,182.2052511049621,217.6948975046976,74,2.72,0,1.8115,18.115,11.93,180.2942419326849,2150.910306256931,2040.0,110.91030625693111,8,2023-12-04,49,4_Strong surge (>2.0)
2023-12-04 09:00:00,275,263.4595392014606,231.6754595410996,265.38169366806187,88,3.0898876404494384,0,2.0058,20.058,13.96,217.7273070371309,3039.473206238348,2750.0,289.4732062383482,9,2023-12-04,49,4_Strong surge (>2.0)
2023-12-04 10:00:00,193,188.59322254249653,174.85431603628558,200.8269627420775,92,2.075268817204301,0,1.506,15.06,14.24,150.69551134371324,2145.9040815344765,1930.0,215.90408153447652,10,2023-12-04,49,4_Strong surge (>2.0)
2023-12-04 11:00:00,100,100.42788104149916,98.73394329073056,106.49937340746888,99,1.0,0,1.0,10.0,13.18,82.42504877699263,1086.3621428807628,1000.0,86.3621428807628,11,2023-12-04,49,2_Balanced (0.8-1.2)
2023-12-04 12:00:00,83,85.80961960839161,82.62065130327083,92.8916008907629,95,0.8645833333333334,0,0.9157,9.157,12.17,72.33936424045197,880.3700628063004,830.0,50.37006280630044,12,2023-12-04,49,2_Balanced (0.8-1.2)
2023-12-04 13:00:00,89,90.6745359520719,87.91113799742251,94.44858488884162,101,0.8725490196078431,0,0.9263,9.263,11.44,81.001262798983,926.6544464203656,890.0,36.654446420365616,13,2023-12-04,49,2_Balanced (0.8-1.2)
2023-12-04 14:00:00,53,53.89750860643415,48.73002567212975,57.80421526521521,94,0.5578947368421052,0,0.8,8.0,10.58,50.94902790763339,539.0407152627613,530.0,9.040715262761296,14,2023-12-04,49,1_Low (DSR<0.8)
2023-12-04 15:00:00,62,65.75915262071622,63.67641097911344,73.9655895482513,84,0.7294117647058823,0,0.8447,8.447,10.05,61.783918118979535,620.9283770957444,620.0,0.9283770957443949,15,2023-12-04,49,1_Low (DSR<0.8)
2023-12-04 16:00:00,121,118.56706557586784,106.43429782103917,126.24065883372197,97,1.2346938775510203,0,1.0896,10.896,10.26,118.84535651027086,1219.353357795379,1210.0,9.353357795378997,16,2023-12-04,49,3_Mild surge (1.2-2.0)
2023-12-04 17:00:00,189,189.48972159128533,189.48972159128533,211.86417416203872,78,2.392405063291139,0,1.6663,16.663,11.86,167.7268233832423,1989.2401253252533,1890.0,99.2401253252533,17,2023-12-04,49,4_Strong surge (>2.0)
2023-12-04 18:00:00,289,286.433125828666,270.3119436261313,292.18320518806394,78,3.6582278481012658,0,2.3025,23.025,14.65,221.21343802855543,3240.776867118337,2890.0,350.7768671183371,18,2023-12-04,49,4_Strong surge (>2.0)
2023-12-04 19:00:00,309,297.136398026515,280.5291619827503,306.46155827495085,70,4.352112676056338,0,2.5,25.0,17.24,211.04856150924675,3638.4772004194137,3090.0,548.4772004194137,19,2023-12-04,49,4_Strong surge (>2.0)
2023-12-04 20:00:00,241,237.83189862551896,212.42049579456585,239.7914277028432,61,3.887096774193549,0,2.4015,24.015,18.93,154.17416777393217,2918.516995960536,2410.0,508.51699596053595,20,2023-12-04,49,4_Strong surge (>2.0)
2023-12-04 21:00:00,138,135.42618257064655,124.9581696338038,142.12023271551698,59,2.3,0,1.6189,16.189,18.24,90.60698987405443,1652.6714953027526,1380.0,272.67149530275265,21,2023-12-04,49,4_Strong surge (>2.0)
2023-12-04 22:00:00,66,65.28510646636624,58.21088032045009,70.8327102974729,61,1.064516129032258,0,1.0028,10.028,16.19,47.10544831167388,762.6372081660002,660.0,102.63720816600016,22,2023-12-04,49,2_Balanced (0.8-1.2)
2023-12-04 23:00:00,36,36.98151607708756,36.559957008804574,41.10379358835752,62,0.5714285714285714,0,0.8,8.0,14.14,28.248013632430407,399.426912762566,360.0,39.42691276256602,23,2023-12-04,49,1_Low (DSR<0.8)
2023-12-05 00:00:00,28,28.10196447330358,27.19461170191996,28.526319328201083,63,0.4375,0,0.8,8.0,12.61,23.80441268173392,300.1736439166648,280.0,20.173643916664787,0,2023-12-05,49,1_Low (DSR<0.8)
2023-12-05 01:00:00,29,28.680622419255563,28.00971989889476,29.42941103620044,67,0.4264705882352941,0,0.8,8.0,11.46,26.361417877880783,302.10184888051384,290.0,12.101848880513842,1,2023-12-05,49,1_Low (DSR<0.8)
2023-12-05 02:00:00,30,29.77417729013628,29.43984493263701,30.543035120996706,61,0.4838709677419355,0,0.8,8.0,10.6,28.80097227081527,305.29030607064186,300.0,5.290306070641861,2,2023-12-05,49,1_Low (DSR<0.8)
2023-12-05 03:00:00,32,31.944512524590863,31.13072285760067,31.944512524590863,60,0.5245901639344263,0,0.8,8.0,9.95,32.11247815195354,319.5191576119377,320.0,-0.4808423880622854,3,2023-12-05,49,1_Low (DSR<0.8)
2023-12-05 04:00:00,30,29.73000080049528,29.73000080049528,30.805351960797907,57,0.5172413793103449,0,0.8,8.0,9.46,31.188713376459237,295.0452285413044,300.0,-4.954771458695575,4,2023-12-05,49,1_Low (DSR<0.8)
2023-12-05 05:00:00,34,33.366593682178326,33.13433789039137,34.12273478033618,62,0.5396825396825397,0,0.8,8.0,9.1,36.32034309897044,330.51512220063097,340.0,-9.48487779936903,5,2023-12-05,49,1_Low (DSR<0.8)
2023-12-05 06:00:00,42,40.74672656230308,39.14168806564008,41.96112704984139,62,0.6666666666666666,0,0.8249,8.248999999999999,8.89,45.60558781023637,405.43367563300137,420.0,-14.566324366998629,6,2023-12-05,49,1_Low (DSR<0.8)
2023-12-05 07:00:00,91,89.87336497964894,84.78883327367583,98.16998112835286,68,1.318840579710145,0,1.1338,11.338,9.5,94.32674943726246,896.1041196539934,910.0,-13.895880346006606,7,2023-12-05,49,3_Mild surge (1.2-2.0)
2023-12-05 08:00:00,216,212.28242574887608,185.3786774246952,219.78974870068444,80,2.6666666666666665,0,1.789,17.89,11.6,194.68529909353796,2258.34946948504,2160.0,98.34946948504012,8,2023-12-05,49,4_Strong surge (>2.0)
2023-12-05 09:00:00,242,241.18230214338053,232.2883496783095,247.704377857452,83,2.880952380952381,0,1.9219,19.219,13.5,196.1470261503956,2647.9848530303407,2420.0,227.98485303034067,9,2023-12-05,49,4_Strong surge (>2.0)
2023-12-05 10:00:00,205,208.3678447537532,189.84290790617635,212.648110409906,95,2.1354166666666665,0,1.5421,15.421,13.98,162.14323779151067,2266.76246432532,2050.0,216.7624643253198,10,2023-12-05,49,4_Strong surge (>2.0)
2023-12-05 11:00:00,104,103.38900567319664,100.80245631053482,107.92008622043346,101,1.0196078431372548,0,1.0,10.0,12.98,86.64451091217565,1124.64575164004,1040.0,84.64575164004009,11,2023-12-05,49,2_Balanced (0.8-1.2)
2023-12-05 12:00:00,104,104.3424192331302,95.82600036411466,106.81991627548732,104,0.9904761904761904,0,1.0,10.0,12.23,90.33058428217268,1104.743045770972,1040.0,64.743045770972,12,2023-12-05,49,2_Balanced (0.8-1.2)
2023-12-05 13:00:00,107,108.2068417426572,100.09979732320546,111.08874716474068,101,1.0490196078431373,0,1.009,10.09,11.7,95.86358681889485,1121.6039657810695,1070.0,51.60396578106952,13,2023-12-05,49,2_Balanced (0.8-1.2)
2023-12-05 14:00:00,63,60.40893034410546,55.484869727536896,64.03292367719702,93,0.6702127659574468,0,0.8177,8.177,10.82,59.618557919616016,645.0727966902454,630.0,15.072796690245355,14,2023-12-05,49,1_Low (DSR<0.8)
2023-12-05 15:00:00,70,71.03992449407698,63.716625188145954,75.00415123399212,93,0.7446808510638298,0,0.8518,8.518,10.24,68.84748345749352,704.9982306047337,700.0,4.998230604733749,15,2023-12-05,49,1_Low (DSR<0.8)
2023-12-05 16:00:00,139,136.25242540510416,118.2688302568236,137.92022222650382,95,1.4479166666666667,0,1.1977,11.977,10.67,132.8310808902651,1417.307633099129,1390.0,27.307633099128907,16,2023-12-05,49,3_Mild surge (1.2-2.0)
2023-12-05 17:00:00,239,231.8194171970743,211.53207580486568,231.8194171970743,98,2.414141414141414,0,1.6848,16.848,12.21,207.8245918163813,2537.538266078016,2390.0,147.53826607801602,17,2023-12-05,49,4_Strong surge (>2.0)
2023-12-05 18:00:00,300,297.0507635202562,279.121153638388,303.17602101715045,76,3.896103896103896,0,2.4184,24.184,15.2,223.7848815623908,3401.53019974834,3000.0,401.5301997483398,18,2023-12-05,49,4_Strong surge (>2.0)
2023-12-05 19:00:00,321,319.41209703181227,297.16423103428946,321.1528274625916,71,4.458333333333333,0,2.5,25.0,17.65,215.667019072228,3806.522886624824,3210.0,596.522886624824,19,2023-12-05,49,4_Strong surge (>2.0)
2023-12-05 20:00:00,239,232.26671701294617,225.45113057806972,249.2376511307759,58,4.050847457627119,0,2.4868,24.868,19.45,150.02173265710448,2917.922700180682,2390.0,527.9227001806821,20,2023-12-05,49,4_Strong surge (>2.0)
2023-12-05 21:00:00,163,168.55329566262654,137.95629013531985,168.55329566262654,57,2.810344827586207,0,1.8536,18.536,19.22,103.1716167186332,1982.95847333213,1630.0,352.9584733321301,21,2023-12-05,49,4_Strong surge (>2.0)
2023-12-05 22:00:00,67,68.70748540253668,64.31445888257049,78.58516277206499,58,1.1355932203389831,0,1.035,10.35,17.0,46.21261642721195,785.6144792626031,670.0,115.61447926260314,22,2023-12-05,49,2_Balanced (0.8-1.2)
2023-12-05 23:00:00,44,44.463760086082914,42.42387141517374,44.65953394549165,53,0.8148148148148148,0,0.9007,9.007,15.0,33.12751010673443,496.9126516010164,440.0,56.91265160101642,23,2023-12-05,49,2_Balanced (0.8-1.2)
2023-12-06 00:00:00,31,30.771797184754,30.20505596594424,31.666502791270347,65,0.4696969696969697,0,0.8,8.0,13.25,25.45719674734977,337.30785690238446,310.0,27.307856902384458,0,2023-12-06,49,1_Low (DSR<0.8)
2023-12-06 01:00:00,35,35.08712253615446,34.67835219408389,35.44883984810794,52,0.660377358490566,0,0.8275,8.275,12.01,30.788458056460197,369.7693812580869,350.0,19.769381258086923,1,2023-12-06,49,1_Low (DSR<0.8)
2023-12-06 02:00:00,29,29.00759478351635,29.00759478351635,30.747256474170573,59,0.4833333333333333,0,0.8,8.0,11.01,27.111083501470866,298.4930293511942,290.0,8.493029351194195,2,2023-12-06,49,1_Low (DSR<0.8)
2023-12-06 03:00:00,34,33.30731683224355,33.22692817927491,34.09186527570935,56,0.5964912280701754,0,0.8,8.0,10.26,33.3945629863571,342.62821624002385,340.0,2.6282162400238462,3,2023-12-06,49,1_Low (DSR<0.8)
2023-12-06 04:00:00,32,31.75769120345989,31.404163549368576,32.894468608898976,57,0.5517241379310345,0,0.8,8.0,9.7,32.68961188383591,317.0892352732083,320.0,-2.910764726791683,4,2023-12-06,49,1_Low (DSR<0.8)
2023-12-06 05:00:00,32,31.80800200072869,31.06680216490774,32.67775976199237,65,0.4848484848484848,0,0.8,8.0,9.27,33.743813681489954,312.80515282741186,320.0,-7.19484717258814,5,2023-12-06,49,1_Low (DSR<0.8)
2023-12-06 06:00:00,39,38.78858391806959,38.174734955379904,40.79300393394809,61,0.6290322580645161,0,0.8065,8.065,8.97,42.08331054473583,377.4872955862804,390.0,-12.512704413719575,6,2023-12-06,49,1_Low (DSR<0.8)
2023-12-06 07:00:00,89,89.90551935633022,85.87140457937704,97.43029901032128,65,1.3484848484848484,0,1.1518,11.518,9.61,91.51317753979708,879.4416361574499,890.0,-10.55836384255008,7,2023-12-06,49,3_Mild surge (1.2-2.0)
2023-12-06 08:00:00,220,212.4122471357813,191.56145419195545,216.6468612581517,75,2.894736842105264,0,1.913,19.13,11.99,193.75336447609536,2323.102840068384,2200.0,123.10284006838401,8,2023-12-06,49,4_Strong surge (>2.0)
2023-12-06 09:00:00,271,271.8965379077765,254.1111506897655,283.6676885243987,81,3.304878048780488,0,2.1175,21.175,14.29,211.07982756434836,3016.3307358945376,2710.0,306.3307358945376,9,2023-12-06,49,4_Strong surge (>2.0)
2023-12-06 10:00:00,213,208.79274705269697,186.7200835605738,208.79274705269697,91,2.315217391304348,0,1.6314,16.314,14.8,161.8811953681865,2395.8416914491604,2130.0,265.8416914491604,10,2023-12-06,49,4_Strong surge (>2.0)
2023-12-06 11:00:00,121,115.0284657575209,99.98793736777108,115.4410956360162,97,1.2346938775510203,0,1.095,10.95,13.84,96.38070688702553,1333.9089833164333,1210.0,123.90898331643325,11,2023-12-06,49,3_Mild surge (1.2-2.0)
2023-12-06 12:00:00,112,108.51730299707728,96.20632850599044,108.51730299707728,111,1.0,0,1.0,10.0,12.88,93.81600138461329,1208.350097833819,1120.0,88.35009783381906,12,2023-12-06,49,2_Balanced (0.8-1.2)
2023-12-06 13:00:00,98,96.68836935513986,90.39861718227728,102.46512710325383,89,1.0888888888888888,0,1.0251,10.251,12.22,85.16795739178785,1040.7524393276476,980.0,60.75243932764761,13,2023-12-06,49,2_Balanced (0.8-1.2)
2023-12-06 14:00:00,62,58.7514914751307,56.60172763862024,62.60738241634605,99,0.62,0,0.8,8.0,11.17,57.37919728414151,640.9256336638606,620.0,20.925633663860594,14,2023-12-06,49,1_Low (DSR<0.8)
2023-12-06 15:00:00,74,73.39229219011176,73.2984292783093,79.19003991946671,94,0.7789473684210526,0,0.8789,8.789,10.57,71.1834820897945,752.4094056891279,740.0,12.40940568912788,15,2023-12-06,49,1_Low (DSR<0.8)
2023-12-06 16:00:00,139,141.34494344495434,127.2665476130281,141.34494344495434,97,1.4183673469387754,0,1.1912,11.912,10.91,130.77883818204623,1426.7971245661245,1390.0,36.79712456612447,16,2023-12-06,49,3_Mild surge (1.2-2.0)
2023-12-06 17:00:00,212,208.68808377326985,203.67463857642383,217.6946675313942,87,2.409090909090909,0,1.6875,16.875,12.4,182.3646600131076,2261.3217841625337,2120.0,141.32178416253373,17,2023-12-06,49,4_Strong surge (>2.0)
2023-12-06 18:00:00,338,332.9626501395498,296.3526893046381,334.6975922400829,80,4.172839506172839,0,2.5,25.0,15.55,248.14494064721984,3858.6538270642686,3380.0,478.6538270642686,18,2023-12-06,49,4_Strong surge (>2.0)
2023-12-06 19:00:00,304,303.57975232654195,291.5473615067976,321.11853509719595,70,4.28169014084507,0,2.5,25.0,17.91,202.1653274251404,3620.781014184265,3040.0,580.7810141842651,19,2023-12-06,49,4_Strong surge (>2.0)
2023-12-06 20:00:00,243,240.08865158280005,234.34415931403376,256.5983671833581,57,4.189655172413793,0,2.5,25.0,19.68,151.28250520987362,2977.239702530313,2430.0,547.239702530313,20,2023-12-06,49,4_Strong surge (>2.0)
2023-12-06 21:00:00,133,136.19044540705806,125.76169693689148,153.75657372751257,65,2.015151515151515,0,1.4614,14.614,18.41,86.75889040633618,1597.231172380649,1330.0,267.231172380649,21,2023-12-06,49,4_Strong surge (>2.0)
2023-12-06 22:00:00,80,78.32909234103512,68.72175481598778,88.59853517690136,63,1.25,0,1.0827,10.827,16.51,56.32056924981445,929.8525983144368,800.0,129.85259831443682,22,2023-12-06,49,3_Mild surge (1.2-2.0)
2023-12-06 23:00:00,43,42.599672927454186,40.749264758990535,43.46201419678276,63,0.671875,0,0.8281,8.280999999999999,14.45,33.23234307115072,480.2073573781278,430.0,50.207357378127824,23,2023-12-06,49,1_Low (DSR<0.8)
2023-12-07 00:00:00,34,33.21041398437375,32.50930240694856,34.52027933112842,65,0.5151515151515151,0,0.8,8.0,12.84,28.54193418937431,366.4784349915661,340.0,26.478434991566075,0,2023-12-07,49,1_Low (DSR<0.8)
2023-12-07 01:00:00,37,36.27459252617927,34.95631949574228,36.92342145755707,62,0.5873015873015873,0,0.8,8.0,11.63,33.28863013076105,387.146768420751,370.0,17.146768420751016,1,2023-12-07,49,1_Low (DSR<0.8)
2023-12-07 02:00:00,36,34.745230495094766,34.10524631639194,35.60244250517239,66,0.5373134328358209,0,0.8,8.0,10.72,34.28989466564532,367.5876708157178,360.0,7.587670815717786,2,2023-12-07,49,1_Low (DSR<0.8)
2023-12-07 03:00:00,34,33.97879439230524,33.81705727704383,35.489309382710566,61,0.5483870967741935,0,0.8,8.0,10.04,33.90512251904727,340.4074300912345,340.0,0.40743009123451657,3,2023-12-07,49,1_Low (DSR<0.8)
2023-12-07 04:00:00,30,29.82705637878473,29.78082428087454,30.67016600013775,59,0.5,0,0.8,8.0,9.53,31.0281744325553,295.698502342252,300.0,-4.301497657747973,4,2023-12-07,49,1_Low (DSR<0.8)
2023-12-07 05:00:00,45,41.63121962475645,39.7481003857122,42.59416542775997,60,0.7377049180327869,0,0.8602,8.602,9.3,47.34503585529305,440.3088334542254,450.0,-9.691166545774593,5,2023-12-07,49,1_Low (DSR<0.8)
2023-12-07 06:00:00,52,48.53501161240861,45.04111628147979,51.25255752813829,60,0.8524590163934426,0,0.9088,9.088,9.25,54.916661883190095,507.9791224195084,520.0,-12.020877580491572,6,2023-12-07,49,2_Balanced (0.8-1.2)
2023-12-07 07:00:00,101,101.42770012977378,93.18618573860498,105.4248123973056,67,1.4852941176470589,0,1.2204,12.204,9.99,101.07076014913557,1009.6968938898644,1010.0,-0.303106110135559,7,2023-12-07,49,3_Mild surge (1.2-2.0)
2023-12-07 08:00:00,196,196.40761128038,183.06768534389312,206.63860573678448,85,2.2790697674418605,0,1.6102,16.102,11.52,177.5167491085967,2044.992949731034,1960.0,84.99294973103406,8,2023-12-07,49,4_Strong surge (>2.0)
2023-12-07 09:00:00,278,276.76655273107394,248.0095918251538,280.55614751608647,86,3.1954022988505746,0,2.0608,20.608,13.79,221.9983822143151,3061.357690735405,2780.0,281.35769073540496,9,2023-12-07,49,4_Strong surge (>2.0)
2023-12-07 10:00:00,200,197.75180255513547,179.69570308759776,211.3089281137267,92,2.150537634408602,0,1.5377,15.377,14.19,156.54612387798431,2221.389497828597,2000.0,221.3894978285971,10,2023-12-07,49,4_Strong surge (>2.0)
2023-12-07 11:00:00,121,115.75606408488014,105.96043891595642,115.9279164205825,98,1.2222222222222223,0,1.0969,10.969,13.38,98.68839612472657,1320.4507401488413,1210.0,110.4507401488413,11,2023-12-07,49,3_Mild surge (1.2-2.0)
2023-12-07 12:00:00,115,103.84705203197524,98.44555749200472,112.32128428008944,118,0.9663865546218487,0,1.0,10.0,12.54,98.14983295799657,1230.798905293277,1150.0,80.7989052932769,12,2023-12-07,49,2_Balanced (0.8-1.2)
2023-12-07 13:00:00,99,100.47441079173888,95.04399219557428,103.82783332793304,93,1.053191489361702,0,1.0133,10.133,11.94,87.44443295198204,1044.0865294466655,990.0,54.08652944666551,13,2023-12-07,49,2_Balanced (0.8-1.2)
2023-12-07 14:00:00,59,58.3139908513387,56.651128397724925,63.31999178730302,94,0.6210526315789474,0,0.8,8.0,10.96,55.33305181183907,606.4502478577563,590.0,16.450247857756267,14,2023-12-07,49,1_Low (DSR<0.8)
2023-12-07 15:00:00,88,87.37519478691875,80.90017958387045,91.20414839429095,88,0.9887640449438202,0,1.0,10.0,10.72,83.8197425160219,898.5476397717549,880.0,18.547639771754916,15,2023-12-07,49,2_Balanced (0.8-1.2)
2023-12-07 16:00:00,169,163.60113723915856,143.46143438375597,163.60113723915856,90,1.8571428571428568,0,1.4024,14.024,11.55,152.78450646965413,1764.6610497245051,1690.0,74.66104972450512,16,2023-12-07,49,3_Mild surge (1.2-2.0)
2023-12-07 17:00:00,279,278.85728267838925,244.717406140364,278.85728267838925,86,3.206896551724138,0,2.065,20.65,13.83,222.34567044002335,3075.0406221855237,2790.0,285.0406221855237,17,2023-12-07,49,4_Strong surge (>2.0)
2023-12-07 18:00:00,344,341.59148713583164,305.9150933553328,363.6361083733004,75,4.526315789473684,0,2.5,25.0,16.62,241.055324616714,4006.339495129787,3440.0,566.3394951297869,18,2023-12-07,49,4_Strong surge (>2.0)
2023-12-07 19:00:00,317,319.0775110706268,302.08102238754634,330.43531787534954,67,4.661764705882353,0,2.5,25.0,18.71,204.45964903327084,3825.4400334124975,3170.0,655.4400334124975,19,2023-12-07,49,4_Strong surge (>2.0)
2023-12-07 20:00:00,190,190.541264625669,190.541264625669,223.22684517749408,61,3.064516129032258,0,1.9802,19.802,18.98,121.32387007372417,2302.7270539992846,1900.0,402.72705399928464,20,2023-12-07,49,4_Strong surge (>2.0)
2023-12-07 21:00:00,152,149.72978621288013,137.7493427704521,149.72978621288013,58,2.5762711864406778,0,1.7668,17.668,18.65,98.25810919499204,1832.5137364866007,1520.0,312.5137364866007,21,2023-12-07,49,4_Strong surge (>2.0)
2023-12-07 22:00:00,80,76.34513364350684,67.48708023347167,87.5174696684722,61,1.2903225806451613,0,1.1007,11.007,16.74,55.77777286215347,933.7199177124488,800.0,133.71991771244882,22,2023-12-07,49,3_Mild surge (1.2-2.0)
2023-12-07 23:00:00,48,46.78381787304435,43.682135375003696,51.28834629687834,64,0.7384615384615385,0,0.8485,8.485,14.68,36.688757015444246,538.5909529867215,480.0,58.590952986721504,23,2023-12-07,49,1_Low (DSR<0.8)
2023-12-08 00:00:00,40,38.39091527500856,37.84536785582016,40.512087188978725,62,0.6349206349206349,0,0.8092,8.092,13.03,33.23524620314959,433.0552580270392,400.0,33.0552580270392,0,2023-12-08,49,1_Low (DSR<0.8)
2023-12-08 01:00:00,36,35.85532528811966,34.29453892532632,37.87174282857856,63,0.5625,0,0.8,8.0,11.77,32.11877527435098,378.037984979111,360.0,18.037984979111002,1,2023-12-08,49,1_Low (DSR<0.8)
2023-12-08 02:00:00,41,39.10272773193787,37.92193572948696,44.97085981126686,64,0.6307692307692307,0,0.8,8.0,10.83,38.774297404470914,419.92564089042,410.0,9.925640890420027,2,2023-12-08,49,1_Low (DSR<0.8)
2023-12-08 03:00:00,42,41.27690622574963,39.45972253613834,42.19170286474096,61,0.6774193548387096,0,0.8306,8.306000000000001,10.2,41.42181933925571,422.50255726040825,420.0,2.5025572604082527,3,2023-12-08,49,1_Low (DSR<0.8)
2023-12-08 04:00:00,42,40.4308134029906,38.92925280651948,40.614332434236175,59,0.7,0,0.8448,8.448,9.76,42.72031221726026,416.9502472404601,420.0,-3.049752759539899,4,2023-12-08,49,1_Low (DSR<0.8)
2023-12-08 05:00:00,44,43.29858566649247,41.31134767030809,44.23497118065528,57,0.7586206896551724,0,0.8706,8.706,9.5,45.60853818944558,433.281112799733,440.0,-6.718887200266977,5,2023-12-08,49,1_Low (DSR<0.8)
2023-12-08 06:00:00,55,50.57537372962082,47.93158848681656,54.256198214798445,59,0.9166666666666666,0,0.9407,9.407,9.48,57.09483909440346,541.2590746149449,550.0,-8.740925385055107,6,2023-12-08,49,2_Balanced (0.8-1.2)
2023-12-08 07:00:00,107,102.5965414375743,96.11393024958184,109.57501245610798,67,1.5735294117647058,0,1.2617,12.617,10.26,105.09465410412382,1078.2711511083105,1070.0,8.271151108310505,7,2023-12-08,49,3_Mild surge (1.2-2.0)
2023-12-08 08:00:00,240,235.70767730418663,205.67381607792325,236.2912874349866,81,2.926829268292683,0,1.9253,19.253,12.51,205.17815721346312,2566.778746740424,2400.0,166.77874674042414,8,2023-12-08,49,4_Strong surge (>2.0)
2023-12-08 09:00:00,327,327.69896983074034,294.12578101640554,331.63486054215866,87,3.715909090909091,0,2.3176,23.176,15.18,244.1504407175593,3706.20369009255,3270.0,436.20369009255,9,2023-12-08,49,4_Strong surge (>2.0)
2023-12-08 10:00:00,244,239.14995813530703,210.649624394436,243.6978596293179,95,2.5416666666666665,0,1.7343,17.343,15.72,177.77596598196808,2794.6381852365384,2440.0,354.63818523653845,10,2023-12-08,49,4_Strong surge (>2.0)
2023-12-08 11:00:00,138,135.6176174956568,124.4447879873374,145.804202718153,90,1.5164835164835164,0,1.2287,12.287,14.86,104.58416173831353,1554.1206434313387,1380.0,174.12064343133875,11,2023-12-08,49,3_Mild surge (1.2-2.0)
2023-12-08 12:00:00,138,133.59150152953478,117.47658084165978,135.50644486700767,108,1.2660550458715596,0,1.1103,11.103000000000002,13.92,109.47920163601331,1523.9504867733056,1380.0,143.95048677330556,12,2023-12-08,49,3_Mild surge (1.2-2.0)
2023-12-08 13:00:00,144,138.04410426849915,122.35378923801068,138.04410426849915,97,1.469387755102041,0,1.2138,12.138,13.47,116.89748701581284,1574.6091501029991,1440.0,134.60915010299914,13,2023-12-08,49,3_Mild surge (1.2-2.0)
2023-12-08 14:00:00,85,80.47204047385547,73.68754149412656,83.80477206459774,93,0.9042553191489362,0,0.9344,9.344,12.44,72.95325258470656,907.5384621537496,850.0,57.538462153749606,14,2023-12-08,49,2_Balanced (0.8-1.2)
2023-12-08 15:00:00,94,95.19304082574745,91.89665955389304,96.74038456409008,94,0.9894736842105264,0,1.0,10.0,11.83,83.56771595942637,988.606079800014,940.0,48.60607980001396,15,2023-12-08,49,2_Balanced (0.8-1.2)
2023-12-08 16:00:00,127,142.03500295026433,141.6054463638397,165.4070926747442,106,1.1869158878504673,0,1.0662,10.662,11.54,114.88402816533284,1325.761685027941,1270.0,55.761685027940985,16,2023-12-08,49,2_Balanced (0.8-1.2)
2023-12-08 17:00:00,316,317.284789047979,270.5067766984469,322.93135088316086,83,3.761904761904762,0,2.3221,23.221,14.46,244.10084204207436,3529.698175928395,3160.0,369.6981759283949,17,2023-12-08,49,4_Strong surge (>2.0)
2023-12-08 18:00:00,359,366.31500431054434,329.4983389695478,377.8712656156819,76,4.662337662337662,0,2.5,25.0,17.09,246.703326046512,4216.159842134889,3590.0,626.159842134889,18,2023-12-08,49,4_Strong surge (>2.0)
2023-12-08 19:00:00,352,357.62814787985224,333.94222011266214,395.00449674542415,68,5.101449275362318,0,2.5,25.0,19.07,224.02535713982329,4272.16356065643,3520.0,752.1635606564296,19,2023-12-08,49,4_Strong surge (>2.0)
2023-12-08 20:00:00,277,269.50686625110234,242.1683878681617,287.6636555830328,59,4.616666666666666,0,2.5,25.0,20.55,167.30599022197467,3438.1380990615794,2770.0,668.1380990615794,20,2023-12-08,49,4_Strong surge (>2.0)
2023-12-08 21:00:00,166,168.4238666168763,154.59354190979033,169.65002692224272,57,2.862068965517241,0,1.9053,19.053,20.18,101.5461061376875,2049.200421858534,1660.0,389.2004218585339,21,2023-12-08,49,4_Strong surge (>2.0)
2023-12-08 22:00:00,97,92.69410216602996,82.91996184868333,97.99324860402992,61,1.564516129032258,0,1.2513,12.513000000000002,18.26,63.6386844165162,1162.042377445586,970.0,192.042377445586,22,2023-12-08,49,3_Mild surge (1.2-2.0)
2023-12-08 23:00:00,48,54.546731101431845,48.71926593655397,62.16037965363694,64,0.7384615384615385,0,0.8377,8.377,15.79,34.86372171715677,550.4981659139054,480.0,70.49816591390538,23,2023-12-08,49,1_Low (DSR<0.8)
2023-12-09 00:00:00,41,41.465564478773125,40.04067746085378,41.79004921032803,54,0.7454545454545455,0,0.8673,8.673,14.01,32.380023679710206,453.64413175274,410.0,43.64413175274001,0,2023-12-09,49,1_Low (DSR<0.8)
2023-12-09 01:00:00,46,44.78560098247389,41.87188478145591,46.07325508269006,49,0.92,0,0.9468,9.468,12.87,38.55252689845981,496.17102118317774,460.0,36.17102118317774,1,2023-12-09,49,2_Balanced (0.8-1.2)
2023-12-09 02:00:00,47,45.04862388382859,42.55981610518397,46.69019033994644,52,0.8867924528301887,0,0.9307,9.307,11.98,41.41694729105291,496.17502854681385,470.0,26.17502854681385,2,2023-12-09,49,2_Balanced (0.8-1.2)
2023-12-09 03:00:00,47,44.49692155427294,44.38806435252748,47.87448113030716,51,0.903846153846154,0,0.941,9.41,11.34,43.03964888725128,488.0696183814295,470.0,18.069618381429507,3,2023-12-09,49,2_Balanced (0.8-1.2)
2023-12-09 04:00:00,42,41.1071791254104,41.1071791254104,45.46094957775952,53,0.7777777777777778,0,0.8751,8.751,10.69,40.08343175950501,428.49188550910856,420.0,8.491885509108556,4,2023-12-09,49,1_Low (DSR<0.8)
2023-12-09 05:00:00,43,42.381972712508606,41.1821906980371,47.66697294485958,57,0.7413793103448276,0,0.8512,8.512,10.15,42.554179973860045,431.92492673467945,430.0,1.9249267346794454,5,2023-12-09,49,1_Low (DSR<0.8)
2023-12-09 06:00:00,57,54.322402564435045,53.64999597088672,60.75023782611603,52,1.0754716981132075,0,1.0178,10.178,10.16,56.37015903869022,572.7208158330926,570.0,2.7208158330926153,6,2023-12-09,49,2_Balanced (0.8-1.2)
2023-12-09 07:00:00,128,127.56014732692026,120.5534603374776,127.88538398644644,60,2.098360655737705,0,1.5359,15.359,11.46,116.3538444265083,1333.4150571277853,1280.0,53.4150571277853,7,2023-12-09,49,4_Strong surge (>2.0)
2023-12-09 08:00:00,309,298.68737183419324,274.1634798908962,307.4909454932262,76,4.012987012987013,0,2.4647,24.647,14.76,235.28705246540173,3472.836894389329,3090.0,382.8368943893288,8,2023-12-09,49,4_Strong surge (>2.0)
2023-12-09 09:00:00,313,318.72788994683884,304.94822286679624,331.5329910636465,79,3.9125,0,2.4256,24.256,17.13,214.740610505566,3678.506657960346,3130.0,548.5066579603458,9,2023-12-09,49,4_Strong surge (>2.0)
2023-12-09 10:00:00,270,270.81183079604614,251.5341262859188,284.3665083879339,83,3.2142857142857144,0,2.069,20.69,18.02,178.78678445578478,3221.737855893242,2700.0,521.7378558932419,10,2023-12-09,49,4_Strong surge (>2.0)
2023-12-09 11:00:00,130,133.53036265905394,125.29479061234716,138.81997934346782,95,1.3541666666666667,0,1.1593,11.593,16.41,91.91096916021448,1508.2590039191198,1300.0,208.25900391911978,11,2023-12-09,49,3_Mild surge (1.2-2.0)
2023-12-09 12:00:00,130,132.06842483153267,127.06502182877348,144.61952586639634,90,1.4285714285714286,0,1.1903,11.903,15.28,96.61776885819822,1476.3195081532688,1300.0,176.31950815326877,12,2023-12-09,49,3_Mild surge (1.2-2.0)
2023-12-09 13:00:00,150,151.37941960805313,145.23338036732616,155.1780540340794,78,1.8987341772151896,0,1.4352,14.352,15.05,112.67192365156622,1695.7124509560715,1500.0,195.7124509560715,13,2023-12-09,49,3_Mild surge (1.2-2.0)
2023-12-09 14:00:00,85,82.61898477316495,81.08083174360368,86.53535751636394,92,0.913978494623656,0,0.9476,9.476,13.66,68.32874375722852,933.3706397237416,850.0,83.37063972374165,14,2023-12-09,49,2_Balanced (0.8-1.2)
2023-12-09 15:00:00,109,112.91016560195962,103.41793154282902,120.4570599151263,77,1.3974358974358974,0,1.1718,11.718,13.17,89.89105043470246,1183.8651342250314,1090.0,93.8651342250314,15,2023-12-09,49,3_Mild surge (1.2-2.0)
2023-12-09 16:00:00,211,207.915307523298,191.0452689506205,211.12294570477985,83,2.511904761904762,0,1.7306,17.305999999999997,14.2,165.0747370796795,2344.061266531449,2110.0,234.06126653144884,16,2023-12-09,49,4_Strong surge (>2.0)
2023-12-09 17:00:00,313,318.0310435154139,309.2366113503938,339.2406282413242,67,4.602941176470588,0,2.5,25.0,16.9,216.78221244587183,3663.6193903352337,3130.0,533.6193903352337,17,2023-12-09,49,4_Strong surge (>2.0)
2023-12-09 18:00:00,412,407.0162739427494,357.28831446189423,429.31697712556297,66,6.149253731343284,0,2.5,25.0,18.92,263.6649635988597,4988.541111290426,4120.0,868.5411112904258,18,2023-12-09,49,4_Strong surge (>2.0)
2023-12-09 19:00:00,507,410.1413046366884,344.8039437258847,507.56649606077366,59,8.45,0,2.5,25.0,20.44,307.3769771701673,6282.7854133582205,5070.0,1212.7854133582205,19,2023-12-09,49,4_Strong surge (>2.0)
2023-12-09 20:00:00,318,355.86263932287653,298.3366465539654,449.7826301164853,50,6.235294117647059,0,2.5,25.0,21.58,185.6056155322757,4005.369183186509,3180.0,825.369183186509,20,2023-12-09,49,4_Strong surge (>2.0)
2023-12-09 21:00:00,208,203.4961235910954,190.1789877159456,248.0845412749444,52,3.924528301886793,0,2.3577,23.577,22.08,119.4714092742565,2637.928716775584,2080.0,557.9287167755838,21,2023-12-09,49,4_Strong surge (>2.0)
2023-12-09 22:00:00,105,116.55227607643704,91.44769536559632,121.5799156146036,56,1.8421052631578947,0,1.3664,13.664,19.98,64.68036475031627,1292.313687711319,1050.0,242.31368771131906,22,2023-12-09,49,3_Mild surge (1.2-2.0)
2023-12-09 23:00:00,54,53.71487184308015,53.04998726529784,62.25848477307504,51,1.0384615384615383,0,1.0,10.0,17.48,36.5270635332028,638.4930705603849,540.0,98.49307056038492,23,2023-12-09,49,2_Balanced (0.8-1.2)
2023-12-10 00:00:00,35,34.2478628335583,34.2478628335583,36.96837584175793,55,0.625,0,0.8031,8.031,15.12,26.204856784960175,396.2174345885979,350.0,46.21743458859788,0,2023-12-10,49,1_Low (DSR<0.8)
2023-12-10 01:00:00,40,39.81442868679007,39.01531602248378,42.38677136284111,50,0.7843137254901961,0,0.8811,8.811,13.54,32.3539214142799,438.0720959493498,400.0,38.07209594934977,1,2023-12-10,49,1_Low (DSR<0.8)
2023-12-10 02:00:00,45,43.7057313891016,41.53049357713768,45.27441467776969,52,0.8490566037735849,0,0.9129,9.129,12.44,38.62231019190347,480.4615387872792,450.0,30.46153878727921,2,2023-12-10,49,2_Balanced (0.8-1.2)
2023-12-10 03:00:00,44,43.501070945628086,42.05406469318431,44.337544283684565,54,0.8,0,0.8931,8.931000000000001,11.56,39.75412442125908,459.557678309755,440.0,19.557678309754976,3,2023-12-10,49,2_Balanced (0.8-1.2)
2023-12-10 04:00:00,45,43.43114814303935,40.286032778771,44.35026100490712,50,0.8823529411764706,0,0.9283,9.283,10.99,42.12249904149736,462.926264466056,450.0,12.926264466056011,4,2023-12-10,49,2_Balanced (0.8-1.2)
2023-12-10 05:00:00,39,38.96314113935865,38.54759298137989,39.42023854809728,49,0.78,0,0.8871,8.871,10.46,37.79135187898507,395.2975406541838,390.0,5.29754065418382,5,2023-12-10,49,1_Low (DSR<0.8)
2023-12-10 06:00:00,62,59.61894638646816,54.070464451893486,62.383291895165534,54,1.1272727272727272,0,1.0418,10.418,10.45,60.11879763418226,628.2414352772046,620.0,8.241435277204573,6,2023-12-10,49,2_Balanced (0.8-1.2)
2023-12-10 07:00:00,107,108.72340372232912,104.23161810024688,118.62587956642572,65,1.621212121212121,0,1.2848,12.848,11.05,99.7769405476657,1102.535193051706,1070.0,32.535193051706074,7,2023-12-10,49,3_Mild surge (1.2-2.0)
2023-12-10 08:00:00,256,245.89217761520223,240.0435393154553,268.10281207730327,68,3.710144927536232,0,2.3149,23.149,14.07,201.57380652147828,2836.1434577571995,2560.0,276.1434577571995,8,2023-12-10,49,4_Strong surge (>2.0)
2023-12-10 09:00:00,339,349.1911553207546,322.14061107667163,395.2662126834204,73,4.581081081081081,0,2.5,25.0,16.8,235.76709967989615,3960.887274622256,3390.0,570.887274622256,9,2023-12-10,49,4_Strong surge (>2.0)
2023-12-10 10:00:00,249,242.1814783272744,230.285297231344,260.37196060855985,81,3.0365853658536586,0,1.9808,19.808,17.55,167.95980530192804,2947.694583048837,2490.0,457.6945830488371,10,2023-12-10,49,4_Strong surge (>2.0)
2023-12-10 11:00:00,148,140.5342780746134,133.33906791418795,146.83341048795256,85,1.7209302325581397,0,1.341,13.41,16.52,104.14889950358771,1720.539819799269,1480.0,240.53981979926903,11,2023-12-10,49,3_Mild surge (1.2-2.0)
2023-12-10 12:00:00,129,128.8616621583818,123.075674166469,136.07657936524143,88,1.449438202247191,0,1.2063,12.063,15.41,95.30767236527282,1468.6912311488545,1290.0,178.6912311488545,12,2023-12-10,49,3_Mild surge (1.2-2.0)
2023-12-10 13:00:00,115,121.12634658564276,121.12634658564276,130.49965710896225,76,1.4935064935064934,0,1.2324,12.324,14.64,88.0681932332879,1289.3183489353348,1150.0,139.31834893533483,13,2023-12-10,49,3_Mild surge (1.2-2.0)
2023-12-10 14:00:00,75,76.23893326892166,73.48034146556951,81.3582584150977,82,0.9036144578313252,0,0.9372,9.372,13.32,61.36324332954086,817.3584011494843,750.0,67.35840114948428,14,2023-12-10,49,2_Balanced (0.8-1.2)
2023-12-10 15:00:00,94,95.8044596362464,95.3280988724766,107.00450798459404,80,1.160493827160494,0,1.0607,10.607,12.64,79.78199682149429,1008.4444398236878,940.0,68.44443982368784,15,2023-12-10,49,2_Balanced (0.8-1.2)
2023-12-10 16:00:00,236,221.89028198523548,195.54247766841104,222.9860894429993,81,2.8780487804878048,0,1.9032,19.032,14.24,184.2701589487893,2624.007063430759,2360.0,264.007063430759,16,2023-12-10,49,4_Strong surge (>2.0)
2023-12-10 17:00:00,315,314.86641727051096,306.4348586251254,328.6645836645306,76,4.090909090909091,0,2.5,25.0,16.93,217.896715110214,3688.9913868159233,3150.0,538.9913868159233,17,2023-12-10,49,4_Strong surge (>2.0)
2023-12-10 18:00:00,379,377.75290986489046,350.13631107494746,413.68256729432,71,5.263888888888889,0,2.5,25.0,18.95,242.27731942784467,4591.155203157657,3790.0,801.1552031576566,18,2023-12-10,49,4_Strong surge (>2.0)
2023-12-10 19:00:00,360,364.0191964243367,348.47373455893063,411.44469147667314,62,5.714285714285714,0,2.5,25.0,20.46,218.1064756971206,4462.458492763088,3600.0,862.4584927630876,19,2023-12-10,49,4_Strong surge (>2.0)
2023-12-10 20:00:00,257,273.03378580897026,257.59873704109333,281.6314503197806,49,5.14,0,2.5,25.0,21.59,149.9533849536237,3237.493581148736,2570.0,667.4935811487362,20,2023-12-10,49,4_Strong surge (>2.0)
2023-12-10 21:00:00,166,165.6400053187261,158.92995934675844,175.4863113629112,58,2.8135593220338984,0,1.8784,18.784,20.89,99.11769184258496,2070.5685825916,1660.0,410.5685825915998,21,2023-12-10,49,4_Strong surge (>2.0)
2023-12-10 22:00:00,97,104.37106105832532,83.87625966629851,104.37106105832532,57,1.6724137931034482,0,1.2972,12.972,18.91,62.09943717724213,1174.3003570216488,970.0,204.30035702164878,22,2023-12-10,49,3_Mild surge (1.2-2.0)
2023-12-10 23:00:00,64,64.9699158828571,51.39441674631656,70.05977615859388,49,1.28,0,1.0916,10.916,16.91,44.307724704771296,749.2436247576826,640.0,109.2436247576826,23,2023-12-10,49,3_Mild surge (1.2-2.0)
2023-12-11 00:00:00,33,33.30810890208637,32.32066985867751,33.95239776471116,61,0.532258064516129,0,0.8,8.0,14.68,25.22352044811792,370.281280178371,330.0,40.28128017837099,0,2023-12-11,50,1_Low (DSR<0.8)
2023-12-11 01:00:00,31,31.164297157015007,29.96012229832405,31.164297157015007,58,0.5254237288135594,0,0.8,8.0,13.01,25.78502674707714,335.4631979794736,310.0,25.46319797947359,1,2023-12-11,50,1_Low (DSR<0.8)
2023-12-11 02:00:00,30,29.60819156871402,29.49543925927613,30.26287611597417,61,0.4838709677419355,0,0.8,8.0,11.76,26.78157596275312,314.9513333219767,300.0,14.951333321976676,2,2023-12-11,50,1_Low (DSR<0.8)
2023-12-11 03:00:00,31,31.223873265905304,30.0175753494802,31.661578438488053,64,0.4769230769230769,0,0.8,8.0,10.82,29.336115801715817,317.4167729745652,310.0,7.41677297456522,3,2023-12-11,50,1_Low (DSR<0.8)
2023-12-11 04:00:00,29,28.294416377334763,28.294416377334763,29.09394074981901,68,0.4202898550724637,0,0.8,8.0,10.12,28.758858179570147,291.03964477724986,290.0,1.0396447772498618,4,2023-12-11,50,1_Low (DSR<0.8)
2023-12-11 05:00:00,36,34.702368325689314,34.09945474815602,35.97114170684968,63,0.5625,0,0.8,8.0,9.59,37.07058808917079,355.5069397751479,360.0,-4.493060224852115,5,2023-12-11,50,1_Low (DSR<0.8)
2023-12-11 06:00:00,40,39.32141864143697,39.24620708020643,44.43770877241577,61,0.6451612903225806,0,0.8067,8.067,9.21,42.37193039508413,390.2454789387248,400.0,-9.754521061275227,6,2023-12-11,50,1_Low (DSR<0.8)
2023-12-11 07:00:00,85,89.28511595926582,82.17219500177208,96.87523119943006,68,1.2318840579710144,0,1.0887,10.887,9.63,87.27312452648489,840.4401891900496,850.0,-9.559810809950363,7,2023-12-11,50,3_Mild surge (1.2-2.0)
2023-12-11 08:00:00,156,162.0634551013941,156.49118946222004,176.92784839999575,78,1.9746835443037976,0,1.4594,14.594,10.87,147.15123707651844,1599.5339470217552,1560.0,39.53394702175524,8,2023-12-11,50,3_Mild surge (1.2-2.0)
2023-12-11 09:00:00,247,244.5510850604118,228.9385129879365,259.6359745914317,92,2.6559139784946235,0,1.7937,17.937,12.64,209.63992781818175,2649.8486876218176,2470.0,179.8486876218176,9,2023-12-11,50,4_Strong surge (>2.0)
2023-12-11 10:00:00,200,199.2280155266074,193.19134114262977,210.80764327339315,91,2.1739130434782608,0,1.566,15.66,13.39,163.03603008584767,2183.0524428495005,2000.0,183.0524428495005,10,2023-12-11,50,4_Strong surge (>2.0)
2023-12-11 11:00:00,90,91.14156618670826,91.14156618670826,101.47619964102668,91,0.9782608695652174,0,1.0,10.0,12.54,76.81291274973644,963.2339258816947,900.0,63.233925881694745,11,2023-12-11,50,2_Balanced (0.8-1.2)
2023-12-11 12:00:00,95,95.2285643112698,88.86589865814751,98.23510099159236,90,1.043956043956044,0,1.0071,10.071000000000002,11.92,84.00985333325002,1001.3974517323404,950.0,51.397451732340414,12,2023-12-11,50,2_Balanced (0.8-1.2)
2023-12-11 13:00:00,101,99.562157056092,91.46061441992488,99.562157056092,103,0.971153846153846,0,1.0,10.0,11.44,91.92278137862117,1051.596618971426,1010.0,41.596618971426096,13,2023-12-11,50,2_Balanced (0.8-1.2)
2023-12-11 14:00:00,49,53.03062272285729,48.13099660789028,57.36309908611204,100,0.4851485148514851,0,0.8,8.0,10.58,47.1038182542271,498.35839712972273,490.0,8.358397129722732,14,2023-12-11,50,1_Low (DSR<0.8)
2023-12-11 15:00:00,78,74.29525816427618,65.80765094802804,77.65174453136984,92,0.8387096774193549,0,0.8977,8.977,10.18,77.03199723160687,784.1857318177579,780.0,4.185731817757869,15,2023-12-11,50,2_Balanced (0.8-1.2)
2023-12-11 16:00:00,128,131.324088014679,119.37729091734865,149.4710047778302,97,1.3061224489795915,0,1.1137,11.137,10.42,124.36625775331969,1295.8964057895912,1280.0,15.8964057895912,16,2023-12-11,50,3_Mild surge (1.2-2.0)
2023-12-11 17:00:00,214,214.08298975623424,198.12774702254583,220.6084919600416,83,2.5476190476190474,0,1.746,17.46,12.18,186.40633663943956,2270.4291802683733,2140.0,130.42918026837333,17,2023-12-11,50,4_Strong surge (>2.0)
2023-12-11 18:00:00,265,266.55421542757523,256.65896426881466,280.4831966577788,77,3.3974358974358974,0,2.1694,21.694,14.56,203.71964534979813,2966.158036293061,2650.0,316.15803629306083,18,2023-12-11,50,4_Strong surge (>2.0)
2023-12-11 19:00:00,299,299.7874710049797,286.7216328222551,311.4035614307605,69,4.271428571428571,0,2.5,25.0,17.17,204.8009570090014,3516.4324318445542,2990.0,526.4324318445542,19,2023-12-11,50,4_Strong surge (>2.0)
2023-12-11 20:00:00,269,258.2866329259034,241.89120296484413,262.570349866781,59,4.483333333333333,0,2.5,25.0,19.13,170.82514616037807,3267.885046048032,2690.0,577.8850460480321,20,2023-12-11,50,4_Strong surge (>2.0)
2023-12-11 21:00:00,142,142.66810267427996,135.69568715498713,150.8912393764723,61,2.290322580645161,0,1.6191,16.191,18.4,92.66502948761648,1705.0365425721432,1420.0,285.03654257214316,21,2023-12-11,50,4_Strong surge (>2.0)
2023-12-11 22:00:00,67,66.38047586715489,61.935316720609535,77.07269527461361,64,1.0307692307692309,0,1.0,10.0,16.3,47.5930436627073,775.766611702129,670.0,105.76661170212901,22,2023-12-11,50,2_Balanced (0.8-1.2)
2023-12-11 23:00:00,46,44.38133157496161,42.674388967097045,50.24670979144883,56,0.8070175438596491,0,0.8809,8.809000000000001,14.43,35.58536296471067,513.4967875807749,460.0,53.496787580774935,23,2023-12-11,50,2_Balanced (0.8-1.2)
2023-12-12 00:00:00,32,31.57320765137176,31.33908053118874,32.31923389006517,62,0.5079365079365079,0,0.8,8.0,12.82,26.89232558997668,344.7596140635011,320.0,24.75961406350109,0,2023-12-12,50,1_Low (DSR<0.8)
2023-12-12 01:00:00,36,35.35426096990151,34.51024037012067,36.0464935339023,61,0.5806451612903226,0,0.8,8.0,11.62,32.40844631486579,376.5861461787405,360.0,16.586146178740478,1,2023-12-12,50,1_Low (DSR<0.8)
2023-12-12 02:00:00,35,34.340430970551346,33.699290391497605,35.3773077260927,61,0.5645161290322581,0,0.8,8.0,10.71,33.359183689884865,357.27685731866694,350.0,7.276857318666941,2,2023-12-12,50,1_Low (DSR<0.8)
2023-12-12 03:00:00,26,26.389790630579384,26.212041838570418,26.9604307981082,63,0.40625,0,0.8,8.0,10.03,25.94553885511925,260.2337547168461,260.0,0.23375471684607874,3,2023-12-12,50,1_Low (DSR<0.8)
2023-12-12 04:00:00,30,29.749732594314853,29.232238229538503,30.28928838749476,60,0.4918032786885246,0,0.8,8.0,9.52,31.050985673557893,295.6053836122711,300.0,-4.394616387728888,4,2023-12-12,50,1_Low (DSR<0.8)
2023-12-12 05:00:00,36,35.1989203538619,35.0721030656638,36.13242272228636,62,0.5714285714285714,0,0.8,8.0,9.14,38.338945515289765,350.41796200974846,360.0,-9.582037990251536,5,2023-12-12,50,1_Low (DSR<0.8)
2023-12-12 06:00:00,43,42.643413196544834,40.18270990019939,43.601512476630695,63,0.671875,0,0.8261,8.261,8.92,46.58145582097414,415.50658592308935,430.0,-14.493414076910653,6,2023-12-12,50,1_Low (DSR<0.8)
2023-12-12 07:00:00,83,81.92238603454052,81.92238603454052,88.58932528836478,67,1.2205882352941178,0,1.0969,10.969,9.43,86.48084161964793,815.51433647328,830.0,-14.485663526720032,7,2023-12-12,50,3_Mild surge (1.2-2.0)
2023-12-12 08:00:00,187,179.4883746964411,172.23585199910076,201.8543756797131,79,2.3375,0,1.6277,16.277,11.14,173.38917210711003,1931.5553772732055,1870.0,61.55537727320552,8,2023-12-12,50,4_Strong surge (>2.0)
2023-12-12 09:00:00,228,229.1770148701712,223.90021314178395,243.8746387972193,84,2.6823529411764704,0,1.8172,18.172,12.9,190.77525810296052,2461.000829528191,2280.0,181.00082952819093,9,2023-12-12,50,4_Strong surge (>2.0)
2023-12-12 10:00:00,196,195.94048148692235,185.13613301714145,210.5686964283032,91,2.130434782608696,0,1.5349,15.349,13.51,158.780559168398,2145.1253543650573,1960.0,185.12535436505732,10,2023-12-12,50,4_Strong surge (>2.0)
2023-12-12 11:00:00,124,119.57475831882728,106.56872789440638,121.35944142812012,94,1.305263157894737,0,1.1314,11.314,12.96,103.41848801953668,1340.3036047331952,1240.0,100.30360473319524,11,2023-12-12,50,3_Mild surge (1.2-2.0)
2023-12-12 12:00:00,114,110.20927518144632,103.30706008040832,112.74617311731338,102,1.1067961165048543,0,1.04,10.4,12.32,98.50932786353684,1213.634919278774,1140.0,73.63491927877408,12,2023-12-12,50,2_Balanced (0.8-1.2)
2023-12-12 13:00:00,119,116.11436205557794,105.86555450289104,120.02392503227556,100,1.1782178217821782,0,1.0694,10.694,11.91,105.29523746350746,1254.066278190374,1190.0,64.06627819037408,13,2023-12-12,50,2_Balanced (0.8-1.2)
2023-12-12 14:00:00,63,59.667736216364816,56.68471982693396,69.76697345928675,101,0.6176470588235294,0,0.8,8.0,10.93,59.19791845007298,647.0332486592977,630.0,17.03324865929767,14,2023-12-12,50,1_Low (DSR<0.8)
2023-12-12 15:00:00,83,82.10502932654374,74.39867221305263,83.80354338753081,96,0.8556701030927835,0,0.9121,9.121,10.48,80.32027643974607,841.7564970885388,830.0,11.756497088538822,15,2023-12-12,50,2_Balanced (0.8-1.2)
2023-12-12 16:00:00,165,159.87552056903445,147.16422319698202,164.05225299461063,83,1.9642857142857144,0,1.4588,14.588,11.51,149.5309931048499,1721.1017306368224,1650.0,71.10173063682237,16,2023-12-12,50,3_Mild surge (1.2-2.0)
2023-12-12 17:00:00,241,246.64583072717213,228.58317902463008,248.55015262067545,85,2.802325581395349,0,1.8782,18.782,13.33,197.0769978987504,2627.0363819903428,2410.0,217.03638199034276,17,2023-12-12,50,4_Strong surge (>2.0)
2023-12-12 18:00:00,302,298.9697545441642,286.94491527671744,319.8468949707409,78,3.8227848101265822,0,2.3717,23.717,15.93,217.9997019803046,3472.735252546252,3020.0,452.735252546252,18,2023-12-12,50,4_Strong surge (>2.0)
2023-12-12 19:00:00,333,333.46664457031625,310.7051822261006,333.46664457031625,70,4.690140845070423,0,2.5,25.0,18.2,218.97486230181852,3985.3424938930975,3330.0,655.3424938930975,19,2023-12-12,50,4_Strong surge (>2.0)
2023-12-12 20:00:00,263,247.70199776282664,244.3145109020284,266.5169961791832,58,4.457627118644068,0,2.5,25.0,19.9,162.46454365375416,3233.044418709708,2630.0,603.0444187097082,20,2023-12-12,50,4_Strong surge (>2.0)
2023-12-12 21:00:00,136,137.05020762243632,137.05020762243632,150.03402365179014,56,2.3859649122807016,0,1.6691,16.691,19.1,86.46006372584974,1651.3872171637302,1360.0,291.38721716373016,21,2023-12-12,50,4_Strong surge (>2.0)
2023-12-12 22:00:00,71,68.62219412528756,63.60832804734373,77.0678953961601,62,1.126984126984127,0,1.0327,10.327,16.91,49.15388209435566,831.1921462155542,710.0,121.1921462155542,22,2023-12-12,50,2_Balanced (0.8-1.2)
2023-12-12 23:00:00,45,44.56869987461498,42.38045642581773,45.97383488430227,59,0.75,0,0.8647,8.647,14.84,34.13569764386924,506.5737530350195,450.0,56.57375303501948,23,2023-12-12,50,1_Low (DSR<0.8)
2023-12-13 00:00:00,35,34.231449256540294,33.42699278144386,35.54317343863915,61,0.5645161290322581,0,0.8,8.0,13.13,28.92562396772475,379.793442696226,350.0,29.79344269622601,0,2023-12-13,50,1_Low (DSR<0.8)
2023-12-13 01:00:00,35,34.848067781519966,34.30519582495256,35.24145066626197,59,0.5833333333333334,0,0.8,8.0,11.85,31.07886851524801,368.2845919056889,350.0,18.2845919056889,1,2023-12-13,50,1_Low (DSR<0.8)
2023-12-13 02:00:00,30,29.754443068081564,29.754443068081564,30.60247931230172,60,0.4918032786885246,0,0.8,8.0,10.89,28.26192495702916,307.77236278204754,300.0,7.772362782047537,2,2023-12-13,50,1_Low (DSR<0.8)
2023-12-13 03:00:00,39,38.227886242127454,36.99197486852295,38.71407410746349,58,0.6610169491525424,0,0.825,8.25,10.23,38.38412663492317,392.669615475264,390.0,2.6696154752639814,3,2023-12-13,50,1_Low (DSR<0.8)
2023-12-13 04:00:00,32,31.791805122915303,31.791805122915303,32.4997414863898,57,0.5517241379310345,0,0.8,8.0,9.67,32.760569776213,316.7947097359797,320.0,-3.2052902640202774,4,2023-12-13,50,1_Low (DSR<0.8)
2023-12-13 05:00:00,33,32.84152016917587,32.084850772303305,33.21412142951931,62,0.5238095238095238,0,0.8,8.0,9.25,34.85095850279372,322.3713661508419,330.0,-7.6286338491581205,5,2023-12-13,50,1_Low (DSR<0.8)
2023-12-13 06:00:00,41,40.85225964703488,39.88896771855684,42.701997641193216,58,0.6949152542372882,0,0.8389,8.389,9.03,44.03544926244336,397.6401068398635,410.0,-12.359893160136494,6,2023-12-13,50,1_Low (DSR<0.8)
2023-12-13 07:00:00,115,103.68328146579144,87.72140168605556,107.9423535980314,70,1.619718309859155,0,1.2719,12.719,9.95,115.40421835858304,1148.271972667901,1150.0,-1.7280273320989181,7,2023-12-13,50,3_Mild surge (1.2-2.0)
2023-12-13 08:00:00,206,205.7010896601876,196.0559067018245,215.6126190932976,79,2.575,0,1.7621,17.621,11.87,182.7055403640057,2168.7147641207475,2060.0,108.71476412074753,8,2023-12-13,50,4_Strong surge (>2.0)
2023-12-13 09:00:00,254,257.2543494858825,243.5787167946961,262.38020634308344,82,3.060240963855421,0,2.008,20.08,13.92,201.5051972141115,2804.952345220432,2540.0,264.9523452204321,9,2023-12-13,50,4_Strong surge (>2.0)
2023-12-13 10:00:00,217,217.6969571534386,201.0402564021884,226.14632647271333,85,2.5232558139534884,0,1.7313,17.313000000000002,14.77,165.15563158206513,2439.3486784671018,2170.0,269.34867846710176,10,2023-12-13,50,4_Strong surge (>2.0)
2023-12-13 11:00:00,113,110.52160655563284,103.2338037711903,116.89795491769596,111,1.0089285714285714,0,1.0,10.0,13.58,91.21129137169744,1238.649336827651,1130.0,108.64933682765104,11,2023-12-13,50,2_Balanced (0.8-1.2)
2023-12-13 12:00:00,108,108.41153523369108,106.64200021928878,114.1580161755152,96,1.11340206185567,0,1.0458,10.458,12.8,90.86084611414726,1163.018830261085,1080.0,83.01883026108499,12,2023-12-13,50,2_Balanced (0.8-1.2)
2023-12-13 13:00:00,109,108.15532825280964,100.68143499095376,110.2068191390484,104,1.0380952380952382,0,1.0057,10.057,12.11,95.32912301798572,1154.435679747807,1090.0,64.43567974780694,13,2023-12-13,50,2_Balanced (0.8-1.2)
2023-12-13 14:00:00,56,55.604478972986136,52.96864580512196,66.46007450673636,111,0.5,0,0.8,8.0,11.08,52.12069458967528,577.4972960536021,560.0,17.4972960536021,14,2023-12-13,50,1_Low (DSR<0.8)
2023-12-13 15:00:00,75,73.13780667420967,71.28813600681988,76.5339850497665,101,0.7352941176470589,0,0.8584,8.584,10.46,72.6756766903559,760.1875781811227,750.0,10.187578181122717,15,2023-12-13,50,1_Low (DSR<0.8)
2023-12-13 16:00:00,123,126.3598233160686,122.4950965187236,143.53093859607165,90,1.3516483516483515,0,1.1467,11.467,10.71,117.23370268159536,1255.5729557198863,1230.0,25.572955719886295,16,2023-12-13,50,3_Mild surge (1.2-2.0)
2023-12-13 17:00:00,215,217.67404159629612,209.40683864761704,226.8768023917104,85,2.5,0,1.729,17.29,12.36,185.3640588127996,2291.099766926203,2150.0,141.09976692620285,17,2023-12-13,50,4_Strong surge (>2.0)
2023-12-13 18:00:00,362,365.0897678548532,324.5858893880428,365.0897678548532,74,4.826666666666667,0,2.5,25.0,15.52,266.124199864298,4130.247581893905,3620.0,510.2475818939047,18,2023-12-13,50,4_Strong surge (>2.0)
2023-12-13 19:00:00,358,349.1820380255039,320.20314581859844,381.405619971341,73,4.837837837837838,0,2.5,25.0,17.89,238.26255150685455,4262.517046457629,3580.0,682.5170464576286,19,2023-12-13,50,4_Strong surge (>2.0)
2023-12-13 20:00:00,240,246.896552067442,238.78462637774456,258.1293153567524,62,3.809523809523809,0,2.3766,23.766,19.36,151.13933068575273,2926.0574420761727,2400.0,526.0574420761727,20,2023-12-13,50,4_Strong surge (>2.0)
2023-12-13 21:00:00,165,163.50912574998327,143.45704626513887,163.50912574998327,58,2.796610169491525,0,1.8636,18.636,19.18,104.58994201652612,2006.035087876971,1650.0,356.0350878769709,21,2023-12-13,50,4_Strong surge (>2.0)
2023-12-13 22:00:00,76,75.24792638607646,73.74242340525252,84.9658409233282,56,1.3333333333333333,0,1.1409,11.409,17.24,51.90838406052671,894.9005412034803,760.0,134.90054120348032,22,2023-12-13,50,3_Mild surge (1.2-2.0)
2023-12-13 23:00:00,45,45.4195733200028,43.30778592677775,47.08725970620692,55,0.8035714285714286,0,0.8908,8.908000000000001,15.16,33.62970617476343,509.8263456094136,450.0,59.82634560941358,23,2023-12-13,50,2_Balanced (0.8-1.2)
2023-12-14 00:00:00,34,33.774006963668256,32.64922422250755,34.593584510965364,64,0.5230769230769231,0,0.8,8.0,13.37,27.745140727281623,370.95253152375534,340.0,30.95253152375534,0,2023-12-14,50,1_Low (DSR<0.8)
2023-12-14 01:00:00,34,33.597093877078585,32.95273570826416,35.32438874090146,60,0.5573770491803278,0,0.8,8.0,12.03,29.873972570700044,359.3838900255215,340.0,19.38389002552151,1,2023-12-14,50,1_Low (DSR<0.8)
2023-12-14 02:00:00,34,33.92071583504745,32.90229916305928,34.96077811504957,61,0.5483870967741935,0,0.8,8.0,11.02,31.765215125574795,350.0526706838342,340.0,10.052670683834208,2,2023-12-14,50,1_Low (DSR<0.8)
2023-12-14 03:00:00,37,35.6181439287286,35.6181439287286,37.017343334504645,57,0.6379310344827587,0,0.8143,8.143,10.3,36.24229297372656,373.2956176293836,370.0,3.295617629383628,3,2023-12-14,50,1_Low (DSR<0.8)
2023-12-14 04:00:00,35,34.54415446689052,34.54415446689052,35.72436704466863,55,0.625,0,0.8085,8.085,9.75,35.62581541177381,347.3517002647946,350.0,-2.6482997352053985,4,2023-12-14,50,1_Low (DSR<0.8)
2023-12-14 05:00:00,37,36.3557775904035,35.854146998615384,38.9184990322964,64,0.5692307692307692,0,0.8,8.0,9.31,38.89886659551217,362.1484480042183,370.0,-7.851551995781676,5,2023-12-14,50,1_Low (DSR<0.8)
2023-12-14 06:00:00,49,47.736380823309815,46.9884198477708,51.086264189819744,60,0.8032786885245902,0,0.8903,8.903,9.21,51.90561473397806,478.050711699938,490.0,-11.949288300061994,6,2023-12-14,50,2_Balanced (0.8-1.2)
2023-12-14 07:00:00,99,101.25019253027396,92.57933197493502,105.28026705632142,73,1.337837837837838,0,1.1471,11.471,9.78,100.5536862485726,983.41505151104,990.0,-6.584948488959981,7,2023-12-14,50,3_Mild surge (1.2-2.0)
2023-12-14 08:00:00,193,201.97734548544344,186.67561595348656,206.3317643807694,76,2.5064935064935066,0,1.7278,17.278,11.65,173.43197160334026,2020.482469178914,1930.0,90.48246917891402,8,2023-12-14,50,4_Strong surge (>2.0)
2023-12-14 09:00:00,252,254.37907660828608,246.59683278105044,260.2489880694275,84,2.9647058823529413,0,1.9665,19.665,13.65,202.6785015634918,2766.5615463416634,2520.0,246.56154634166342,9,2023-12-14,50,4_Strong surge (>2.0)
2023-12-14 10:00:00,211,210.05742465274344,192.29982943796475,215.4391150867381,95,2.1979166666666665,0,1.5727,15.727,14.17,165.31930091883729,2342.5744940199243,2110.0,232.57449401992426,10,2023-12-14,50,4_Strong surge (>2.0)
2023-12-14 11:00:00,108,107.53139856950295,106.00888812926316,113.67559198233889,100,1.0693069306930694,0,1.0237,10.237,13.19,88.97180444137035,1173.5381005816748,1080.0,93.53810058167483,11,2023-12-14,50,2_Balanced (0.8-1.2)
2023-12-14 12:00:00,114,116.3748752677258,107.2709674654174,120.53135731897946,104,1.0857142857142856,0,1.0252,10.252,12.46,97.7332231678373,1217.7559606712528,1140.0,77.75596067125275,12,2023-12-14,50,2_Balanced (0.8-1.2)
2023-12-14 13:00:00,105,105.36782696277692,100.377433474457,109.75825585939376,98,1.0606060606060606,0,1.0167,10.167,11.89,93.01692982934011,1105.9712956708545,1050.0,55.97129567085449,13,2023-12-14,50,2_Balanced (0.8-1.2)
2023-12-14 14:00:00,76,67.20350535656226,64.24750656315874,68.91725104889454,103,0.7307692307692307,0,0.8565,8.565000000000001,11.06,70.82474236742384,783.3216505837077,760.0,23.32165058370765,14,2023-12-14,50,1_Low (DSR<0.8)
2023-12-14 15:00:00,72,73.42590824576428,70.93716524817191,79.76325506183808,103,0.6923076923076923,0,0.8311,8.311,10.37,70.19195957777417,727.890620821518,720.0,7.890620821518041,15,2023-12-14,50,1_Low (DSR<0.8)
2023-12-14 16:00:00,127,124.8812081874457,124.8812081874457,153.10118070083487,91,1.3804347826086956,0,1.1502,11.502,10.65,121.52314361214503,1294.2214794693448,1270.0,24.221479469344786,16,2023-12-14,50,3_Mild surge (1.2-2.0)
2023-12-14 17:00:00,254,252.3444761638638,236.762331236696,263.6632549426746,82,3.060240963855421,0,1.9978,19.978,12.98,211.6125554970444,2746.730970351636,2540.0,206.7309703516362,17,2023-12-14,50,4_Strong surge (>2.0)
2023-12-14 18:00:00,314,312.94196384803195,293.31352811196047,322.4107302907951,84,3.694117647058824,0,2.3144,23.144,15.52,230.8370131419601,3582.590443963221,3140.0,442.5904439632209,18,2023-12-14,50,4_Strong surge (>2.0)
2023-12-14 19:00:00,332,335.37204749449035,324.11118543146057,356.83639531184053,66,4.955223880597015,0,2.5,25.0,17.89,220.9585673192059,3952.948769340594,3320.0,632.948769340594,19,2023-12-14,50,4_Strong surge (>2.0)
2023-12-14 20:00:00,259,255.7564015021416,231.83272933315,258.95339853512775,62,4.111111111111111,0,2.5,25.0,19.67,161.30087085839412,3172.7881297846125,2590.0,582.7881297846125,20,2023-12-14,50,4_Strong surge (>2.0)
2023-12-14 21:00:00,165,156.85827569946375,142.25454069144973,167.7258364166317,60,2.7049180327868854,0,1.8076,18.076,19.27,104.2477628835458,2008.8543907659275,1650.0,358.8543907659275,21,2023-12-14,50,4_Strong surge (>2.0)
2023-12-14 22:00:00,71,72.4571250051813,68.62574599692229,81.45099483015865,54,1.290909090909091,0,1.1155,11.155,17.24,48.4933587933868,836.0255055979883,710.0,126.02550559798829,22,2023-12-14,50,3_Mild surge (1.2-2.0)
2023-12-14 23:00:00,45,45.74879490694552,43.2322960809104,49.26146169589567,64,0.6923076923076923,0,0.8298,8.298,15.0,33.880408063705666,508.206120955585,450.0,58.20612095558499,23,2023-12-14,50,1_Low (DSR<0.8)
2023-12-15 00:00:00,41,41.15144241420036,40.294635652080416,43.14210831720606,51,0.7884615384615384,0,0.8852,8.852,13.46,33.300619647574216,448.22634045634896,410.0,38.226340456348964,0,2023-12-15,50,1_Low (DSR<0.8)
2023-12-15 01:00:00,42,41.20906838320576,40.24349061559723,42.54738105610814,53,0.7777777777777778,0,0.8816,8.816,12.3,36.33420920079364,446.91077316976174,420.0,26.91077316976174,1,2023-12-15,50,1_Low (DSR<0.8)
2023-12-15 02:00:00,47,45.337065427352506,40.4681972214427,45.40156372264353,62,0.746031746031746,0,0.8591,8.591,11.37,42.960124634511445,488.4566170943951,470.0,18.456617094395085,2,2023-12-15,50,1_Low (DSR<0.8)
2023-12-15 03:00:00,43,41.61251287241691,39.97847642023528,42.64960803185621,62,0.6825396825396826,0,0.8334,8.334,10.61,41.254154132445926,437.7065753452512,430.0,7.706575345251224,3,2023-12-15,50,1_Low (DSR<0.8)
2023-12-15 04:00:00,39,39.24880150041882,38.14667406722446,40.35973422877144,58,0.6610169491525424,0,0.8237,8.237,10.02,38.94549265323251,390.2338363853898,390.0,0.23383638538979312,4,2023-12-15,50,1_Low (DSR<0.8)
2023-12-15 05:00:00,38,38.33628678246235,37.74572538871215,39.766013197030645,61,0.6129032258064516,0,0.8002,8.002,9.52,39.33124851984,374.4334859088767,380.0,-5.566514091123281,5,2023-12-15,50,1_Low (DSR<0.8)
2023-12-15 06:00:00,50,51.89278880622072,49.49325159190178,53.59080881351091,52,0.9433962264150944,0,0.9604,9.604,9.54,51.675673078183394,492.9859211658695,500.0,-7.014078834130487,6,2023-12-15,50,2_Balanced (0.8-1.2)
2023-12-15 07:00:00,106,106.66674494692708,94.49680152859048,113.7377554801712,72,1.452054794520548,0,1.1932,11.932,10.14,104.9734079531937,1064.430356645384,1060.0,4.430356645384109,7,2023-12-15,50,3_Mild surge (1.2-2.0)
2023-12-15 08:00:00,254,254.56830932231875,229.1199563865388,259.0589710641531,79,3.175,0,2.0508,20.508000000000003,12.73,214.51310741175777,2730.7518573516763,2540.0,190.75185735167634,8,2023-12-15,50,4_Strong surge (>2.0)
2023-12-15 09:00:00,331,329.16080817260234,300.79979599121754,329.7955663605583,85,3.8488372093023258,0,2.3925,23.925,15.53,243.22486710164983,3777.282186088622,3310.0,467.282186088622,9,2023-12-15,50,4_Strong surge (>2.0)
2023-12-15 10:00:00,218,216.11524196123963,208.11351672944565,238.4847238861564,91,2.369565217391304,0,1.6494,16.494,15.77,158.47994370984154,2499.228712304201,2180.0,319.22871230420105,10,2023-12-15,50,4_Strong surge (>2.0)
2023-12-15 11:00:00,123,118.69877793778936,112.597332496482,133.15616731787378,99,1.23,0,1.0863,10.863,14.54,94.64769173604785,1376.1774378421355,1230.0,146.17743784213553,11,2023-12-15,50,3_Mild surge (1.2-2.0)
2023-12-15 12:00:00,140,139.8169383220866,126.73420595488182,144.71107301017736,99,1.4,0,1.177,11.77,13.85,111.45850006170863,1543.7002258546647,1400.0,143.70022585466472,12,2023-12-15,50,3_Mild surge (1.2-2.0)
2023-12-15 13:00:00,126,126.22915205775196,113.63926318755294,144.98624223996802,89,1.4,0,1.1557,11.557,13.28,103.30750967553664,1371.923728491127,1260.0,111.9237284911269,13,2023-12-15,50,3_Mild surge (1.2-2.0)
2023-12-15 14:00:00,75,75.26220516507061,67.89569741978693,85.87864796642408,113,0.6578947368421053,0,0.8,8.0,11.96,66.1682178437297,791.3718854110074,750.0,41.37188541100738,14,2023-12-15,50,1_Low (DSR<0.8)
2023-12-15 15:00:00,96,97.25664952008296,88.94370418715897,98.65943304565349,103,0.9230769230769232,0,0.9473,9.473,11.34,87.91077219523666,996.9081566939838,960.0,36.908156693983756,15,2023-12-15,50,2_Balanced (0.8-1.2)
2023-12-15 16:00:00,196,171.5274586703321,156.12017378386844,172.6763554674907,85,2.2790697674418605,0,1.6159,16.159,12.54,167.28145443275938,2097.709438586802,1960.0,137.7094385868022,16,2023-12-15,50,4_Strong surge (>2.0)
2023-12-15 17:00:00,291,287.0157086801236,270.0488219513325,304.16122572272184,83,3.4642857142857144,0,2.1925,21.925,14.89,220.2250415309864,3279.150868396387,2910.0,369.15086839638707,17,2023-12-15,50,4_Strong surge (>2.0)
2023-12-15 18:00:00,363,367.3757216148804,326.85990999982465,367.3757216148804,76,4.714285714285714,0,2.5,25.0,17.42,246.1347424120818,4287.6672128184655,3630.0,657.6672128184655,18,2023-12-15,50,4_Strong surge (>2.0)
2023-12-15 19:00:00,348,366.3414173426761,318.6661173461053,366.3414173426761,74,4.64,0,2.5,25.0,19.32,219.46954258252455,4240.151562694375,3480.0,760.1515626943747,19,2023-12-15,50,4_Strong surge (>2.0)
2023-12-15 20:00:00,292,294.78881326500016,280.8811545924137,294.78881326500016,53,5.407407407407407,0,2.5,25.0,20.74,175.2333344278152,3634.3393560328873,2920.0,714.3393560328873,20,2023-12-15,50,4_Strong surge (>2.0)
2023-12-15 21:00:00,142,142.5538622029356,136.69418545088774,153.06812231838654,58,2.406779661016949,0,1.6742,16.741999999999997,19.74,88.21558948223986,1741.3757363794148,1420.0,321.3757363794148,21,2023-12-15,50,4_Strong surge (>2.0)
2023-12-15 22:00:00,91,88.7160097495855,82.22569764905892,95.14455523378363,54,1.6545454545454543,0,1.2986,12.986,18.05,60.18764461322857,1086.3869852687758,910.0,176.3869852687758,22,2023-12-15,50,3_Mild surge (1.2-2.0)
2023-12-15 23:00:00,54,52.10706080995693,48.483092939218025,54.05979912452689,59,0.9,0,0.935,9.35,15.88,39.06595191384777,620.3673163919026,540.0,80.36731639190259,23,2023-12-15,50,2_Balanced (0.8-1.2)
2023-12-16 00:00:00,40,40.23459460029639,39.53164660199371,41.066775442127,51,0.7692307692307693,0,0.8797,8.797,14.11,31.43337992175353,443.5249906959424,400.0,43.52499069594239,0,2023-12-16,50,1_Low (DSR<0.8)
2023-12-16 01:00:00,42,41.60286117869986,40.82457318761185,42.93503949754996,53,0.7777777777777778,0,0.8823,8.823,12.79,35.35411003426324,452.1790673382269,420.0,32.1790673382269,1,2023-12-16,50,1_Low (DSR<0.8)
2023-12-16 02:00:00,48,46.46808035108551,44.4291433130834,48.674769609957146,51,0.9230769230769232,0,0.9486,9.486,11.96,42.34765941998701,506.4780066630447,480.0,26.47800666304471,2,2023-12-16,50,2_Balanced (0.8-1.2)
2023-12-16 03:00:00,46,44.60922744616655,42.74574429313423,46.76808506838376,50,0.9019607843137256,0,0.9384,9.384,11.32,42.1759945914496,477.4322587752095,460.0,17.432258775209505,3,2023-12-16,50,2_Balanced (0.8-1.2)
2023-12-16 04:00:00,45,43.99012927717751,42.32379908133055,46.08767123532723,55,0.8035714285714286,0,0.8905,8.905,10.72,42.862368332056654,459.4845885196474,450.0,9.484588519647389,4,2023-12-16,50,2_Balanced (0.8-1.2)
2023-12-16 05:00:00,47,45.54771395910921,42.68956509693026,46.75591252836144,54,0.8545454545454545,0,0.9151,9.151,10.33,45.943876183467296,474.6002409752172,470.0,4.600240975217218,5,2023-12-16,50,2_Balanced (0.8-1.2)
2023-12-16 06:00:00,60,56.35005742354504,54.62806217808672,61.43350079567938,55,1.0714285714285714,0,1.0173,10.173000000000002,10.29,58.81126054433789,605.1678710012368,600.0,5.16787100123679,6,2023-12-16,50,2_Balanced (0.8-1.2)
2023-12-16 07:00:00,139,137.19985362562178,127.65655559607669,144.01517834062392,60,2.278688524590164,0,1.6102,16.102,11.74,124.23590627323914,1458.5295396478275,1390.0,68.5295396478275,7,2023-12-16,50,4_Strong surge (>2.0)
2023-12-16 08:00:00,277,272.5271302327617,269.5573791105119,317.6395646873953,66,4.134328358208955,0,2.4995,24.995,15.05,208.06748567655896,3131.4156594322126,2770.0,361.4156594322126,8,2023-12-16,50,4_Strong surge (>2.0)
2023-12-16 09:00:00,328,323.2479340905228,312.5795237095123,351.2753556843832,74,4.373333333333333,0,2.5,25.0,17.54,221.33654751746727,3882.243043456376,3280.0,602.2430434563762,9,2023-12-16,50,4_Strong surge (>2.0)
2023-12-16 10:00:00,313,315.24241628607064,270.11953495089574,320.44919635982814,83,3.726190476190476,0,2.3067,23.067,18.92,200.30857671466768,3789.838271441513,3130.0,659.8382714415129,10,2023-12-16,50,4_Strong surge (>2.0)
2023-12-16 11:00:00,149,149.15833554908718,133.90955272347597,160.23192100597632,74,1.9866666666666664,0,1.4541,14.541,17.83,99.39861388324778,1772.2772855383078,1490.0,282.27728553830775,11,2023-12-16,50,3_Mild surge (1.2-2.0)
2023-12-16 12:00:00,142,140.19612287857294,131.31077706139013,141.89191431292724,89,1.5777777777777775,0,1.2744,12.744,16.56,99.75762744165326,1651.9863104337778,1420.0,231.98631043377782,12,2023-12-16,50,3_Mild surge (1.2-2.0)
2023-12-16 13:00:00,126,125.22315649683236,121.3025390473596,142.67573968054936,90,1.3846153846153846,0,1.162,11.62,15.32,93.47369473967596,1432.0170034118355,1260.0,172.0170034118355,13,2023-12-16,50,3_Mild surge (1.2-2.0)
2023-12-16 14:00:00,84,84.11050711576503,76.2905817609005,89.98245125946066,87,0.9545454545454546,0,1.0,10.0,13.99,66.40593346249307,929.019009140278,840.0,89.01900914027794,14,2023-12-16,50,2_Balanced (0.8-1.2)
2023-12-16 15:00:00,105,107.4563347327368,99.68319487977776,115.04032057820332,84,1.2352941176470589,0,1.0939,10.939,13.23,86.31721273893952,1141.9767245361695,1050.0,91.97672453616951,15,2023-12-16,50,3_Mild surge (1.2-2.0)
2023-12-16 16:00:00,222,225.15743675570823,202.24226687266503,234.35751951462169,69,3.171428571428572,0,2.0413,20.413,15.03,166.9097428490326,2508.65343502096,2220.0,288.65343502095993,16,2023-12-16,50,4_Strong surge (>2.0)
2023-12-16 17:00:00,316,316.4024853177231,305.7745450020675,328.976533113432,73,4.27027027027027,0,2.5,25.0,17.52,213.4092361431873,3738.929817228641,3160.0,578.9298172286408,17,2023-12-16,50,4_Strong surge (>2.0)
2023-12-16 18:00:00,398,377.7389859746347,339.45623990585665,381.3328750604312,76,5.1688311688311686,0,2.5,25.0,19.39,250.36787641083325,4854.633123606057,3980.0,874.6331236060569,18,2023-12-16,50,4_Strong surge (>2.0)
2023-12-16 19:00:00,458,447.18424595929946,350.4607435737929,494.1309816323131,61,7.387096774193548,0,2.5,25.0,20.79,274.38940343894944,5704.555697495759,4580.0,1124.555697495759,19,2023-12-16,50,4_Strong surge (>2.0)
2023-12-16 20:00:00,350,333.9540408176948,309.94221573350785,472.9829416806479,52,6.60377358490566,0,2.5,25.0,21.84,202.57749687761807,4424.292531807178,3500.0,924.2925318071784,20,2023-12-16,50,4_Strong surge (>2.0)
2023-12-16 21:00:00,199,172.4664999548903,172.4664999548903,251.67720076733792,53,3.685185185185185,0,2.1821,21.821,21.84,115.17977679613142,2515.5263252275104,1990.0,525.5263252275104,21,2023-12-16,50,4_Strong surge (>2.0)
2023-12-16 22:00:00,111,87.33871504372382,87.33871504372382,119.75670435589248,54,2.018181818181818,0,1.426,14.26,19.95,68.44834451149663,1365.5444730043578,1110.0,255.54447300435777,22,2023-12-16,50,4_Strong surge (>2.0)
2023-12-16 23:00:00,62,61.03361894324526,53.3168589773633,65.45742114310664,55,1.1071428571428572,0,1.0226,10.226,17.52,41.87143240784054,733.5874957853662,620.0,113.58749578536617,23,2023-12-16,50,2_Balanced (0.8-1.2)
2023-12-17 00:00:00,42,41.78351293790989,39.83401417234653,43.39213201613082,52,0.7924528301886793,0,0.885,8.85,15.35,31.115259299014955,477.6192302398795,420.0,57.61923023987953,0,2023-12-17,50,1_Low (DSR<0.8)
2023-12-17 01:00:00,45,45.47156978586092,41.56750237653048,45.47156978586092,54,0.8181818181818182,0,0.8976,8.975999999999999,13.76,35.98981465275372,495.2198496218912,450.0,45.21984962189123,1,2023-12-17,50,2_Balanced (0.8-1.2)
2023-12-17 02:00:00,44,44.35351171153613,40.958834960878114,44.35351171153613,58,0.7457627118644068,0,0.8631,8.631,12.48,37.67926883600228,470.23727507330847,440.0,30.237275073308467,2,2023-12-17,50,1_Low (DSR<0.8)
2023-12-17 03:00:00,41,41.854147094422345,39.81441359434999,41.854147094422345,56,0.7192982456140351,0,0.8535,8.535,11.49,37.201447339486016,427.4446299306944,410.0,17.44462993069442,3,2023-12-17,50,1_Low (DSR<0.8)
2023-12-17 04:00:00,46,43.74434283229546,40.73998384650261,44.17508492962113,61,0.7419354838709677,0,0.8609,8.609,10.77,43.67237790801387,470.35151006930937,460.0,10.35151006930937,4,2023-12-17,50,1_Low (DSR<0.8)
2023-12-17 05:00:00,35,36.8257917044148,36.19816325201295,36.92812614051787,51,0.6730769230769231,0,0.8341,8.341,10.16,34.613255550072935,351.670676388741,350.0,1.6706763887410148,5,2023-12-17,50,1_Low (DSR<0.8)
2023-12-17 06:00:00,64,63.71331631796901,54.596696238936296,67.39441496296075,58,1.0847457627118644,0,1.0115,10.115,10.15,63.33645391458239,642.8650072330113,640.0,2.8650072330112835,6,2023-12-17,50,2_Balanced (0.8-1.2)
2023-12-17 07:00:00,101,101.6196824671232,101.6196824671232,114.06452900874454,58,1.7118644067796611,0,1.3313,13.313,10.94,94.84386602693873,1037.5918943347097,1010.0,27.59189433470965,7,2023-12-17,50,3_Mild surge (1.2-2.0)
2023-12-17 08:00:00,240,233.83159163545892,228.61794305923377,245.85205525329224,70,3.380281690140845,0,2.166,21.66,13.62,193.32466505269664,2633.081938017728,2400.0,233.08193801772813,8,2023-12-17,50,4_Strong surge (>2.0)
2023-12-17 09:00:00,338,347.71839769287254,315.5453639023748,377.5846481439811,78,4.278481012658228,0,2.5,25.0,16.46,238.4601532169466,3925.054121950941,3380.0,545.054121950941,9,2023-12-17,50,4_Strong surge (>2.0)
2023-12-17 10:00:00,250,241.4679198696987,238.2305682821612,271.23525026904895,78,3.1645569620253164,0,2.0398,20.398,17.44,169.37818400681482,2953.9555290788508,2500.0,453.95552907885076,10,2023-12-17,50,4_Strong surge (>2.0)
2023-12-17 11:00:00,144,145.51479667677123,135.23335086660222,153.8919869130995,85,1.6744186046511629,0,1.3117,13.117,16.36,102.026780510715,1669.158129155297,1440.0,229.15812915529705,11,2023-12-17,50,3_Mild surge (1.2-2.0)
2023-12-17 12:00:00,126,129.71993381528307,120.0148785678308,134.12717125612255,92,1.3548387096774193,0,1.1584,11.584,15.17,94.119722613318,1427.796192044034,1260.0,167.7961920440339,12,2023-12-17,50,3_Mild surge (1.2-2.0)
2023-12-17 13:00:00,130,128.16927809707082,113.13752207520928,133.30382017041308,84,1.5294117647058822,0,1.2351,12.351,14.47,100.37264772278728,1452.3922125487322,1300.0,152.39221254873223,13,2023-12-17,50,3_Mild surge (1.2-2.0)
2023-12-17 14:00:00,71,70.4707791607321,70.05084773624758,75.42643380244775,96,0.7319587628865979,0,0.8562,8.562,12.99,59.11966207219541,767.9644103178184,710.0,57.96441031781842,14,2023-12-17,50,1_Low (DSR<0.8)
2023-12-17 15:00:00,99,101.54484334278833,94.529329307007,106.22687815162172,78,1.2531645569620251,0,1.1073,11.073,12.51,84.63598985055353,1058.796233030425,990.0,68.7962330304249,15,2023-12-17,50,3_Mild surge (1.2-2.0)
2023-12-17 16:00:00,179,180.03712149328484,176.21276766373495,200.9931396349491,90,1.967032967032967,0,1.4531,14.531,13.02,148.80767869346462,1937.4759765889091,1790.0,147.47597658890913,16,2023-12-17,50,3_Mild surge (1.2-2.0)
2023-12-17 17:00:00,301,304.7863069794478,281.9474518902591,308.8855654747229,79,3.7625,0,2.3498,23.498,15.64,220.0902336600176,3442.2112544426755,3010.0,432.21125444267545,17,2023-12-17,50,4_Strong surge (>2.0)
2023-12-17 18:00:00,375,369.46488362371286,354.0591701508264,377.27943726772406,68,5.434782608695652,0,2.5,25.0,17.98,248.7015469005194,4471.653813271339,3750.0,721.6538132713385,18,2023-12-17,50,4_Strong surge (>2.0)
2023-12-17 19:00:00,376,387.0459101020514,353.58313520605384,397.0910517638196,59,6.266666666666667,0,2.5,25.0,19.73,233.6678083870061,4610.265859475631,3760.0,850.2658594756313,19,2023-12-17,50,4_Strong surge (>2.0)
2023-12-17 20:00:00,306,270.07328589381984,270.07328589381984,390.99042010872944,51,5.884615384615385,0,2.5,25.0,21.05,181.73767023374052,3825.577958420239,3060.0,765.5779584202392,20,2023-12-17,50,4_Strong surge (>2.0)
2023-12-17 21:00:00,194,195.4254654392857,171.37373318388097,203.68699418117004,52,3.660377358490566,0,2.2727,22.727,21.47,113.6368793577272,2439.783799810403,1940.0,499.7837998104028,21,2023-12-17,50,4_Strong surge (>2.0)
2023-12-17 22:00:00,92,92.44802631609872,87.67194882946691,101.70595055714826,53,1.7037037037037035,0,1.3214,13.214,19.41,57.83223181542352,1122.5236195373705,920.0,202.52361953737045,22,2023-12-17,50,3_Mild surge (1.2-2.0)
2023-12-17 23:00:00,54,57.52035914152573,53.06574064404348,66.84977922319491,57,0.9310344827586208,0,0.9314,9.314,16.89,37.41562508093894,631.9499076170587,540.0,91.94990761705867,23,2023-12-17,50,2_Balanced (0.8-1.2)
2023-12-18 00:00:00,32,30.52011565844734,30.4156579714081,33.18359012612713,68,0.463768115942029,0,0.8,8.0,14.67,24.470841193527946,358.9872403090549,320.0,38.987240309054926,0,2023-12-18,51,1_Low (DSR<0.8)
2023-12-18 01:00:00,31,30.590734452972526,30.038820605376603,30.9011097046421,61,0.5,0,0.8,8.0,13.0,25.79890939075412,335.3858220798036,310.0,25.385822079803575,1,2023-12-18,51,1_Low (DSR<0.8)
2023-12-18 02:00:00,33,32.38310434320216,32.03704651495627,33.18338480014911,57,0.5689655172413793,0,0.8,8.0,11.75,29.47728179893463,346.3580611374819,330.0,16.35806113748191,2,2023-12-18,51,1_Low (DSR<0.8)
2023-12-18 03:00:00,28,28.130792964809405,27.87975012573775,28.75844594764348,58,0.4745762711864407,0,0.8,8.0,10.81,26.51429265621627,286.6195036136979,280.0,6.619503613697873,3,2023-12-18,51,1_Low (DSR<0.8)
2023-12-18 04:00:00,27,27.02104045568509,26.598826736243748,27.90635813072888,59,0.45,0,0.8,8.0,10.11,26.79402481454314,270.8875908750311,270.0,0.8875908750310941,4,2023-12-18,51,1_Low (DSR<0.8)
2023-12-18 05:00:00,30,30.032256901249248,29.1986001910984,30.91130582406218,56,0.5263157894736842,0,0.8,8.0,9.58,30.914725765365784,296.1630728322042,300.0,-3.836927167795807,5,2023-12-18,51,1_Low (DSR<0.8)
2023-12-18 06:00:00,38,38.0240112390947,37.56750521315728,42.19344244889019,56,0.6666666666666666,0,0.8185,8.185,9.23,40.192258034117465,370.9745416549042,380.0,-9.025458345095785,6,2023-12-18,51,1_Low (DSR<0.8)
2023-12-18 07:00:00,85,83.52352628786707,77.66745034941707,90.12234269881364,78,1.0759493670886076,0,1.015,10.15,9.46,88.36802123330116,835.9614808670291,850.0,-14.038519132970919,7,2023-12-18,51,2_Balanced (0.8-1.2)
2023-12-18 08:00:00,177,175.10897093155626,160.50045412887536,186.80870660685807,79,2.2125,0,1.5703,15.703,11.02,165.36597285960997,1822.3330209129017,1770.0,52.3330209129017,8,2023-12-18,51,4_Strong surge (>2.0)
2023-12-18 09:00:00,266,266.6002972220235,247.17423332192692,271.07392017561875,81,3.2439024390243905,0,2.0935,20.935,13.5,215.5996237851456,2910.5949210994654,2660.0,250.5949210994654,9,2023-12-18,51,4_Strong surge (>2.0)
2023-12-18 10:00:00,183,186.2387734137331,182.884411478496,198.29996092805465,96,1.8865979381443296,0,1.4255,14.255,13.69,146.8820333554067,2010.8150366355176,1830.0,180.81503663551757,10,2023-12-18,51,3_Mild surge (1.2-2.0)
2023-12-18 11:00:00,99,97.70990237406052,92.27581144588596,108.1872717789894,89,1.1,0,1.0246,10.246,12.83,83.15273439547518,1066.8495822939465,990.0,76.84958229394647,11,2023-12-18,51,2_Balanced (0.8-1.2)
2023-12-18 12:00:00,102,101.65912809352685,99.01339783715947,105.0002403993725,93,1.0851063829787233,0,1.0334,10.334,12.21,88.69501408063134,1082.9661219245088,1020.0,62.9661219245088,12,2023-12-18,51,2_Balanced (0.8-1.2)
2023-12-18 13:00:00,96,97.0360288168046,94.9140046758258,102.98548807238323,95,1.0,0,1.0,10.0,11.66,86.2148839086434,1005.265546374782,960.0,45.26554637478205,13,2023-12-18,51,2_Balanced (0.8-1.2)
2023-12-18 14:00:00,55,52.114595101532124,47.825363984119605,55.43409861905014,109,0.5,0,0.8,8.0,10.75,52.28495812371487,562.0632998299349,550.0,12.063299829934863,14,2023-12-18,51,1_Low (DSR<0.8)
2023-12-18 15:00:00,75,74.97973722344724,72.7542916719692,79.39390608049908,95,0.78125,0,0.879,8.79,10.26,73.66447717578772,755.797535823582,750.0,5.797535823582052,15,2023-12-18,51,1_Low (DSR<0.8)
2023-12-18 16:00:00,125,130.6830657604183,121.95865498073756,143.0264316133139,79,1.5625,0,1.2505,12.505,10.82,118.29078952304764,1279.9063426393757,1250.0,29.90634263937568,16,2023-12-18,51,3_Mild surge (1.2-2.0)
2023-12-18 17:00:00,247,241.8256120061693,218.60434126579668,247.46984120250409,91,2.6847826086956523,0,1.8095,18.095,12.64,209.63992781818175,2649.8486876218176,2470.0,179.8486876218176,17,2023-12-18,51,4_Strong surge (>2.0)
2023-12-18 18:00:00,284,285.372636621056,268.9191438199618,295.1039645715672,76,3.688311688311688,0,2.312,23.12,15.26,211.26627087349573,3223.923293529545,2840.0,383.92329352954494,18,2023-12-18,51,4_Strong surge (>2.0)
2023-12-18 19:00:00,261,270.3318792378866,270.3318792378866,289.1119289088022,62,4.142857142857143,0,2.5,25.0,17.7,175.00853159606282,3097.651009250312,2610.0,487.6510092503122,19,2023-12-18,51,4_Strong surge (>2.0)
2023-12-18 20:00:00,224,234.90801671080632,214.5722689266155,247.4102022676519,59,3.733333333333333,0,2.3173,23.173,19.07,142.56159090716025,2718.649538599546,2240.0,478.64953859954585,20,2023-12-18,51,4_Strong surge (>2.0)
2023-12-18 21:00:00,124,125.92680245777989,122.89086333833149,139.58153548566708,62,1.968253968253968,0,1.4549,14.549,17.94,82.36562117120678,1477.63924381145,1240.0,237.6392438114499,21,2023-12-18,51,3_Mild surge (1.2-2.0)
2023-12-18 22:00:00,75,70.96023167282507,64.3166843253664,81.24382154465161,61,1.2096774193548387,0,1.0659,10.659,16.12,53.691524723301626,865.5073785396222,750.0,115.50737853962221,22,2023-12-18,51,3_Mild surge (1.2-2.0)
2023-12-18 23:00:00,51,48.78931629233013,44.04836045571151,50.52003117251349,67,0.75,0,0.8579,8.579,14.23,39.84068033884883,566.9328812218188,510.0,56.932881221818775,23,2023-12-18,51,1_Low (DSR<0.8)
2023-12-19 00:00:00,30,29.593399715692808,29.593399715692808,31.110384923368795,57,0.5172413793103449,0,0.8,8.0,12.67,25.420121634064348,322.07294110359527,300.0,22.07294110359527,0,2023-12-19,51,1_Low (DSR<0.8)
2023-12-19 01:00:00,33,32.962207425397146,32.06213622948472,33.825811988992015,60,0.5409836065573771,0,0.8,8.0,11.5,29.924400020532687,344.130600236126,330.0,14.130600236125986,1,2023-12-19,51,1_Low (DSR<0.8)
2023-12-19 02:00:00,28,28.63629502598217,28.40261311153367,29.356021613428545,58,0.4745762711864407,0,0.8,8.0,10.62,26.8454612098361,285.09879804845934,280.0,5.098798048459344,2,2023-12-19,51,1_Low (DSR<0.8)
2023-12-19 03:00:00,34,32.6527433350825,32.6527433350825,33.8590995940239,55,0.6071428571428571,0,0.8,8.0,9.96,34.09552484957569,339.59142750177386,340.0,-0.4085724982261354,3,2023-12-19,51,1_Low (DSR<0.8)
2023-12-19 04:00:00,30,30.015177205910213,28.92099830942808,30.70048597778865,63,0.46875,0,0.8,8.0,9.47,31.16565576395581,295.1387600846616,300.0,-4.861239915338388,4,2023-12-19,51,1_Low (DSR<0.8)
2023-12-19 05:00:00,32,31.97863701079883,31.337699072834287,33.068431512370765,62,0.5079365079365079,0,0.8,8.0,9.1,34.18385232844277,311.0730561888292,320.0,-8.926943811170815,5,2023-12-19,51,1_Low (DSR<0.8)
2023-12-19 06:00:00,39,39.46950040162472,38.00349885845617,41.06606058980737,61,0.6290322580645161,0,0.8053,8.053,8.84,42.51557152163642,375.837652251266,390.0,-14.162347748734021,6,2023-12-19,51,1_Low (DSR<0.8)
2023-12-19 07:00:00,96,92.1877064193543,85.57248888705541,95.07645719248951,71,1.3333333333333333,0,1.1488,11.488,9.5,99.50953786788128,945.3406097448722,960.0,-14.659390255127846,7,2023-12-19,51,3_Mild surge (1.2-2.0)
2023-12-19 08:00:00,214,214.9745002304138,191.134222986711,223.88260622010569,74,2.853333333333333,0,1.8828,18.828,11.83,190.2499065459281,2250.656394438329,2140.0,110.65639443832879,8,2023-12-19,51,4_Strong surge (>2.0)
2023-12-19 09:00:00,266,263.54996742037486,252.0450923699821,279.7000162873553,80,3.2839506172839505,0,2.1084,21.084,14.14,208.7214340618469,2951.3210776345154,2660.0,291.3210776345154,9,2023-12-19,51,4_Strong surge (>2.0)
2023-12-19 10:00:00,185,188.8156803820424,178.29342486492794,204.2524994102468,91,2.010869565217391,0,1.4746,14.746,14.29,144.09508523765476,2059.118768046086,1850.0,209.1187680460862,10,2023-12-19,51,4_Strong surge (>2.0)
2023-12-19 11:00:00,118,118.59098549643493,110.38030278903418,121.72275078599192,103,1.1346153846153846,0,1.0521,10.521,13.35,96.39291664872282,1286.8454372604497,1180.0,106.84543726044967,11,2023-12-19,51,2_Balanced (0.8-1.2)
2023-12-19 12:00:00,101,99.78020994190854,96.00363624823407,105.3682016864702,109,0.9181818181818182,0,0.9457,9.457,12.38,86.97950314452865,1076.8062489292647,1010.0,66.80624892926471,12,2023-12-19,51,2_Balanced (0.8-1.2)
2023-12-19 13:00:00,84,90.41357159827582,86.10246128773325,97.55368626297754,105,0.7924528301886793,0,0.8794,8.794,11.48,76.26406750311702,875.5114949357834,840.0,35.51149493578339,13,2023-12-19,51,1_Low (DSR<0.8)
2023-12-19 14:00:00,61,60.49149862870656,55.71963610452536,68.77041954166368,99,0.61,0,0.8,8.0,10.61,58.52333493207445,620.9325836293099,610.0,10.932583629309875,14,2023-12-19,51,1_Low (DSR<0.8)
2023-12-19 15:00:00,70,70.39285642335658,68.36836600917196,76.35976903983354,98,0.7070707070707071,0,0.8392,8.392,10.06,69.70749134792501,701.2573629601256,700.0,1.257362960125647,15,2023-12-19,51,1_Low (DSR<0.8)
2023-12-19 16:00:00,153,148.7595360775972,137.82788069254835,162.0651914637145,91,1.6630434782608696,0,1.2992,12.992,10.79,145.0696019935192,1565.301005510072,1530.0,35.301005510071946,16,2023-12-19,51,3_Mild surge (1.2-2.0)
2023-12-19 17:00:00,227,229.4602255742032,222.71611772780813,242.7546089578491,80,2.802469135802469,0,1.8764,18.764,12.78,191.1851955165332,2443.346798701294,2270.0,173.34679870129412,17,2023-12-19,51,4_Strong surge (>2.0)
2023-12-19 18:00:00,322,321.2091406495804,301.21473860219265,328.96446322274613,77,4.128205128205129,0,2.5,25.0,15.83,233.46362862476505,3695.729241130031,3220.0,475.7292411300309,18,2023-12-19,51,4_Strong surge (>2.0)
2023-12-19 19:00:00,343,345.16887580879984,322.4079158867114,355.45824407524896,64,5.276923076923077,0,2.5,25.0,18.12,226.2472893718564,4099.6008834180375,3430.0,669.6008834180375,19,2023-12-19,51,4_Strong surge (>2.0)
2023-12-19 20:00:00,212,223.90097572215728,216.55748004893468,242.18448061652725,60,3.4754098360655736,0,2.1995,21.995,19.09,134.8253980212713,2573.816848226069,2120.0,453.81684822606894,20,2023-12-19,51,4_Strong surge (>2.0)
2023-12-19 21:00:00,135,135.16470066367026,124.44805329739276,145.79854195030143,66,2.014925373134328,0,1.472,14.72,18.0,89.46290883939096,1610.3323591090373,1350.0,260.33235910903727,21,2023-12-19,51,4_Strong surge (>2.0)
2023-12-19 22:00:00,75,73.87614336419838,67.37615347655881,80.11432359505132,63,1.171875,0,1.0582,10.582,16.15,53.62168964945802,865.9902878387469,750.0,115.9902878387469,22,2023-12-19,51,2_Balanced (0.8-1.2)
2023-12-19 23:00:00,51,47.01681235916197,45.673463120480825,53.07061090467482,57,0.8793103448275862,0,0.9179,9.179,14.41,39.49166001732159,569.0748208496042,510.0,59.07482084960418,23,2023-12-19,51,2_Balanced (0.8-1.2)
2023-12-20 00:00:00,31,30.832032909682045,30.47548624551348,32.04512019972206,60,0.5081967213114754,0,0.8,8.0,12.81,26.06617478188459,333.9076989559416,310.0,23.907698955941612,0,2023-12-20,51,1_Low (DSR<0.8)
2023-12-20 01:00:00,32,32.02441153627016,31.80395635372725,32.56359899298522,57,0.5517241379310345,0,0.8,8.0,11.61,28.82487446000695,334.6567924806807,320.0,14.656792480680679,1,2023-12-20,51,1_Low (DSR<0.8)
2023-12-20 02:00:00,34,33.271013352788486,32.84243275292349,34.06834786902804,60,0.5573770491803278,0,0.8,8.0,10.71,32.40606415588815,347.06894710956215,340.0,7.068947109562146,2,2023-12-20,51,1_Low (DSR<0.8)
2023-12-20 03:00:00,32,32.68487261051469,31.905260331967824,33.954704552988446,64,0.4923076923076923,0,0.8,8.0,10.03,31.932970898608307,320.2876981130413,320.0,0.28769811304130144,3,2023-12-20,51,1_Low (DSR<0.8)
2023-12-20 04:00:00,34,33.37130415594504,33.20479087092254,34.269964829378644,62,0.5396825396825397,0,0.8,8.0,9.52,35.191117096698946,335.019434760574,340.0,-4.980565239426028,4,2023-12-20,51,1_Low (DSR<0.8)
2023-12-20 05:00:00,30,29.04889200482785,29.04889200482785,29.93911790701389,70,0.4225352112676056,0,0.8,8.0,9.14,31.949121262741475,292.0149683414571,300.0,-7.98503165854288,5,2023-12-20,51,1_Low (DSR<0.8)
2023-12-20 06:00:00,52,49.105762660486114,44.642036624731546,50.43252175829976,64,0.8,0,0.8844,8.844,9.07,55.67730976119023,504.9931995339954,520.0,-15.00680046600462,6,2023-12-20,51,2_Balanced (0.8-1.2)
2023-12-20 07:00:00,83,89.28562351027753,88.92595210307728,98.44044673014932,70,1.1690140845070425,0,1.0674,10.674,9.47,86.22498094694443,816.5505695675638,830.0,-13.449430432436202,7,2023-12-20,51,2_Balanced (0.8-1.2)
2023-12-20 08:00:00,197,196.50589099359328,181.22572337122216,207.47414055163668,81,2.402439024390244,0,1.6673,16.673000000000002,11.27,181.18385047039345,2041.9419948013335,1970.0,71.94199480133352,8,2023-12-20,51,4_Strong surge (>2.0)
2023-12-20 09:00:00,271,268.60929899009176,248.6039105628547,274.66819799329386,84,3.188235294117648,0,2.0638,20.638,13.61,218.4080308118352,2972.533299349077,2710.0,262.53329934907697,9,2023-12-20,51,4_Strong surge (>2.0)
2023-12-20 10:00:00,236,233.9642782929758,216.54193439476347,241.87013268718195,85,2.744186046511628,0,1.8418,18.418,14.81,179.27654007872272,2655.085558565884,2360.0,295.0855585658842,10,2023-12-20,51,4_Strong surge (>2.0)
2023-12-20 11:00:00,96,95.55062953381656,93.89619986599683,110.15570097748606,104,0.9142857142857144,0,0.933,9.33,13.44,78.05338549496078,1049.0375010522728,960.0,89.03750105227277,11,2023-12-20,51,2_Balanced (0.8-1.2)
2023-12-20 12:00:00,128,125.94027501964146,110.23939112087452,125.94027501964146,105,1.2075471698113207,0,1.0833,10.832999999999998,12.79,107.74585915204035,1378.069538554596,1280.0,98.06953855459597,12,2023-12-20,51,3_Mild surge (1.2-2.0)
2023-12-20 13:00:00,109,106.99555223382588,104.14465647434942,112.27078549522136,99,1.09,0,1.0332,10.332,12.18,94.94528361541546,1156.4335544357602,1090.0,66.43355443576024,13,2023-12-20,51,2_Balanced (0.8-1.2)
2023-12-20 14:00:00,62,60.292109059433216,57.937717809855336,63.25561821792334,101,0.6078431372549019,0,0.8,8.0,11.13,57.52346977011714,640.2362185414038,620.0,20.236218541403787,14,2023-12-20,51,1_Low (DSR<0.8)
2023-12-20 15:00:00,72,73.34527254295371,72.0614764772034,75.3109956680837,103,0.6923076923076923,0,0.8406,8.406,10.45,69.81537789776004,729.5706990315924,720.0,9.570699031592426,15,2023-12-20,51,1_Low (DSR<0.8)
2023-12-20 16:00:00,151,145.08221797886233,127.37149829688718,147.9758076246458,96,1.556701030927835,0,1.2513,12.513000000000002,10.97,141.52472119418982,1552.5261915002625,1510.0,42.526191500262485,16,2023-12-20,51,3_Mild surge (1.2-2.0)
2023-12-20 17:00:00,226,228.13968009303105,215.74150757244448,236.97126941026173,78,2.8607594936708862,0,1.9036,19.036,12.99,188.18371307487556,2444.5064328426333,2260.0,184.50643284263333,17,2023-12-20,51,4_Strong surge (>2.0)
2023-12-20 18:00:00,347,346.1504910522634,313.547305225476,352.59977730064224,78,4.39240506329114,0,2.5,25.0,15.99,249.82480101514983,3994.6985682322456,3470.0,524.6985682322456,18,2023-12-20,51,4_Strong surge (>2.0)
2023-12-20 19:00:00,290,291.33466462956625,291.33466462956625,326.526709514505,68,4.202898550724638,0,2.5,25.0,18.24,190.40599321359264,3473.0053162159293,2900.0,573.0053162159293,19,2023-12-20,51,4_Strong surge (>2.0)
2023-12-20 20:00:00,237,233.28912549424336,220.96192716463227,250.77867910030488,64,3.646153846153846,0,2.2787,22.787000000000003,19.38,149.14225495292033,2890.376900987596,2370.0,520.376900987596,20,2023-12-20,51,4_Strong surge (>2.0)
2023-12-20 21:00:00,138,138.56917333990503,138.46895638118124,153.80732578479189,64,2.123076923076923,0,1.5358,15.358,18.37,90.157669489924,1656.196388529904,1380.0,276.19638852990397,21,2023-12-20,51,4_Strong surge (>2.0)
2023-12-20 22:00:00,71,71.5301921161631,69.90045660966842,81.95470175903414,65,1.0757575757575757,0,1.012,10.12,16.31,50.41277173895966,822.232307062432,710.0,112.23230706243203,22,2023-12-20,51,2_Balanced (0.8-1.2)
2023-12-20 23:00:00,49,46.821568700914725,45.24529588470622,51.56964609459799,56,0.8596491228070176,0,0.9114,9.114,14.51,37.75973096480583,547.8936962993326,490.0,57.893696299332646,23,2023-12-20,51,2_Balanced (0.8-1.2)
2023-12-21 00:00:00,36,35.35321845557208,35.04460024496266,36.31638191099728,57,0.6206896551724138,0,0.8061,8.061,12.9,30.122409174151667,388.5790783465565,360.0,28.579078346556514,0,2023-12-21,51,1_Low (DSR<0.8)
2023-12-21 01:00:00,38,37.00611378428985,35.93579205086723,37.630850920432046,64,0.5846153846153846,0,0.8,8.0,11.68,34.085809045279,398.1222496488587,380.0,18.122249648858713,1,2023-12-21,51,1_Low (DSR<0.8)
2023-12-21 02:00:00,30,30.09887178753849,30.04602904743754,31.16774352538629,58,0.5084745762711864,0,0.8,8.0,10.76,28.500512182942565,306.665511088462,300.0,6.665511088461983,2,2023-12-21,51,1_Low (DSR<0.8)
2023-12-21 03:00:00,37,36.95536003180772,36.59305662003442,37.42638461465236,55,0.6607142857142857,0,0.8276,8.276,10.14,36.64166126668082,371.5464452441436,370.0,1.5464452441436265,3,2023-12-21,51,1_Low (DSR<0.8)
2023-12-21 04:00:00,42,40.14161347398854,39.05524680625616,40.605975520361845,62,0.6666666666666666,0,0.8286,8.286,9.68,42.96714923661306,415.9220046104144,420.0,-4.077995389585624,4,2023-12-21,51,1_Low (DSR<0.8)
2023-12-21 05:00:00,34,33.995272896763666,33.65139179171688,35.637414987834845,58,0.576271186440678,0,0.8,8.0,9.26,35.87990019851003,332.24787583820284,340.0,-7.7521241617971555,5,2023-12-21,51,1_Low (DSR<0.8)
2023-12-21 06:00:00,52,51.84358024120903,44.59351895638877,53.02082075183961,67,0.7647058823529411,0,0.8612,8.612,9.1,55.548760033719496,505.4937163068474,520.0,-14.506283693152625,6,2023-12-21,51,1_Low (DSR<0.8)
2023-12-21 07:00:00,94,96.15251473310197,93.53064630653928,103.04516160446316,70,1.323943661971831,0,1.1449,11.449,9.69,96.09509261136982,931.1614474041736,940.0,-8.8385525958264,7,2023-12-21,51,3_Mild surge (1.2-2.0)
2023-12-21 08:00:00,187,188.61695650308505,181.4497581185864,201.70804380166103,78,2.367088607594937,0,1.6566,16.566000000000003,11.41,170.5067810076586,1945.4823712973848,1870.0,75.48237129738482,8,2023-12-21,51,4_Strong surge (>2.0)
2023-12-21 09:00:00,274,271.88177743873166,250.8567003030165,277.0875463363459,83,3.261904761904762,0,2.1002,21.002,13.81,218.5822981710615,3018.62153774236,2740.0,278.62153774236003,9,2023-12-21,51,4_Strong surge (>2.0)
2023-12-21 10:00:00,227,224.03676538183635,204.74662556393943,228.1446485196172,100,2.247524752475248,0,1.5984,15.984,14.35,176.2907504215234,2529.7722685488607,2270.0,259.77226854886067,10,2023-12-21,51,4_Strong surge (>2.0)
2023-12-21 11:00:00,103,101.40438911721544,99.84455676649723,110.02621449159513,98,1.0404040404040404,0,1.005,10.05,13.27,84.4943323628434,1121.2397904549318,1030.0,91.23979045493184,11,2023-12-21,51,2_Balanced (0.8-1.2)
2023-12-21 12:00:00,108,112.005594006602,107.9844505162558,117.43072937161568,97,1.1020408163265305,0,1.0378,10.378,12.55,92.12407652576512,1156.1571603983523,1080.0,76.15716039835229,12,2023-12-21,51,2_Balanced (0.8-1.2)
2023-12-21 13:00:00,111,108.74204510042313,102.8970851759354,111.30816039792764,95,1.15625,0,1.0657,10.657,12.08,97.24698035219969,1174.7435226545722,1110.0,64.74352265457219,13,2023-12-21,51,2_Balanced (0.8-1.2)
2023-12-21 14:00:00,62,66.49888272426709,61.69170848183956,73.51788339883609,99,0.62,0,0.8,8.0,11.06,57.7780792997405,639.02555705513,620.0,19.02555705512998,14,2023-12-21,51,1_Low (DSR<0.8)
2023-12-21 15:00:00,84,84.02283224526509,75.02842647231488,86.83063238203825,91,0.9130434782608696,0,0.9366,9.366,10.64,80.43038480086003,855.7792942811507,840.0,15.77929428115067,15,2023-12-21,51,2_Balanced (0.8-1.2)
2023-12-21 16:00:00,152,147.6234493477354,132.74201447624085,147.6234493477354,97,1.5510204081632653,0,1.2564,12.564,11.12,141.11404366330282,1569.1881655359273,1520.0,49.18816553592728,16,2023-12-21,51,3_Mild surge (1.2-2.0)
2023-12-21 17:00:00,257,260.0769695041952,241.81068006894228,261.83418516269404,76,3.3376623376623376,0,2.1439,21.439,13.7,206.1715454199745,2824.550172253651,2570.0,254.550172253651,17,2023-12-21,51,4_Strong surge (>2.0)
2023-12-21 18:00:00,313,314.8632212735494,303.4697022938301,335.1733518972682,77,4.012820512820513,0,2.4687,24.687,16.45,220.91652640384612,3634.076859343269,3130.0,504.076859343269,18,2023-12-21,51,4_Strong surge (>2.0)
2023-12-21 19:00:00,330,330.21394903772455,312.70773749713976,336.0038438342876,71,4.583333333333333,0,2.5,25.0,18.59,213.8052509394724,3974.639614964792,3300.0,674.6396149647921,19,2023-12-21,51,4_Strong surge (>2.0)
2023-12-21 20:00:00,229,234.5090739890668,230.5223219047324,253.13093387316707,61,3.693548387096774,0,2.313,23.130000000000003,19.73,142.31363861868192,2807.8480899465944,2290.0,517.8480899465944,20,2023-12-21,51,4_Strong surge (>2.0)
2023-12-21 21:00:00,165,164.01030683274396,156.3833082980032,169.99111432962877,57,2.8448275862068964,0,1.8986,18.986,19.54,103.23732730748254,2017.2573755882088,1650.0,367.2573755882088,21,2023-12-21,51,4_Strong surge (>2.0)
2023-12-21 22:00:00,76,73.87650810796089,66.592936037958,83.21168262870376,62,1.2063492063492065,0,1.0664,10.664,17.32,51.74043443312641,896.1443243817495,760.0,136.14432438174947,22,2023-12-21,51,3_Mild surge (1.2-2.0)
2023-12-21 23:00:00,52,48.22499634455341,46.46254348552317,53.64885438380343,57,0.896551724137931,0,0.9275,9.275,15.31,38.59408154667563,590.875388479604,520.0,70.875388479604,23,2023-12-21,51,2_Balanced (0.8-1.2)
2023-12-22 00:00:00,39,39.06630225145378,37.01799418960669,39.220745796272986,60,0.639344262295082,0,0.8129,8.129,13.51,31.594090854936336,426.8361674501899,390.0,36.83616745018992,0,2023-12-22,51,1_Low (DSR<0.8)
2023-12-22 01:00:00,40,38.77811740308999,37.93547861715609,40.49063953916693,62,0.6349206349206349,0,0.8096,8.096,12.16,34.88241052123253,424.1701119381876,400.0,24.170111938187574,1,2023-12-22,51,1_Low (DSR<0.8)
2023-12-22 02:00:00,38,36.77818953264939,35.615329687226094,42.8273213975055,62,0.6031746031746031,0,0.8,8.0,11.12,35.278510915825706,392.2970413839818,380.0,12.29704138398182,2,2023-12-22,51,1_Low (DSR<0.8)
2023-12-22 03:00:00,37,37.50073826568588,37.02105669520437,38.784260974469824,58,0.6271186440677966,0,0.808,8.08,10.36,36.09523679722346,373.9466532192351,370.0,3.9466532192350883,3,2023-12-22,51,1_Low (DSR<0.8)
2023-12-22 04:00:00,34,34.871973393864245,33.976464484520804,35.47138156308111,64,0.5230769230769231,0,0.8,8.0,9.77,34.55832801167436,337.6348646740585,340.0,-2.3651353259414805,4,2023-12-22,51,1_Low (DSR<0.8)
2023-12-22 05:00:00,37,36.37116198195004,36.192393560013286,37.36088408631285,60,0.6065573770491803,0,0.8,8.0,9.33,38.84047866382579,362.3816659334946,370.0,-7.618334066505383,5,2023-12-22,51,1_Low (DSR<0.8)
2023-12-22 06:00:00,51,52.06209305095108,45.894765401621584,53.62144603448074,63,0.796875,0,0.8788,8.788,9.19,54.106484625817465,497.23859371126247,510.0,-12.761406288737533,6,2023-12-22,51,1_Low (DSR<0.8)
2023-12-22 07:00:00,113,112.08872298200414,98.7993608273424,113.3183206754255,76,1.4675324675324677,0,1.21,12.1,9.92,113.63713425289126,1127.2803717886814,1130.0,-2.71962821131865,7,2023-12-22,51,3_Mild surge (1.2-2.0)
2023-12-22 08:00:00,261,257.93085304605665,230.6238544967757,260.9822715739037,83,3.107142857142857,0,2.0175,20.175,12.48,223.50657195901357,2789.362018048489,2610.0,179.36201804848906,8,2023-12-22,51,4_Strong surge (>2.0)
2023-12-22 09:00:00,313,309.188057307941,280.33842988496895,323.434861152245,91,3.402173913043478,0,2.1552,21.552,14.75,238.44593516358847,3517.07754366293,3130.0,387.0775436629301,9,2023-12-22,51,4_Strong surge (>2.0)
2023-12-22 10:00:00,225,222.53347948410484,210.1708756820369,229.65929697477245,92,2.419354838709677,0,1.6873,16.873,15.28,167.22306148534307,2555.168379496042,2250.0,305.1683794960418,10,2023-12-22,51,4_Strong surge (>2.0)
2023-12-22 11:00:00,113,112.95328913418383,110.99027269635708,119.90765576183654,101,1.107843137254902,0,1.0416,10.416,14.06,89.02023143028627,1251.624453909825,1130.0,121.62445390982498,11,2023-12-22,51,2_Balanced (0.8-1.2)
2023-12-22 12:00:00,136,133.94297244433005,122.49726387485649,143.97413838638687,100,1.3465346534653466,0,1.1453,11.453,13.41,110.74873234072987,1485.1405006891875,1360.0,125.14050068918755,12,2023-12-22,51,3_Mild surge (1.2-2.0)
2023-12-22 13:00:00,136,133.09162821168732,117.93036266599086,134.70579249669993,93,1.446808510638298,0,1.2004,12.004,13.06,112.81807483634373,1473.4040573626492,1360.0,113.40405736264916,13,2023-12-22,51,3_Mild surge (1.2-2.0)
2023-12-22 14:00:00,79,78.51213949189352,72.92605448808018,81.74816328556793,101,0.7745098039215687,0,0.8725,8.725000000000001,11.98,69.61571991474851,833.9963245786872,790.0,43.99632457868722,14,2023-12-22,51,1_Low (DSR<0.8)
2023-12-22 15:00:00,98,97.45848153033258,94.06260361989656,99.37951047699788,98,0.98989898989899,0,1.0,10.0,11.48,88.97474542030318,1021.4300774250804,980.0,41.43007742508041,15,2023-12-22,51,2_Balanced (0.8-1.2)
2023-12-22 16:00:00,181,179.80486616450509,172.4840803033875,191.7713406015792,95,1.8854166666666667,0,1.4196,14.196,12.16,157.84290760857718,1919.3697565202983,1810.0,109.36975652029832,16,2023-12-22,51,3_Mild surge (1.2-2.0)
2023-12-22 17:00:00,327,324.6068935068224,283.50894789639364,326.02717974878544,84,3.847058823529412,0,2.3761,23.761000000000003,15.06,245.51061395506483,3697.3898461632766,3270.0,427.3898461632766,17,2023-12-22,51,4_Strong surge (>2.0)
2023-12-22 18:00:00,385,385.056286107297,339.12261347900784,389.4647926753949,74,5.133333333333334,0,2.5,25.0,17.55,259.69688771583253,4557.680379412861,3850.0,707.6803794128609,18,2023-12-22,51,4_Strong surge (>2.0)
2023-12-22 19:00:00,395,393.4088100826793,345.01213550952184,393.4088100826793,72,5.410958904109589,0,2.5,25.0,19.41,248.3014300770901,4819.530757796319,3950.0,869.5307577963194,19,2023-12-22,51,4_Strong surge (>2.0)
2023-12-22 20:00:00,279,267.1414152455635,256.38929651218115,279.40664214919315,55,4.982142857142857,0,2.5,25.0,20.81,167.0374098876591,3476.0484997621857,2790.0,686.0484997621857,20,2023-12-22,51,4_Strong surge (>2.0)
2023-12-22 21:00:00,155,155.47235929582456,135.5620473118427,162.11990448497804,65,2.3484848484848486,0,1.6316,16.316,19.69,96.46276289690528,1899.351801440065,1550.0,349.35180144006495,21,2023-12-22,51,4_Strong surge (>2.0)
2023-12-22 22:00:00,87,92.84823113736344,80.14448138697371,96.74194869381373,59,1.45,0,1.1925,11.925,17.75,58.22109945362511,1033.4245153018458,870.0,163.42451530184576,22,2023-12-22,51,3_Mild surge (1.2-2.0)
2023-12-22 23:00:00,55,53.29823124036528,50.0607670872243,59.36635450555816,61,0.8870967741935484,0,0.9193,9.193,15.61,40.26990984748284,628.6132927192072,550.0,78.61329271920715,23,2023-12-22,51,2_Balanced (0.8-1.2)
2023-12-23 00:00:00,45,44.06515341640058,42.5693936286139,45.89159780394676,55,0.8035714285714286,0,0.8918,8.918000000000001,13.94,35.66387854609725,497.15446693259565,450.0,47.15446693259565,0,2023-12-23,51,2_Balanced (0.8-1.2)
2023-12-23 01:00:00,52,49.125774535842126,44.558973560657456,51.43490104576008,55,0.9285714285714286,0,0.9444,9.444,12.82,43.70002908371211,560.2343728531893,520.0,40.23437285318926,1,2023-12-23,51,2_Balanced (0.8-1.2)
2023-12-23 02:00:00,45,43.04465561092453,43.04465561092453,46.660113020401525,49,0.9,0,0.9383,9.383,11.96,39.70093070623783,474.8231312466044,450.0,24.82313124660442,2,2023-12-23,51,2_Balanced (0.8-1.2)
2023-12-23 03:00:00,49,45.842531906623066,43.97861561046043,49.174509636548194,55,0.875,0,0.9219,9.219,11.27,45.06603387334658,507.894201752616,490.0,17.894201752616027,3,2023-12-23,51,2_Balanced (0.8-1.2)
2023-12-23 04:00:00,44,43.3684284088385,41.3068005954303,44.60713294371536,54,0.8,0,0.89,8.9,10.68,42.01968569681976,448.7702432420351,440.0,8.770243242035122,4,2023-12-23,51,2_Balanced (0.8-1.2)
2023-12-23 05:00:00,45,44.23233692463563,42.40158634076214,45.91578363688451,51,0.8653846153846154,0,0.9218,9.218,10.31,44.04853288913045,454.14037408693497,450.0,4.140374086934969,5,2023-12-23,51,2_Balanced (0.8-1.2)
2023-12-23 06:00:00,53,53.370723838637296,51.50849567838311,54.91396098539125,50,1.03921568627451,0,1.01,10.1,10.26,52.05623053755666,534.0969253153313,530.0,4.096925315331305,6,2023-12-23,51,2_Balanced (0.8-1.2)
2023-12-23 07:00:00,119,119.86803401082744,117.50044808279108,135.67920075982855,59,1.9833333333333327,0,1.458,14.58,11.34,108.97272803367878,1235.750735901917,1190.0,45.750735901917096,7,2023-12-23,51,3_Mild surge (1.2-2.0)
2023-12-23 08:00:00,286,293.063228657113,272.9061832498875,347.31011271853623,63,4.46875,0,2.5,25.0,14.75,217.8771164753556,3213.687468011495,2860.0,353.6874680114952,8,2023-12-23,51,4_Strong surge (>2.0)
2023-12-23 09:00:00,369,363.0571987092171,317.51925872194755,365.5923036282594,83,4.392857142857143,0,2.5,25.0,17.31,251.31500460471335,4350.262729707589,3690.0,660.2627297075887,9,2023-12-23,51,4_Strong surge (>2.0)
2023-12-23 10:00:00,296,292.2005797490514,257.35029680754826,310.285178727058,88,3.3258426966292136,0,2.1043,21.043,18.24,194.34542755594285,3544.860598620397,2960.0,584.860598620397,10,2023-12-23,51,4_Strong surge (>2.0)
2023-12-23 11:00:00,147,151.54101232192068,129.75592762466442,160.3405346370414,87,1.6704545454545454,0,1.2951,12.951,16.92,101.72719830732596,1721.2241953599555,1470.0,251.2241953599555,11,2023-12-23,51,3_Mild surge (1.2-2.0)
2023-12-23 12:00:00,145,146.4473188787678,137.00942536339912,147.66753799207012,86,1.6666666666666667,0,1.3189,13.189,15.99,104.39364883918364,1669.2544449385464,1450.0,219.25444493854638,12,2023-12-23,51,3_Mild surge (1.2-2.0)
2023-12-23 13:00:00,165,157.03550037810024,136.4677980183375,157.03550037810024,87,1.875,0,1.4094,14.094,15.52,121.29970435803637,1882.5714116367244,1650.0,232.5714116367244,13,2023-12-23,51,3_Mild surge (1.2-2.0)
2023-12-23 14:00:00,80,79.48529566249717,74.45706168559092,82.06903665606359,91,0.8695652173913043,0,0.9215,9.215,13.94,63.40245074861733,883.8301634357256,800.0,83.83016343572558,14,2023-12-23,51,2_Balanced (0.8-1.2)
2023-12-23 15:00:00,116,111.5660810180702,101.87507917517487,111.5660810180702,94,1.2210526315789474,0,1.0962,10.962,13.2,95.51162573165864,1260.7534596578942,1160.0,100.75345965789415,15,2023-12-23,51,3_Mild surge (1.2-2.0)
2023-12-23 16:00:00,190,188.9119091829904,186.2512276461545,199.11377672056585,78,2.4050632911392404,0,1.6852,16.852,14.11,149.3085546283293,2106.743705805726,1900.0,206.74370580572622,16,2023-12-23,51,4_Strong surge (>2.0)
2023-12-23 17:00:00,344,343.7297935298471,318.0913564930848,398.201275466554,70,4.845070422535211,0,2.5,25.0,16.83,238.94588811285016,4021.459296939268,3440.0,581.4592969392679,17,2023-12-23,51,4_Strong surge (>2.0)
2023-12-23 18:00:00,459,443.7571477611005,359.2426786115508,473.7641332630985,75,6.039473684210527,0,2.5,25.0,18.87,294.28786577574886,5553.212027188381,4590.0,963.2120271883814,18,2023-12-23,51,4_Strong surge (>2.0)
2023-12-23 19:00:00,433,459.662055143638,341.6291472958314,567.2796079388215,54,7.872727272727273,0,2.5,25.0,20.4,262.8734828161472,5362.619049449402,4330.0,1032.6190494494022,19,2023-12-23,51,4_Strong surge (>2.0)
2023-12-23 20:00:00,269,313.3442200387272,268.8013233479246,395.9533795830881,50,5.2745098039215685,0,2.5,25.0,21.55,157.1589750722351,3386.775912806667,2690.0,696.7759128066668,20,2023-12-23,51,4_Strong surge (>2.0)
2023-12-23 21:00:00,196,196.3783670102952,182.9068752947352,225.41469315132147,52,3.69811320754717,0,2.2732,22.732,21.85,113.40705233321856,2477.944093480826,1960.0,517.9440934808258,21,2023-12-23,51,4_Strong surge (>2.0)
2023-12-23 22:00:00,116,104.32749206523464,103.4981075875228,128.4483058411191,48,2.36734693877551,0,1.6238,16.238,20.45,70.30280781300287,1437.6924197759088,1160.0,277.6924197759088,22,2023-12-23,51,4_Strong surge (>2.0)
2023-12-23 23:00:00,65,58.07244053551519,53.73093142262292,67.88817167596233,56,1.1403508771929824,0,1.0317,10.317,17.92,43.20925246330668,774.3098041424558,650.0,124.30980414245585,23,2023-12-23,51,2_Balanced (0.8-1.2)
2023-12-24 00:00:00,43,43.49137212666203,39.01705763360648,44.14758930453707,56,0.7543859649122807,0,0.862,8.62,15.6,31.497873663607336,491.3668291522744,430.0,61.36682915227442,0,2023-12-24,51,1_Low (DSR<0.8)
2023-12-24 01:00:00,36,37.13304146547416,36.85054956890902,38.72913997556501,51,0.6923076923076923,0,0.8399,8.399,13.8,28.733408041137064,396.5210309676915,360.0,36.5210309676915,1,2023-12-24,51,1_Low (DSR<0.8)
2023-12-24 02:00:00,39,39.98717794803166,38.381362611020464,39.98717794803166,57,0.6724137931034483,0,0.8313,8.313,12.43,33.491516814986205,416.29955401027854,390.0,26.29955401027854,2,2023-12-24,51,1_Low (DSR<0.8)
2023-12-24 03:00:00,43,42.91656805896327,40.430560586863294,42.91656805896327,58,0.7288135593220338,0,0.8571,8.571,11.47,39.06376179748349,448.0613478171357,430.0,18.061347817135697,3,2023-12-24,51,1_Low (DSR<0.8)
2023-12-24 04:00:00,43,42.51883343258976,41.083808711540485,44.292595110540006,52,0.8113207547169812,0,0.8956,8.956,10.84,40.63946275539494,440.5317762684811,430.0,10.53177626848111,4,2023-12-24,51,2_Balanced (0.8-1.2)
2023-12-24 05:00:00,47,44.02558422419496,42.53586374306799,47.13803273658168,51,0.903846153846154,0,0.9373,9.373,10.47,45.51297041447117,476.5208002395132,470.0,6.520800239513221,5,2023-12-24,51,2_Balanced (0.8-1.2)
2023-12-24 06:00:00,54,56.13279782659076,49.45677699945167,64.81083987722309,60,0.8852459016393442,0,0.9046,9.046,10.11,53.58804962908628,541.7751817500622,540.0,1.7751817500621883,6,2023-12-24,51,2_Balanced (0.8-1.2)
2023-12-24 07:00:00,120,115.05993367650407,104.3989029734546,121.43989863628752,63,1.875,0,1.4058,14.058,11.1,111.54629784817782,1238.1639061147737,1200.0,38.16390611477368,7,2023-12-24,51,3_Mild surge (1.2-2.0)
2023-12-24 08:00:00,252,244.2171049289961,242.6410136724044,261.2564987696215,69,3.6,0,2.2738,22.738,14.01,199.01868212895056,2788.251736626597,2520.0,268.251736626597,8,2023-12-24,51,4_Strong surge (>2.0)
2023-12-24 09:00:00,314,324.1624005411165,299.2970782467387,329.84834104669096,81,3.829268292682927,0,2.3806,23.806,16.46,221.5280713317196,3646.352054120105,3140.0,506.3520541201051,9,2023-12-24,51,4_Strong surge (>2.0)
2023-12-24 10:00:00,211,204.39261323312465,204.39261323312465,244.55173239388924,82,2.542168674698796,0,1.7191,17.191000000000003,16.64,147.7321879659365,2458.263607753184,2110.0,348.2636077531838,10,2023-12-24,51,4_Strong surge (>2.0)
2023-12-24 11:00:00,138,139.28020697538685,133.86433711476914,148.7412294747912,82,1.6626506024096386,0,1.3101,13.101,15.76,100.36672129953467,1581.7795276806664,1380.0,201.77952768066643,11,2023-12-24,51,3_Mild surge (1.2-2.0)
2023-12-24 12:00:00,139,139.9089159535488,124.35819680537088,139.9089159535488,88,1.5617977528089888,0,1.2597,12.597,14.97,104.7995794842943,1568.8497048798856,1390.0,178.84970487988562,12,2023-12-24,51,3_Mild surge (1.2-2.0)
2023-12-24 13:00:00,122,123.19041780572648,120.04450874159032,133.39545664809796,94,1.2842105263157897,0,1.1237,11.236999999999998,14.04,96.20615441283424,1350.7344079561929,1220.0,130.73440795619285,13,2023-12-24,51,3_Mild surge (1.2-2.0)
2023-12-24 14:00:00,66,66.86721659373782,64.8416787735507,75.54472452034922,77,0.8461538461538461,0,0.9012,9.012,12.78,55.58688504004929,710.4003908118299,660.0,50.40039081182988,14,2023-12-24,51,2_Balanced (0.8-1.2)
2023-12-24 15:00:00,102,104.10019630259764,93.1900813960336,106.61184941112444,83,1.2142857142857142,0,1.0859,10.859000000000002,12.3,88.24022234478456,1085.35473484085,1020.0,65.35473484084991,15,2023-12-24,51,3_Mild surge (1.2-2.0)
2023-12-24 16:00:00,176,174.08008456655136,162.65840457654406,184.91554893339045,87,2.0,0,1.4714,14.714,12.9,147.2651115180748,1899.719938583165,1760.0,139.719938583165,16,2023-12-24,51,4_Strong surge (>2.0)
2023-12-24 17:00:00,312,303.4741865845246,296.50702446105794,315.63892908666,72,4.273972602739726,0,2.5,25.0,15.93,225.2182351584604,3587.726486074274,3120.0,467.7264860742739,17,2023-12-24,51,4_Strong surge (>2.0)
2023-12-24 18:00:00,455,447.7844593853434,358.4977048595986,447.7844593853434,75,5.9868421052631575,0,2.5,25.0,18.2,299.1998869289112,5445.437942106184,4550.0,895.437942106184,18,2023-12-24,51,4_Strong surge (>2.0)
2023-12-24 19:00:00,330,368.5833643720054,332.5010574094832,403.29252948824313,66,4.925373134328358,0,2.5,25.0,19.9,203.85284945147865,4056.671704084424,3300.0,756.6717040844242,19,2023-12-24,51,4_Strong surge (>2.0)
2023-12-24 20:00:00,283,284.34764691833004,284.34764691833004,308.64270819952026,53,5.2407407407407405,0,2.5,25.0,21.17,167.41016903540785,3544.0732784795846,2830.0,714.0732784795846,20,2023-12-24,51,4_Strong surge (>2.0)
2023-12-24 21:00:00,177,177.43909856529984,174.5526476996265,200.9442770109789,51,3.4038461538461537,0,2.1531,21.531,21.26,104.3948282754462,2219.4340491359862,1770.0,449.43404913598624,21,2023-12-24,51,4_Strong surge (>2.0)
2023-12-24 22:00:00,108,107.92164606357991,93.44243288382378,110.13436195363995,52,2.037735849056604,0,1.484,14.84,19.66,67.28454130109625,1322.8140819795524,1080.0,242.81408197955238,22,2023-12-24,51,4_Strong surge (>2.0)
2023-12-24 23:00:00,50,52.981167501857,47.28138669309939,60.81434416878538,62,0.7936507936507936,0,0.8631,8.631,16.9,34.62974639710413,585.2427141110597,500.0,85.24271411105974,23,2023-12-24,51,1_Low (DSR<0.8)
2023-12-25 00:00:00,61,64.29069745626953,51.8162917580935,68.00275295660023,40,1.4878048780487805,1,1.1976,11.976,15.67,44.54321269619607,697.9921429493924,610.0,87.99214294939236,0,2023-12-25,52,3_Mild surge (1.2-2.0)
2023-12-25 01:00:00,53,55.990356277715954,50.70437652621976,63.59579843813565,36,1.4324324324324325,1,1.1749,11.749,14.69,40.49119671882024,594.8156797994693,530.0,64.81567979946931,1,2023-12-25,52,3_Mild surge (1.2-2.0)
2023-12-25 02:00:00,52,52.4139980156786,48.84813666078141,59.66018023649888,35,1.4444444444444444,1,1.1851,11.851,13.98,41.129016415407584,574.983649487398,520.0,54.983649487398,2,2023-12-25,52,3_Mild surge (1.2-2.0)
2023-12-25 03:00:00,51,54.58632539035656,47.02652356810953,62.348502647911616,36,1.3783783783783785,1,1.14,11.4,13.33,41.70509084164428,555.9288609191183,510.0,45.92886091911828,3,2023-12-25,52,3_Mild surge (1.2-2.0)
2023-12-25 04:00:00,50,52.09487457371866,46.89500309157788,60.95242939830423,37,1.3157894736842106,1,1.1119,11.119000000000002,12.78,42.11127654549189,538.1821142513863,500.0,38.18211425138634,4,2023-12-25,52,3_Mild surge (1.2-2.0)
2023-12-25 05:00:00,58,67.32226798526007,55.89048638604185,72.52373389691545,33,1.7058823529411764,1,1.3035,13.035,12.84,48.689181852462056,625.1690949856128,580.0,45.16909498561279,5,2023-12-25,52,3_Mild surge (1.2-2.0)
2023-12-25 06:00:00,63,65.75816402482072,59.501391301652696,81.68669695652235,36,1.7027027027027026,1,1.284,12.84,12.84,52.88652511560534,679.0629824843726,630.0,49.06298248437258,6,2023-12-25,52,3_Mild surge (1.2-2.0)
2023-12-25 07:00:00,149,129.36563875855208,128.44771291123124,163.642738057094,45,3.239130434782609,1,2.0337,20.337,14.71,113.72538022378318,1672.9003430918506,1490.0,182.90034309185057,7,2023-12-25,52,4_Strong surge (>2.0)
2023-12-25 08:00:00,307,452.39187363143685,236.10844991884463,557.8405099392056,42,7.1395348837209305,1,2.5,25.0,17.28,209.34266991701887,3617.4413361660863,3070.0,547.4413361660863,8,2023-12-25,52,4_Strong surge (>2.0)
2023-12-25 09:00:00,401,600.5661252903702,297.57737742229074,695.4851937623397,54,7.290909090909091,1,2.5,25.0,19.21,253.90731748959223,4877.559568975067,4010.0,867.5595689750671,9,2023-12-25,52,4_Strong surge (>2.0)
2023-12-25 10:00:00,391,567.4226005446684,266.92467249384123,627.3191601582917,59,6.516666666666667,1,2.5,25.0,20.66,235.2802838070037,4860.8906634526975,3910.0,950.8906634526975,10,2023-12-25,52,4_Strong surge (>2.0)
2023-12-25 11:00:00,173,134.08829467065337,134.08829467065337,210.3247942031318,56,3.0350877192982457,1,1.8468,18.468,20.11,106.08589720488114,2133.3873927901595,1730.0,403.38739279015954,11,2023-12-25,52,4_Strong surge (>2.0)
2023-12-25 12:00:00,180,170.0062267324327,135.68105584180807,186.5366721093012,66,2.6865671641791047,1,1.7611,17.611,19.49,112.824707874943,2198.9535564826388,1800.0,398.95355648263876,12,2023-12-25,52,4_Strong surge (>2.0)
2023-12-25 13:00:00,174,149.86297916846783,147.12626893239454,178.9805308619485,59,2.9,1,1.8882,18.882,19.34,109.65532324513572,2120.733951560925,1740.0,380.7339515609251,13,2023-12-25,52,4_Strong surge (>2.0)
2023-12-25 14:00:00,82,91.59613636153028,66.39909526244779,102.36121585088092,63,1.28125,1,1.0742,10.742,17.19,56.12039753020558,964.709633544234,820.0,144.70963354423395,14,2023-12-25,52,3_Mild surge (1.2-2.0)
2023-12-25 15:00:00,135,137.54295133884486,115.29248513849258,137.54295133884486,60,2.2131147540983607,1,1.5679,15.679,16.81,93.85045210538628,1577.6260998915432,1350.0,227.62609989154316,15,2023-12-25,52,4_Strong surge (>2.0)
2023-12-25 16:00:00,176,183.18621084714184,156.35534437611432,191.5158151152644,58,2.983050847457627,1,1.9345,19.345,17.44,119.24224154079764,2079.584692471511,1760.0,319.58469247151106,16,2023-12-25,52,4_Strong surge (>2.0)
2023-12-25 17:00:00,331,365.31676294038095,288.6692870589244,498.1828188892704,54,6.0181818181818185,1,2.5,25.0,19.33,208.67272910289765,4033.6438535590114,3310.0,723.6438535590114,17,2023-12-25,52,4_Strong surge (>2.0)
2023-12-25 18:00:00,439,525.0652605288069,306.8516505091497,670.163248527892,54,7.981818181818181,1,2.5,25.0,20.75,263.3612346368397,5464.745618714424,4390.0,1074.7456187144244,18,2023-12-25,52,4_Strong surge (>2.0)
2023-12-25 19:00:00,470,651.1460356413884,284.9747493481715,726.0123457661865,50,9.215686274509803,1,2.5,25.0,21.81,272.2945142914919,5938.743356697438,4700.0,1238.7433566974378,19,2023-12-25,52,4_Strong surge (>2.0)
2023-12-25 20:00:00,343,500.2279901800635,253.99120358039187,651.4959200722146,42,7.976744186046512,1,2.5,25.0,22.61,193.7687449841356,4381.111324091306,3430.0,951.1113240913064,20,2023-12-25,52,4_Strong surge (>2.0)
2023-12-25 21:00:00,198,246.81490559458987,173.7886164364663,331.9576385974405,39,4.95,1,2.5,25.0,23.21,109.82282018516943,2548.987656497783,1980.0,568.9876564977831,21,2023-12-25,52,4_Strong surge (>2.0)
2023-12-25 22:00:00,106,132.52821214447914,95.3785465754659,161.18712857888713,44,2.355555555555556,1,1.5537,15.537,21.29,62.45725632482728,1329.7149871555728,1060.0,269.71498715557277,22,2023-12-25,52,4_Strong surge (>2.0)
2023-12-25 23:00:00,57,69.74753409494937,52.94255389253709,97.56401762950476,45,1.2391304347826086,1,1.0136,10.136,18.5,37.05566792491681,685.529856610961,570.0,115.52985661096102,23,2023-12-25,52,3_Mild surge (1.2-2.0)
2023-12-26 00:00:00,29,34.095946833622705,29.1380787914474,42.62058945279023,59,0.4833333333333333,0,0.8,8.0,15.88,20.97986306484417,333.1602254697255,290.0,43.1602254697255,0,2023-12-26,52,1_Low (DSR<0.8)
2023-12-26 01:00:00,34,36.65334471170938,31.689944556618645,36.65334471170938,67,0.5,0,0.8,8.0,13.91,26.986709000311496,375.3851221943329,340.0,35.385122194332894,1,2023-12-26,52,1_Low (DSR<0.8)
2023-12-26 02:00:00,34,36.93914949079215,33.73364790559549,36.93914949079215,55,0.6071428571428571,0,0.8,8.0,12.43,29.197732607936693,362.9278163166531,340.0,22.927816316653093,2,2023-12-26,52,1_Low (DSR<0.8)
2023-12-26 03:00:00,37,39.75250481067837,36.43512209549928,39.75250481067837,53,0.6851851851851852,0,0.8323,8.323,11.4,33.757348567795944,384.83377367287375,370.0,14.833773672873747,3,2023-12-26,52,1_Low (DSR<0.8)
2023-12-26 04:00:00,30,33.44431774788092,30.543342448948906,33.44431774788092,57,0.5172413793103449,0,0.8,8.0,10.55,28.89645273387933,304.85757634242697,300.0,4.857576342426967,4,2023-12-26,52,1_Low (DSR<0.8)
2023-12-26 05:00:00,35,37.44087582573125,33.58962769793742,37.44087582573125,63,0.546875,0,0.8,8.0,9.91,35.22220060299992,349.0520079757292,350.0,-0.9479920242707749,5,2023-12-26,52,1_Low (DSR<0.8)
2023-12-26 06:00:00,42,45.41863475543884,41.09094570766822,45.41863475543884,56,0.7368421052631579,0,0.8563,8.562999999999999,9.57,43.31226882463858,414.4984126517912,420.0,-5.501587348208773,6,2023-12-26,52,1_Low (DSR<0.8)
2023-12-26 07:00:00,100,103.33664388903664,94.26547506687898,111.43915912647664,65,1.5151515151515151,0,1.2265,12.265,10.24,98.35354779641932,1007.140329435334,1000.0,7.140329435334024,7,2023-12-26,52,3_Mild surge (1.2-2.0)
2023-12-26 08:00:00,214,212.20803375855704,202.5265348395764,217.6356175041752,82,2.5783132530120483,0,1.7701,17.701,12.11,187.15992959494443,2266.506747394777,2140.0,126.506747394777,8,2023-12-26,52,4_Strong surge (>2.0)
2023-12-26 09:00:00,270,279.35307843316014,243.83612156149093,299.4220720853184,87,3.0681818181818183,0,1.9736,19.736,14.02,213.127825828598,2988.0521181169443,2700.0,288.05211811694426,9,2023-12-26,52,4_Strong surge (>2.0)
2023-12-26 10:00:00,193,192.68242542629795,181.5806431186861,209.41018048192493,93,2.0531914893617023,0,1.4937,14.937,14.25,150.62147768392492,2146.35605699593,1930.0,216.35605699592998,10,2023-12-26,52,4_Strong surge (>2.0)
2023-12-26 11:00:00,112,115.6525037012338,110.37331032784031,122.67441441077924,101,1.0980392156862746,0,1.0324,10.324,13.27,91.8773322780433,1219.2121993296346,1120.0,99.21219932963459,11,2023-12-26,52,2_Balanced (0.8-1.2)
2023-12-26 12:00:00,113,113.69601515006536,107.93350462159844,121.4324498831669,97,1.153061224489796,0,1.0575,10.575,12.6,96.12117297582871,1211.126779495442,1130.0,81.12677949544195,12,2023-12-26,52,2_Balanced (0.8-1.2)
2023-12-26 13:00:00,95,95.96942799398148,91.11850869677605,104.8626554900688,98,0.9595959595959596,0,1.0,10.0,11.95,83.86216530065886,1002.1528753428734,950.0,52.15287534287336,13,2023-12-26,52,2_Balanced (0.8-1.2)
2023-12-26 14:00:00,52,55.68326212691498,52.17932691400672,61.91383420964527,104,0.4952380952380952,0,0.8,8.0,10.96,48.76811346128189,534.4985235356496,520.0,14.49852353564961,14,2023-12-26,52,1_Low (DSR<0.8)
2023-12-26 15:00:00,74,75.14829202226034,69.32486887568184,85.97975759205565,89,0.8222222222222222,0,0.8812,8.812,10.42,71.89924276363794,749.1901095971074,740.0,9.19010959710738,15,2023-12-26,52,2_Balanced (0.8-1.2)
2023-12-26 16:00:00,159,157.2758839365481,151.5251945215351,166.6950560687214,80,1.962962962962963,0,1.4602,14.602,11.47,144.44507269302036,1656.7849837889437,1590.0,66.78498378894369,16,2023-12-26,52,3_Mild surge (1.2-2.0)
2023-12-26 17:00:00,256,255.0193912366082,237.5995782710752,263.784305789775,83,3.0476190476190474,0,1.9928,19.928,13.58,206.63796983322604,2806.1436303352098,2560.0,246.14363033520976,17,2023-12-26,52,4_Strong surge (>2.0)
2023-12-26 18:00:00,281,279.2538702236891,274.5873762930089,315.9211236285041,82,3.3855421686746987,0,2.1443,21.443,15.55,206.29801278659403,3207.934098831537,2810.0,397.9340988315371,18,2023-12-26,52,4_Strong surge (>2.0)
2023-12-26 19:00:00,279,282.75362236202693,282.75362236202693,302.157949509588,70,3.929577464788733,0,2.4395,24.395,17.76,186.63544658251956,3314.645531305547,2790.0,524.6455313055471,19,2023-12-26,52,4_Strong surge (>2.0)
2023-12-26 20:00:00,259,250.3307635881413,234.649504928266,261.0240462287631,63,4.046875,0,2.4837,24.837,19.53,162.1093982844409,3165.9965484951317,2590.0,575.9965484951317,20,2023-12-26,52,4_Strong surge (>2.0)
2023-12-26 21:00:00,129,133.0096593287392,133.0096593287392,148.0040932347865,53,2.388888888888889,0,1.666,16.66,18.81,82.89294194554392,1559.216237995681,1290.0,269.216237995681,21,2023-12-26,52,4_Strong surge (>2.0)
2023-12-26 22:00:00,79,79.19377565226429,71.56484609556934,91.135439631457,61,1.2741935483870968,0,1.0955,10.954999999999998,16.85,54.82860011958674,923.8619120150366,790.0,133.86191201503664,22,2023-12-26,52,3_Mild surge (1.2-2.0)
2023-12-26 23:00:00,43,47.5457142524382,43.82471964316818,52.146859922795926,62,0.6825396825396826,0,0.8196,8.196,14.69,32.85134828130699,482.58630625239965,430.0,52.58630625239965,23,2023-12-26,52,1_Low (DSR<0.8)
2023-12-27 00:00:00,38,36.5824093181914,36.5824093181914,37.8046172803682,55,0.6785714285714286,0,0.8352,8.352,13.11,31.43849245099158,412.1586360324996,380.0,32.1586360324996,0,2023-12-27,52,1_Low (DSR<0.8)
2023-12-27 01:00:00,31,31.297722906254847,30.527008089522425,31.598470017470696,63,0.484375,0,0.8,8.0,11.83,27.55956590151295,326.0296646148982,310.0,16.029664614898195,1,2023-12-27,52,1_Low (DSR<0.8)
2023-12-27 02:00:00,36,35.392534758939775,34.44863076981227,35.96678690286913,60,0.5901639344262295,0,0.8,8.0,10.87,33.957977786888875,369.1232185434821,360.0,9.123218543482096,2,2023-12-27,52,1_Low (DSR<0.8)
2023-12-27 03:00:00,34,33.57093390057695,30.872811282382443,33.57093390057695,72,0.4657534246575342,0,0.8,8.0,10.15,33.64749114212189,341.52203509253724,340.0,1.5220350925372372,3,2023-12-27,52,1_Low (DSR<0.8)
2023-12-27 04:00:00,34,33.81077688943436,33.81077688943436,35.64622908318204,53,0.6296296296296297,0,0.8084,8.084,9.63,34.909249810593955,336.1760756760198,340.0,-3.8239243239801795,4,2023-12-27,52,1_Low (DSR<0.8)
2023-12-27 05:00:00,29,29.001046216110574,28.69670762021504,29.561816401652926,65,0.4393939393939394,0,0.8,8.0,9.22,30.696322795912756,283.0200961783156,290.0,-6.979903821684388,5,2023-12-27,52,1_Low (DSR<0.8)
2023-12-27 06:00:00,37,39.65998232447545,39.503522808975234,43.30818098840667,59,0.6166666666666667,0,0.8,8.0,8.92,40.08171779944286,357.52892277103035,370.0,-12.471077228969648,6,2023-12-27,52,1_Low (DSR<0.8)
2023-12-27 07:00:00,91,92.81340099527284,83.2547565731607,96.52905650773684,63,1.421875,0,1.1852,11.852,9.65,93.2979868889021,900.3255734779053,910.0,-9.674426522094677,7,2023-12-27,52,3_Mild surge (1.2-2.0)
2023-12-27 08:00:00,206,208.3175061541306,189.0206517099249,214.53117547035444,75,2.710526315789474,0,1.8213,18.213,11.79,183.5724722563355,2164.3194479021954,2060.0,104.3194479021954,8,2023-12-27,52,4_Strong surge (>2.0)
2023-12-27 09:00:00,248,249.61817242343983,241.19885790522395,257.5735585679636,86,2.8505747126436782,0,1.9064,19.064,13.61,199.8715558720853,2720.251875419081,2480.0,240.251875419081,9,2023-12-27,52,4_Strong surge (>2.0)
2023-12-27 10:00:00,185,186.3793017082445,182.61243910304148,209.09705359869704,97,1.8877551020408163,0,1.4133,14.133,13.74,148.1088519267237,2035.015625473184,1850.0,185.01562547318395,10,2023-12-27,52,3_Mild surge (1.2-2.0)
2023-12-27 11:00:00,111,108.36383487978644,101.88631452379364,110.15889806295615,106,1.0373831775700937,0,1.0071,10.071000000000002,12.82,93.28275439023162,1195.8849112827693,1110.0,85.88491128276928,11,2023-12-27,52,2_Balanced (0.8-1.2)
2023-12-27 12:00:00,114,113.4725226777402,106.3206715174956,122.7417086686212,108,1.0458715596330277,0,1.0009,10.009,12.12,99.6444277659367,1207.6904645231527,1140.0,67.69046452315274,12,2023-12-27,52,2_Balanced (0.8-1.2)
2023-12-27 13:00:00,101,101.89640879468392,98.2546104395457,109.73635041631935,94,1.063157894736842,0,1.0143,10.143,11.63,90.8689633299153,1056.8060435269151,1010.0,46.80604352691512,13,2023-12-27,52,2_Balanced (0.8-1.2)
2023-12-27 14:00:00,64,61.583809417696486,56.72197429605406,65.21260645727912,106,0.5981308411214953,0,0.8,8.0,10.72,60.95981273892502,653.4891925612762,640.0,13.48919256127624,14,2023-12-27,52,1_Low (DSR<0.8)
2023-12-27 15:00:00,71,71.11331233022804,67.19399717119965,74.65315945298589,98,0.7171717171717171,0,0.8453,8.453000000000001,10.15,70.26387856148985,713.178367399122,710.0,3.178367399121953,15,2023-12-27,52,1_Low (DSR<0.8)
2023-12-27 16:00:00,140,141.47672458574004,133.6380274333422,156.66819920958983,88,1.5730337078651686,0,1.2553,12.553,10.75,133.0889843149106,1430.706581385289,1400.0,30.706581385288928,16,2023-12-27,52,3_Mild surge (1.2-2.0)
2023-12-27 17:00:00,273,271.5349760594651,246.43755022487125,275.12397087991485,84,3.211764705882353,0,2.0726,20.726,13.24,224.3060861038348,2969.812580014773,2730.0,239.81258001477318,17,2023-12-27,52,4_Strong surge (>2.0)
2023-12-27 18:00:00,315,317.1082910497798,310.90430237364745,335.3745254137338,74,4.2,0,2.5,25.0,16.18,224.918713991238,3639.18479237823,3150.0,489.1847923782302,18,2023-12-27,52,4_Strong surge (>2.0)
2023-12-27 19:00:00,317,322.88435723861426,299.3760235269178,333.8977577792413,69,4.5285714285714285,0,2.5,25.0,18.38,207.02243253411825,3805.0723099770935,3170.0,635.0723099770935,19,2023-12-27,52,4_Strong surge (>2.0)
2023-12-27 20:00:00,288,264.86138628300245,251.3498940102962,270.76456384173065,57,4.965517241379311,0,2.5,25.0,20.04,177.0370179876653,3547.8218404728127,2880.0,667.8218404728127,20,2023-12-27,52,4_Strong surge (>2.0)
2023-12-27 21:00:00,129,131.33433982543673,131.1676061889642,139.43431523108958,56,2.263157894736842,0,1.6163,16.163,19.07,82.10020190635568,1565.6508503542027,1290.0,275.6508503542027,21,2023-12-27,52,4_Strong surge (>2.0)
2023-12-27 22:00:00,82,77.75586379120662,70.93790537313703,87.20195538731622,62,1.3015873015873016,0,1.1151,11.151,17.09,56.35006333095816,963.022582326075,820.0,143.02258232607505,22,2023-12-27,52,3_Mild surge (1.2-2.0)
2023-12-27 23:00:00,52,48.79705858834392,46.005222693195336,52.37488227029058,62,0.8253968253968254,0,0.8952,8.952,15.06,39.04144319774732,587.9641345580746,520.0,67.96413455807465,23,2023-12-27,52,2_Balanced (0.8-1.2)
2023-12-28 00:00:00,33,32.99037521347569,32.25426429070652,34.54671407832764,59,0.55,0,0.8,8.0,13.29,27.04247601689348,359.39450626451435,330.0,29.394506264514348,0,2023-12-28,52,1_Low (DSR<0.8)
2023-12-28 01:00:00,37,35.86711679628214,34.71129161099683,38.63286355529037,65,0.5606060606060606,0,0.8,8.0,11.97,32.62389561018673,390.5080304539352,370.0,20.50803045393519,1,2023-12-28,52,1_Low (DSR<0.8)
2023-12-28 02:00:00,32,32.02588682339339,31.70181276423177,32.643060764671645,59,0.5333333333333333,0,0.8,8.0,10.98,29.97287070333889,329.10212032266105,320.0,9.102120322661051,2,2023-12-28,52,1_Low (DSR<0.8)
2023-12-28 03:00:00,32,32.32457565194272,31.911531451565107,33.94408498309027,59,0.5333333333333333,0,0.8,8.0,10.23,31.49466800814209,322.1904537232936,320.0,2.190453723293615,3,2023-12-28,52,1_Low (DSR<0.8)
2023-12-28 04:00:00,35,34.62643271984804,33.68159216709567,36.54726797655025,62,0.5555555555555556,0,0.8,8.0,9.67,35.83187319273297,346.49421377372784,350.0,-3.505786226272164,4,2023-12-28,52,1_Low (DSR<0.8)
2023-12-28 05:00:00,37,35.629882008061685,35.629882008061685,36.50865114500674,60,0.6065573770491803,0,0.8004,8.004,9.25,39.07531710919295,361.4466832600348,370.0,-8.553316739965226,5,2023-12-28,52,1_Low (DSR<0.8)
2023-12-28 06:00:00,49,46.533806219216096,46.533806219216096,50.94747657134554,60,0.8032786885245902,0,0.8891,8.891,9.16,52.10378204328242,477.270643516467,490.0,-12.729356483533024,6,2023-12-28,52,2_Balanced (0.8-1.2)
2023-12-28 07:00:00,108,106.78978530125602,101.02634881839371,107.85321609499542,59,1.8,0,1.3867,13.867,10.34,105.50168072837351,1090.8873787313823,1080.0,10.887378731382341,7,2023-12-28,52,3_Mild surge (1.2-2.0)
2023-12-28 08:00:00,207,213.51959617192085,190.2196603581138,217.33356955508032,77,2.6538461538461537,0,1.7923,17.923000000000002,12.24,179.68977008030757,2199.4027857829647,2070.0,129.40278578296466,8,2023-12-28,52,4_Strong surge (>2.0)
2023-12-28 09:00:00,309,305.55078173293003,288.8065502037724,307.4928192747271,76,4.012987012987013,0,2.4836,24.836,15.39,228.5027575920601,3516.657439341805,3090.0,426.657439341805,9,2023-12-28,52,4_Strong surge (>2.0)
2023-12-28 10:00:00,203,202.1636027734801,198.27734511622484,229.9578264601141,85,2.36046511627907,0,1.6409,16.409,15.64,148.43294828233746,2321.491311135758,2030.0,291.4913111357582,10,2023-12-28,52,4_Strong surge (>2.0)
2023-12-28 11:00:00,118,115.24279869175182,103.64763821614956,117.2412447935793,89,1.3111111111111111,0,1.1353,11.353,14.57,90.66931215809704,1321.0518781434737,1180.0,141.0518781434737,11,2023-12-28,52,3_Mild surge (1.2-2.0)
2023-12-28 12:00:00,115,113.9213576151104,105.9419773649843,117.527190831829,93,1.2234042553191489,0,1.0949,10.949,13.66,92.44477096566212,1262.7955713909448,1150.0,112.79557139094481,12,2023-12-28,52,3_Mild surge (1.2-2.0)
2023-12-28 13:00:00,109,110.3022910934952,107.54580032826838,114.35011275591154,97,1.1122448979591837,0,1.0464,10.464,12.86,91.40244641755903,1175.435460929809,1090.0,85.4354609298091,13,2023-12-28,52,2_Balanced (0.8-1.2)
2023-12-28 14:00:00,64,64.547454267128,60.417042036068594,66.90851242912522,96,0.6597938144329897,0,0.8176,8.176,11.69,57.37329812415741,670.6938550714001,640.0,30.693855071400094,14,2023-12-28,52,1_Low (DSR<0.8)
2023-12-28 15:00:00,71,71.83066651394282,70.84322616976128,76.48522337079379,100,0.7029702970297029,0,0.8416,8.416,10.87,66.97267841303083,727.9930143496451,710.0,17.993014349645136,15,2023-12-28,52,1_Low (DSR<0.8)
2023-12-28 16:00:00,136,132.90202688681975,129.48971266620708,148.18089401230145,92,1.4623655913978495,0,1.2054,12.054,11.17,125.8640456555362,1405.9013899723393,1360.0,45.9013899723393,16,2023-12-28,52,3_Mild surge (1.2-2.0)
2023-12-28 17:00:00,249,249.8187949404689,238.00549096542852,260.5173738817612,76,3.2337662337662336,0,2.0884,20.884,13.6,200.7807680608147,2730.6184456270794,2490.0,240.61844562707938,17,2023-12-28,52,4_Strong surge (>2.0)
2023-12-28 18:00:00,283,282.7131347902875,282.7131347902875,297.76301069910033,78,3.5822784810126582,0,2.2729,22.729,15.88,204.73452577072072,3251.184269239045,2830.0,421.1842692390451,18,2023-12-28,52,4_Strong surge (>2.0)
2023-12-28 19:00:00,346,343.80211297475824,320.463594896928,343.80211297475824,70,4.873239436619718,0,2.5,25.0,18.16,227.87412175629464,4138.19405109431,3460.0,678.1940510943105,19,2023-12-28,52,4_Strong surge (>2.0)
2023-12-28 20:00:00,265,259.37166105435784,252.61008713476912,265.86174899732583,59,4.416666666666667,0,2.5,25.0,19.87,163.8729858908894,3256.1562296519724,2650.0,606.1562296519724,20,2023-12-28,52,4_Strong surge (>2.0)
2023-12-28 21:00:00,153,151.46784068686222,141.84708850798137,160.76853099760254,60,2.508196721311476,0,1.7214,17.214,19.21,96.8773555508918,1861.014000132632,1530.0,331.01400013263196,21,2023-12-28,52,4_Strong surge (>2.0)
2023-12-28 22:00:00,73,74.95414730513309,68.98211834198337,82.43355089854502,61,1.1774193548387095,0,1.0598,10.598,17.06,50.2270349622839,856.8732164565633,730.0,126.87321645656334,22,2023-12-28,52,2_Balanced (0.8-1.2)
2023-12-28 23:00:00,53,52.66051589931806,48.45982691905378,53.37098175148317,63,0.828125,0,0.9015,9.015,15.05,39.81074635688673,599.1517326711454,530.0,69.1517326711454,23,2023-12-28,52,2_Balanced (0.8-1.2)
2023-12-29 00:00:00,47,45.10132401186506,42.85860060405251,47.12324548171159,55,0.8392857142857143,0,0.9069,9.069,13.55,37.996216298543445,514.8487308452637,470.0,44.84873084526373,0,2023-12-29,52,2_Balanced (0.8-1.2)
2023-12-29 01:00:00,40,39.861433555941375,38.50906013179649,40.5811117345841,59,0.6666666666666666,0,0.827,8.27,12.23,34.74253241622026,424.90117145037374,400.0,24.901171450373738,1,2023-12-29,52,1_Low (DSR<0.8)
2023-12-29 02:00:00,41,39.89008348268735,38.28217751389657,40.46837841772626,66,0.6119402985074627,0,0.8,8.0,11.17,37.94430788144842,423.8379190357789,410.0,13.837919035778896,2,2023-12-29,52,1_Low (DSR<0.8)
2023-12-29 03:00:00,40,38.29721578198191,37.67456159739669,39.14018970377325,65,0.6060606060606061,0,0.8,8.0,10.38,38.969231731276274,404.50062537064775,400.0,4.500625370647754,3,2023-12-29,52,1_Low (DSR<0.8)
2023-12-29 04:00:00,41,39.62578081615285,38.39008480815927,40.56166828178247,63,0.640625,0,0.8137,8.137,9.82,41.52463419311661,407.7719077764052,410.0,-2.2280922235947855,4,2023-12-29,52,1_Low (DSR<0.8)
2023-12-29 05:00:00,40,38.574735764561446,38.338776030728496,41.24363701151333,62,0.6349206349206349,0,0.8085,8.085,9.39,41.80171276605195,392.5180828732279,400.0,-7.481917126772089,5,2023-12-29,52,1_Low (DSR<0.8)
2023-12-29 06:00:00,52,51.98204399101308,47.27446910368806,52.43607383680395,66,0.7761194029850746,0,0.8751,8.751,9.23,54.99993204668706,507.6493727909216,520.0,-12.350627209078425,6,2023-12-29,52,1_Low (DSR<0.8)
2023-12-29 07:00:00,119,116.6301357023232,102.88572725475814,119.93531853478048,77,1.5256410256410255,0,1.2354,12.354,10.01,118.9167707413344,1190.3568751207574,1190.0,0.35687512075742234,7,2023-12-29,52,3_Mild surge (1.2-2.0)
2023-12-29 08:00:00,291,281.51595028542334,258.41462859734474,284.6447731840778,77,3.730769230769231,0,2.3324,23.324,13.34,237.83945897080451,3172.7783826705327,2910.0,262.77838267053266,8,2023-12-29,52,4_Strong surge (>2.0)
2023-12-29 09:00:00,290,295.6319548759912,288.42036677748786,304.2874605892183,80,3.580246913580247,0,2.2717,22.717,15.68,211.6682684403701,3318.958449145003,2900.0,418.9584491450032,9,2023-12-29,52,4_Strong surge (>2.0)
2023-12-29 10:00:00,240,241.9663505691132,215.5562786817024,261.5743573095659,90,2.6373626373626373,0,1.767,17.669999999999998,16.18,171.3666392314194,2772.712222764366,2400.0,372.71222276436583,10,2023-12-29,52,4_Strong surge (>2.0)
2023-12-29 11:00:00,116,110.89627846873326,100.0128472282311,120.34257412131598,116,0.9914529914529916,0,1.0,10.0,14.63,88.87650356054051,1300.263247090708,1160.0,140.2632470907081,11,2023-12-29,52,2_Balanced (0.8-1.2)
2023-12-29 12:00:00,149,147.54619760376966,130.63944846796804,151.57356946783202,90,1.637362637362637,0,1.2908,12.908,14.2,116.5693640989206,1655.2849702046722,1490.0,165.28497020467216,12,2023-12-29,52,3_Mild surge (1.2-2.0)
2023-12-29 13:00:00,117,117.40000624199004,112.90925820656692,131.1397118668731,97,1.1938775510204085,0,1.0716,10.716,13.33,95.67638487200746,1275.3662103438594,1170.0,105.3662103438594,13,2023-12-29,52,2_Balanced (0.8-1.2)
2023-12-29 14:00:00,64,67.12009915524014,64.96072302449856,75.3982478593352,91,0.6956521739130435,0,0.8283,8.283000000000001,12.07,56.1028449788845,677.1613388951359,640.0,37.16133889513594,14,2023-12-29,52,1_Low (DSR<0.8)
2023-12-29 15:00:00,98,97.43031863089992,90.469247406877,101.4673775651614,97,1.0,0,1.0,10.0,11.55,88.5969327457166,1023.2945732130268,980.0,43.29457321302675,15,2023-12-29,52,2_Balanced (0.8-1.2)
2023-12-29 16:00:00,198,189.5741894184691,175.13309044709914,191.75227026260424,85,2.302325581395349,0,1.6296,16.296,12.74,167.12698967966605,2129.1978485189456,1980.0,149.19784851894565,16,2023-12-29,52,4_Strong surge (>2.0)
2023-12-29 17:00:00,301,299.97905366573707,281.6091363182457,317.187051299015,84,3.541176470588235,0,2.2303,22.303,15.13,225.2574928172104,3408.1458663243934,3010.0,398.1458663243934,17,2023-12-29,52,4_Strong surge (>2.0)
2023-12-29 18:00:00,381,378.50169800937255,346.55017668683115,382.7153390194064,69,5.442857142857143,0,2.5,25.0,17.6,256.4874431397522,4514.17899925964,3810.0,704.1789992596396,18,2023-12-29,52,4_Strong surge (>2.0)
2023-12-29 19:00:00,387,385.62560433607416,339.1389222050553,385.62560433607416,72,5.301369863013699,0,2.5,25.0,19.45,242.9222198255206,4724.837175606376,3870.0,854.8371756063761,19,2023-12-29,52,4_Strong surge (>2.0)
2023-12-29 20:00:00,320,296.5426109287119,285.06385706207,317.54724475124056,65,4.848484848484849,0,2.5,25.0,20.84,191.3910293020168,3988.5890506540295,3200.0,788.5890506540295,20,2023-12-29,52,4_Strong surge (>2.0)
2023-12-29 21:00:00,161,156.46279320570116,143.59404943465597,171.58614011664827,59,2.683333333333333,0,1.7926,17.926,20.11,98.72733786118997,1985.40676438853,1610.0,375.40676438853006,21,2023-12-29,52,4_Strong surge (>2.0)
2023-12-29 22:00:00,91,98.33967967742744,80.55323000042998,98.79398291479087,60,1.4918032786885247,0,1.2116,12.116,18.11,60.04799032586516,1087.469104801418,910.0,177.4691048014181,22,2023-12-29,52,3_Mild surge (1.2-2.0)
2023-12-29 23:00:00,53,52.68296763117936,50.10924535874011,62.78121274023255,59,0.8833333333333333,0,0.9083,9.083,15.85,38.39329474848405,608.5337217634723,530.0,78.53372176347227,23,2023-12-29,52,2_Balanced (0.8-1.2)
2023-12-30 00:00:00,41,40.97184605613658,40.249119720273335,42.17627991931413,53,0.7592592592592593,0,0.8736,8.736,14.07,32.28330495070551,454.22610065642647,410.0,44.22610065642647,0,2023-12-30,52,1_Low (DSR<0.8)
2023-12-30 01:00:00,44,43.51741367614045,43.40808085283811,45.65698321459591,53,0.8148148148148148,0,0.9005,9.004999999999999,12.8,37.01738175020815,473.82248640266425,440.0,33.82248640266425,1,2023-12-30,52,2_Balanced (0.8-1.2)
2023-12-30 02:00:00,49,46.0792767801448,43.432473414829815,48.28785750957804,55,0.875,0,0.923,9.23,11.91,43.35686248497366,516.3802321960363,490.0,26.38023219603633,2,2023-12-30,52,2_Balanced (0.8-1.2)
2023-12-30 03:00:00,47,44.19740547648552,43.91798094658099,48.55653007284796,57,0.8103448275862069,0,0.8912,8.911999999999999,11.16,43.52441290761405,485.7324480489728,470.0,15.732448048972799,3,2023-12-30,52,2_Balanced (0.8-1.2)
2023-12-30 04:00:00,47,45.68997150505159,43.40054786592784,45.68997150505159,50,0.9215686274509804,0,0.9537,9.537,10.75,44.67987330571998,480.3086380364898,470.0,10.30863803648981,4,2023-12-30,52,2_Balanced (0.8-1.2)
2023-12-30 05:00:00,47,44.89498264911054,43.610297193611295,46.62364472207373,52,0.8867924528301887,0,0.9341,9.341,10.4,45.72719065610099,475.5627828234503,470.0,5.562782823450277,5,2023-12-30,52,2_Balanced (0.8-1.2)
2023-12-30 06:00:00,62,58.790352266882856,54.79747763092677,62.13707128124819,56,1.087719298245614,0,1.0246,10.246,10.36,60.48391030886094,626.6133107997994,620.0,6.613310799799365,6,2023-12-30,52,2_Balanced (0.8-1.2)
2023-12-30 07:00:00,118,122.11200450895912,118.43535347522352,126.82382588568603,56,2.0701754385964914,0,1.5194,15.194,11.57,106.54882286053142,1232.7698804963486,1180.0,52.769880496348605,7,2023-12-30,52,4_Strong surge (>2.0)
2023-12-30 08:00:00,267,270.1743677627827,257.70937172923,313.39038895140584,60,4.377049180327869,0,2.5,25.0,14.93,201.68304791821188,3011.1279054189035,2670.0,341.12790541890354,8,2023-12-30,52,4_Strong surge (>2.0)
2023-12-30 09:00:00,375,369.6497826949655,329.5813142201695,406.7598317678617,76,4.87012987012987,0,2.5,25.0,17.45,253.9653491421876,4431.695342531173,3750.0,681.6953425311731,9,2023-12-30,52,4_Strong surge (>2.0)
2023-12-30 10:00:00,281,270.53360338403155,266.68913881854024,311.5175683878607,83,3.345238095238096,0,2.1188,21.188,18.38,183.51199855548023,3372.9505334497267,2810.0,562.9505334497267,10,2023-12-30,52,4_Strong surge (>2.0)
2023-12-30 11:00:00,148,152.9288341222492,137.16227853954948,157.37291675583046,81,1.804878048780488,0,1.3748,13.748,17.22,101.16691631887107,1742.09429901096,1480.0,262.09429901095996,11,2023-12-30,52,3_Mild surge (1.2-2.0)
2023-12-30 12:00:00,147,145.37649718729486,138.2884082312135,159.75260897719264,84,1.7294117647058824,0,1.3347,13.347,16.25,104.64536063759712,1700.487110360953,1470.0,230.487110360953,12,2023-12-30,52,3_Mild surge (1.2-2.0)
2023-12-30 13:00:00,135,132.54081444736897,131.32400218221258,153.1000384266834,84,1.588235294117647,0,1.2625,12.625,15.34,100.05896741782952,1534.9045601895048,1350.0,184.90456018950476,13,2023-12-30,52,3_Mild surge (1.2-2.0)
2023-12-30 14:00:00,104,96.16324853406256,82.42789849422645,97.6979001460435,83,1.238095238095238,0,1.0927,10.927,14.24,81.20379885878849,1156.342095749148,1040.0,116.34209574914803,14,2023-12-30,52,3_Mild surge (1.2-2.0)
2023-12-30 15:00:00,114,113.23235960720864,104.74173109459169,118.1415627270426,88,1.2808988764044944,0,1.1204,11.204,13.48,92.49578164599524,1246.8431365880158,1140.0,106.8431365880158,15,2023-12-30,52,3_Mild surge (1.2-2.0)
2023-12-30 16:00:00,203,207.38030293666284,184.62130699066591,211.1688897605724,75,2.671052631578948,0,1.8004,18.004,14.61,155.6828906410944,2274.527032266389,2030.0,244.52703226638914,16,2023-12-30,52,4_Strong surge (>2.0)
2023-12-30 17:00:00,319,324.55448112732967,304.1703621486838,346.91962319265104,74,4.253333333333333,0,2.5,25.0,17.21,218.14440259469745,3754.2651686547433,3190.0,564.2651686547433,17,2023-12-30,52,4_Strong surge (>2.0)
2023-12-30 18:00:00,411,422.1672852322972,357.6151262287287,490.5240741384205,64,6.323076923076923,0,2.5,25.0,19.16,260.7143696254236,4995.287322023116,4110.0,885.2873220231158,18,2023-12-30,52,4_Strong surge (>2.0)
2023-12-30 19:00:00,422,455.2730686544194,339.64296167514755,530.9033393239013,56,7.403508771929824,0,2.5,25.0,20.62,254.278937633466,5243.231694002069,4220.0,1023.2316940020692,19,2023-12-30,52,4_Strong surge (>2.0)
2023-12-30 20:00:00,333,322.7065749310263,289.4805054638144,502.1570169101921,56,5.842105263157895,0,2.5,25.0,21.71,193.54517859977287,4201.86582740107,3330.0,871.8658274010704,20,2023-12-30,52,4_Strong surge (>2.0)
2023-12-30 21:00:00,169,185.3385519853054,174.65690312179083,205.32707491281465,51,3.25,0,2.0725,20.725,21.46,99.02523968724653,2125.08164368831,1690.0,435.0816436883101,21,2023-12-30,52,4_Strong surge (>2.0)
2023-12-30 22:00:00,92,81.80407319450963,81.80407319450963,108.88881135334957,53,1.7037037037037035,0,1.2855,12.855,19.31,58.041714911193786,1120.785514935152,920.0,200.78551493515192,22,2023-12-30,52,3_Mild surge (1.2-2.0)
2023-12-30 23:00:00,59,65.17177564406988,52.14624024868724,68.74316737719896,48,1.2040816326530612,0,1.0606,10.606,17.13,40.47826204418017,693.3926288168062,590.0,103.39262881680622,23,2023-12-30,52,3_Mild surge (1.2-2.0)
2023-12-31 00:00:00,105,155.66307791674757,106.4955689598514,235.02398418430647,25,4.038461538461538,1,2.2092,22.092,18.37,68.59822678581175,1260.1494260553618,1050.0,210.1494260553618,0,2023-12-31,52,4_Strong surge (>2.0)
